time_minutes,Applied_Voltage,Leakage_Current
0,1.007554,3.85e-09
30,4.011488,1.03e-08
60,7.021188,1.87e-08
90,10.06371,2.69e-08
120,13.05175,3.49e-08
150,16.06106,4.26e-08
180,19.06839,4.99e-08
210,22.05592,5.69e-08
240,25.11939,6.5e-08
270,28.10904,7.28e-08
300,31.11531,8.09e-08
330,34.10518,8.91e-08
360,37.10891,9.75e-08
390,40.15341,1.06e-07
420,43.15983,1.15e-07
450,46.14858,1.25e-07
480,49.15611,1.37e-07
510,52.16451,1.49e-07
540,55.2085,1.61e-07
570,58.21496,1.67e-07
600,61.20321,1.84e-07
630,64.20985,1.97e-07
660,67.19885,2.1e-07
690,70.26025,2.23e-07
720,73.24953,2.36e-07
750,76.25942,2.48e-07
780,79.24762,2.61e-07
810,82.25636,2.75e-07
840,85.3035,2.88e-07
870,88.30963,3.01e-07
900,91.2991,3.15e-07
930,94.30942,3.29e-07
960,97.31769,3.42e-07
990,100.3619,3.56e-07
1020,103.3722,3.71e-07
1050,106.3603,3.84e-07
1080,109.3687,3.99e-07
1110,112.3556,4.13e-07
1140,115.4195,4.28e-07
1170,118.4096,4.42e-07
1200,121.4169,4.57e-07
1230,124.4072,4.73e-07
1260,127.4151,4.87e-07
1290,130.4603,5.04e-07
1320,133.4702,5.19e-07
1350,136.459,5.35e-07
1380,139.4665,5.51e-07
1410,142.4759,5.68e-07
1440,145.5204,5.85e-07
1470,148.5282,6.02e-07
1500,151.5189,6.18e-07
1530,154.5264,6.36e-07
1560,157.5148,6.54e-07
1590,160.5777,6.72e-07
1620,163.5663,6.91e-07
1650,166.5736,7.1e-07
1680,169.5635,7.28e-07
1710,172.5697,7.5e-07
1740,175.616,7.69e-07
1770,178.6215,7.88e-07
1800,181.6111,8.1e-07
1830,184.6185,8.28e-07
1860,187.6222,8.48e-07
1890,190.6671,8.71e-07
1920,193.6742,8.88e-07
1950,196.6619,9.1e-07
1980,199.6691,9.31e-07
2010,202.6574,9.49e-07
2040,205.7227,9.74e-07
2070,208.7132,9.93e-07
2100,211.7189,1.01e-06
2130,214.7087,1.04e-06
2160,217.7302,1.05e-06
2190,220.3952,1.05e-06
2220,223.7581,1.05e-06
2250,226.7476,1.07e-06
2280,229.756,1.09e-06
2310,232.7651,1.1e-06
2340,235.8086,1.13e-06
2370,238.8181,1.15e-06
2400,241.8077,1.17e-06
2430,244.8167,1.19e-06
2460,247.8062,1.21e-06
2490,250.8704,1.23e-06
2520,253.8597,1.25e-06
2550,256.8691,1.27e-06
2580,259.8579,1.29e-06
2610,262.8622,1.31e-06
2640,265.9084,1.33e-06
2670,268.9152,1.36e-06
2700,271.9226,1.38e-06
2730,274.9134,1.4e-06
2760,277.9213,1.42e-06
2790,280.9671,1.44e-06
2820,283.9752,1.47e-06
2850,286.9661,1.49e-06
2880,289.9743,1.51e-06
2910,292.9635,1.53e-06
2940,296.0258,1.56e-06
2970,299.0174,1.58e-06
3000,302.026,1.6e-06
3030,305.0146,1.62e-06
3060,308.078,1.65e-06
3090,311.0659,1.67e-06
3120,314.0738,1.69e-06
3150,317.0807,1.72e-06
3180,320.0702,1.74e-06
3210,323.1161,1.77e-06
3240,326.1217,1.79e-06
3270,329.1296,1.81e-06
3300,332.1188,1.84e-06
3330,335.1247,1.86e-06
3360,338.1696,1.89e-06
3390,341.1738,1.91e-06
3420,344.1632,1.94e-06
3450,347.1692,1.96e-06
3480,350.1592,1.99e-06
3510,353.2217,2.01e-06
3540,356.21,2.04e-06
3570,359.2186,2.07e-06
3600,362.2262,2.09e-06
3630,365.2149,2.12e-06
3660,368.2599,2.14e-06
3690,371.2683,2.17e-06
3720,374.2737,2.2e-06
3750,377.2621,2.22e-06
3780,380.2716,2.25e-06
3810,383.3166,2.28e-06
3840,386.3245,2.31e-06
3870,389.3144,2.33e-06
3900,392.322,2.36e-06
3930,395.3115,2.39e-06
3960,398.3777,2.42e-06
3990,401.3665,2.44e-06
4020,404.3752,2.47e-06
4050,407.3834,2.5e-06
4080,410.3719,2.53e-06
4110,413.4177,2.56e-06
4140,416.4229,2.59e-06
4170,419.4293,2.62e-06
4200,422.4196,2.65e-06
4230,425.4274,2.68e-06
4260,428.4738,2.71e-06
4290,431.4809,2.73e-06
4320,434.4713,2.76e-06
4350,437.4801,2.79e-06
4380,440.4693,2.83e-06
4410,443.5327,2.86e-06
4440,446.5243,2.89e-06
4470,449.5306,2.92e-06
4500,452.5374,2.95e-06
4530,455.5267,2.98e-06
4560,458.5724,3.01e-06
4590,461.5806,3.04e-06
4620,464.5861,3.08e-06
4650,467.5763,3.11e-06
4680,470.5821,3.14e-06
4710,473.6284,3.17e-06
4740,476.6353,3.21e-06
4770,479.6263,3.24e-06
4800,482.6325,3.27e-06
4830,485.6382,3.3e-06
4860,488.685,3.34e-06
4890,491.6689,3.37e-06
4920,494.6773,3.41e-06
4950,497.6829,3.44e-06
4980,500.6704,3.47e-06
5010,503.7174,3.51e-06
5040,506.7229,3.54e-06
5070,509.731,3.58e-06
5100,512.7216,3.61e-06
5130,515.728,3.65e-06
5160,518.7724,3.68e-06
5190,521.78,3.72e-06
5220,524.7667,3.76e-06
5250,527.7756,3.79e-06
5280,530.7835,3.83e-06
5310,533.8296,3.87e-06
5340,536.8196,3.9e-06
5370,539.8279,3.94e-06
5400,542.8352,3.98e-06
5430,545.8265,4.02e-06
5460,548.8738,4.05e-06
5490,551.8817,4.09e-06
5520,554.8886,4.13e-06
5550,557.8805,4.17e-06
5580,560.8896,4.21e-06
5610,563.933,4.25e-06
5640,566.9368,4.29e-06
5670,569.9282,4.33e-06
5700,572.9365,4.37e-06
5730,575.9457,4.41e-06
5760,578.9899,4.45e-06
5790,581.9794,4.49e-06
5820,584.9874,4.53e-06
5850,587.9969,4.57e-06
5880,590.9866,4.61e-06
5910,594.0328,4.66e-06
5940,597.0408,4.7e-06
5970,600.0488,4.74e-06
6000,1.007328,5.61e-09
6030,4.013,1.2e-08
6060,7.019596,1.98e-08
6090,10.06563,2.86e-08
6120,13.05458,3.7e-08
6150,16.0619,4.49e-08
6180,19.07022,5.23e-08
6210,22.05605,5.97e-08
6240,25.12002,6.88e-08
6270,28.10977,7.69e-08
6300,31.11608,8.55e-08
6330,34.10432,9.34e-08
6360,37.10812,1.02e-07
6390,40.15437,1.1e-07
6420,43.16221,1.2e-07
6450,46.15014,1.31e-07
6480,49.15701,1.42e-07
6510,52.16502,1.55e-07
6540,55.21086,1.67e-07
6570,58.21545,1.73e-07
6600,61.20464,1.9e-07
6630,64.21047,2.03e-07
6660,67.20087,2.16e-07
6690,70.2625,2.29e-07
6720,73.25133,2.42e-07
6750,76.2597,2.55e-07
6780,79.24879,2.68e-07
6810,82.25693,2.81e-07
6840,85.30342,2.94e-07
6870,88.31148,3.08e-07
6900,91.30064,3.21e-07
6930,94.31077,3.35e-07
6960,97.31926,3.49e-07
6990,100.3641,3.63e-07
7020,103.3717,3.77e-07
7050,106.361,3.91e-07
7080,109.3694,4.05e-07
7110,112.3547,4.19e-07
7140,115.4181,4.34e-07
7170,118.4089,4.48e-07
7200,121.4174,4.64e-07
7230,124.4068,4.79e-07
7260,127.4148,4.94e-07
7290,130.4615,5.11e-07
7320,133.4701,5.25e-07
7350,136.4585,5.41e-07
7380,139.4675,5.58e-07
7410,142.4751,5.74e-07
7440,145.5198,5.91e-07
7470,148.5288,6.07e-07
7500,151.5196,6.24e-07
7530,154.5251,6.43e-07
7560,157.5151,6.6e-07
7590,160.5776,6.8e-07
7620,163.5659,6.99e-07
7650,166.5743,7.16e-07
7680,169.5638,7.36e-07
7710,172.5697,7.56e-07
7740,175.6157,7.74e-07
7770,178.6218,7.95e-07
7800,181.6118,8.14e-07
7830,184.6193,8.34e-07
7860,187.6231,8.56e-07
7890,190.6687,8.76e-07
7920,193.6747,8.95e-07
7950,196.6634,9.17e-07
7980,199.672,9.36e-07
8010,202.6594,9.57e-07
8040,205.7228,9.8e-07
8070,208.7135,9.97e-07
8100,211.7207,1.02e-06
8130,214.7087,1.04e-06
8160,217.7274,1.05e-06
8190,220.155,1.05e-06
8220,223.7586,1.05e-06
8250,226.7477,1.07e-06
8280,229.7562,1.09e-06
8310,232.7654,1.11e-06
8340,235.8101,1.13e-06
8370,238.8191,1.15e-06
8400,241.8086,1.17e-06
8430,244.8163,1.19e-06
8460,247.8071,1.21e-06
8490,250.8703,1.23e-06
8520,253.8594,1.25e-06
8550,256.8685,1.27e-06
8580,259.857,1.29e-06
8610,262.8628,1.32e-06
8640,265.9092,1.34e-06
8670,268.9156,1.36e-06
8700,271.9245,1.38e-06
8730,274.914,1.4e-06
8760,277.9209,1.42e-06
8790,280.9669,1.45e-06
8820,283.9769,1.47e-06
8850,286.965,1.49e-06
8880,289.9743,1.51e-06
8910,292.9635,1.53e-06
8940,296.0271,1.56e-06
8970,299.0167,1.58e-06
9000,302.0262,1.6e-06
9030,305.0149,1.63e-06
9060,308.0776,1.65e-06
9090,311.066,1.67e-06
9120,314.0751,1.7e-06
9150,317.0812,1.72e-06
9180,320.0687,1.74e-06
9210,323.1158,1.77e-06
9240,326.1221,1.79e-06
9270,329.1303,1.81e-06
9300,332.1187,1.84e-06
9330,335.1254,1.86e-06
9360,338.17,1.89e-06
9390,341.174,1.91e-06
9420,344.1633,1.94e-06
9450,347.1713,1.96e-06
9480,350.1598,1.99e-06
9510,353.2224,2.01e-06
9540,356.2099,2.04e-06
9570,359.2186,2.06e-06
9600,362.2272,2.09e-06
9630,365.2161,2.12e-06
9660,368.2598,2.14e-06
9690,371.2678,2.17e-06
9720,374.273,2.19e-06
9750,377.262,2.22e-06
9780,380.2716,2.25e-06
9810,383.3165,2.27e-06
9840,386.3246,2.3e-06
9870,389.3154,2.33e-06
9900,392.3224,2.36e-06
9930,395.3116,2.38e-06
9960,398.3777,2.41e-06
9990,401.3668,2.44e-06
10020,404.3744,2.47e-06
10050,407.3819,2.5e-06
10080,410.3705,2.52e-06
10110,413.4163,2.55e-06
10140,416.4221,2.58e-06
10170,419.4299,2.61e-06
10200,422.4211,2.64e-06
10230,425.4279,2.67e-06
10260,428.4738,2.7e-06
10290,431.4818,2.73e-06
10320,434.4717,2.76e-06
10350,437.4807,2.79e-06
10380,440.47,2.82e-06
10410,443.5318,2.85e-06
10440,446.5228,2.88e-06
10470,449.5304,2.91e-06
10500,452.5376,2.94e-06
10530,455.5288,2.97e-06
10560,458.5732,3e-06
10590,461.5797,3.03e-06
10620,464.586,3.06e-06
10650,467.5757,3.1e-06
10680,470.5834,3.13e-06
10710,473.6284,3.16e-06
10740,476.6352,3.19e-06
10770,479.6253,3.23e-06
10800,482.6331,3.26e-06
10830,485.6383,3.29e-06
10860,488.6842,3.33e-06
10890,491.6666,3.36e-06
10920,494.6772,3.39e-06
10950,497.6827,3.43e-06
10980,500.6734,3.46e-06
11010,503.7177,3.49e-06
11040,506.7244,3.53e-06
11070,509.7319,3.56e-06
11100,512.7216,3.6e-06
11130,515.7288,3.63e-06
11160,518.7729,3.67e-06
11190,521.7801,3.7e-06
11220,524.7701,3.74e-06
11250,527.7756,3.78e-06
11280,530.7838,3.81e-06
11310,533.8302,3.85e-06
11340,536.8216,3.89e-06
11370,539.8291,3.92e-06
11400,542.8372,3.96e-06
11430,545.8264,4e-06
11460,548.8737,4.04e-06
11490,551.8811,4.07e-06
11520,554.889,4.11e-06
11550,557.8804,4.15e-06
11580,560.8879,4.19e-06
11610,563.9315,4.23e-06
11640,566.9371,4.27e-06
11670,569.9282,4.31e-06
11700,572.9346,4.35e-06
11730,575.9444,4.39e-06
11760,578.9918,4.43e-06
11790,581.9797,4.47e-06
11820,584.9872,4.51e-06
11850,587.9984,4.55e-06
11880,590.9854,4.59e-06
11910,594.0339,4.63e-06
11940,597.04,4.68e-06
11970,600.0493,4.72e-06
12000,1.007544,3.87e-09
12030,4.012818,9.84e-09
12060,7.020622,1.72e-08
12090,10.06712,2.5e-08
12120,13.05298,3.23e-08
12150,16.06063,3.93e-08
12180,19.06981,4.61e-08
12210,22.05886,5.26e-08
12240,25.11886,6.02e-08
12270,28.10963,6.76e-08
12300,31.117,7.52e-08
12330,34.10474,8.26e-08
12360,37.10919,9e-08
12390,40.15348,9.78e-08
12420,43.16329,1.06e-07
12450,46.15052,1.17e-07
12480,49.15695,1.27e-07
12510,52.16578,1.38e-07
12540,55.21102,1.49e-07
12570,58.21588,1.55e-07
12600,61.20414,1.71e-07
12630,64.21207,1.83e-07
12660,67.20079,1.95e-07
12690,70.26233,2.07e-07
12720,73.25152,2.19e-07
12750,76.26191,2.31e-07
12780,79.24922,2.43e-07
12810,82.25669,2.55e-07
12840,85.30381,2.68e-07
12870,88.31175,2.8e-07
12900,91.30058,2.92e-07
12930,94.31123,3.05e-07
12960,97.31842,3.18e-07
12990,100.3644,3.31e-07
13020,103.3713,3.44e-07
13050,106.3616,3.57e-07
13080,109.3699,3.71e-07
13110,112.3551,3.84e-07
13140,115.4182,3.97e-07
13170,118.4096,4.11e-07
13200,121.4171,4.25e-07
13230,124.4062,4.39e-07
13260,127.4157,4.53e-07
13290,130.4616,4.68e-07
13320,133.4692,4.82e-07
13350,136.4588,4.97e-07
13380,139.466,5.12e-07
13410,142.4752,5.27e-07
13440,145.519,5.43e-07
13470,148.527,5.59e-07
13500,151.5182,5.73e-07
13530,154.5243,5.89e-07
13560,157.5146,6.05e-07
13590,160.5786,6.23e-07
13620,163.5656,6.4e-07
13650,166.5736,6.56e-07
13680,169.5628,6.74e-07
13710,172.5697,6.95e-07
13740,175.6144,7.11e-07
13770,178.6228,7.3e-07
13800,181.6117,7.49e-07
13830,184.6178,7.65e-07
13860,187.623,7.86e-07
13890,190.668,8.06e-07
13920,193.675,8.23e-07
13950,196.6634,8.44e-07
13980,199.6716,8.63e-07
14010,202.6602,8.82e-07
14040,205.7236,9.06e-07
14070,208.715,9.22e-07
14100,211.7211,9.43e-07
14130,214.7096,9.63e-07
14160,217.7173,9.81e-07
14190,220.7596,1e-06
14220,223.7679,1.02e-06
14250,226.7573,1.04e-06
14280,229.7345,1.05e-06
14310,232.1792,1.05e-06
14340,235.8118,1.05e-06
14370,238.8198,1.07e-06
14400,241.8085,1.09e-06
14430,244.8191,1.11e-06
14460,247.8095,1.13e-06
14490,250.8728,1.15e-06
14520,253.8625,1.17e-06
14550,256.8702,1.19e-06
14580,259.8597,1.21e-06
14610,262.8635,1.23e-06
14640,265.9101,1.25e-06
14670,268.9174,1.27e-06
14700,271.9262,1.29e-06
14730,274.9159,1.31e-06
14760,277.9218,1.33e-06
14790,280.968,1.35e-06
14820,283.9762,1.37e-06
14850,286.9666,1.39e-06
14880,289.9745,1.41e-06
14910,292.9636,1.43e-06
14940,296.0269,1.46e-06
14970,299.0184,1.48e-06
15000,302.026,1.5e-06
15030,305.015,1.52e-06
15060,308.0797,1.54e-06
15090,311.0677,1.57e-06
15120,314.075,1.59e-06
15150,317.0809,1.61e-06
15180,320.071,1.63e-06
15210,323.1169,1.66e-06
15240,326.1225,1.68e-06
15270,329.1299,1.7e-06
15300,332.1194,1.72e-06
15330,335.127,1.75e-06
15360,338.1712,1.77e-06
15390,341.1754,1.79e-06
15420,344.1644,1.82e-06
15450,347.1718,1.84e-06
15480,350.1595,1.87e-06
15510,353.222,1.89e-06
15540,356.2118,1.91e-06
15570,359.2202,1.94e-06
15600,362.2281,1.96e-06
15630,365.2172,1.99e-06
15660,368.261,2.01e-06
15690,371.268,2.04e-06
15720,374.2753,2.06e-06
15750,377.2636,2.09e-06
15780,380.273,2.11e-06
15810,383.3181,2.14e-06
15840,386.3253,2.17e-06
15870,389.3153,2.19e-06
15900,392.3232,2.22e-06
15930,395.3138,2.24e-06
15960,398.3789,2.27e-06
15990,401.3674,2.3e-06
16020,404.3751,2.32e-06
16050,407.3825,2.35e-06
16080,410.3734,2.38e-06
16110,413.4179,2.4e-06
16140,416.4244,2.43e-06
16170,419.4315,2.46e-06
16200,422.4224,2.49e-06
16230,425.429,2.52e-06
16260,428.4741,2.54e-06
16290,431.4826,2.57e-06
16320,434.472,2.6e-06
16350,437.4821,2.63e-06
16380,440.4701,2.66e-06
16410,443.5339,2.69e-06
16440,446.5242,2.72e-06
16470,449.5297,2.75e-06
16500,452.5394,2.77e-06
16530,455.528,2.8e-06
16560,458.5718,2.83e-06
16590,461.5815,2.86e-06
16620,464.5876,2.9e-06
16650,467.5773,2.93e-06
16680,470.5847,2.96e-06
16710,473.6289,2.99e-06
16740,476.6362,3.02e-06
16770,479.6269,3.05e-06
16800,482.6337,3.08e-06
16830,485.6419,3.11e-06
16860,488.6859,3.14e-06
16890,491.6707,3.18e-06
16920,494.6797,3.21e-06
16950,497.6845,3.24e-06
16980,500.6727,3.27e-06
17010,503.7201,3.31e-06
17040,506.7257,3.34e-06
17070,509.7332,3.37e-06
17100,512.7242,3.41e-06
17130,515.7313,3.44e-06
17160,518.7747,3.47e-06
17190,521.7827,3.51e-06
17220,524.7698,3.54e-06
17250,527.778,3.58e-06
17280,530.7863,3.61e-06
17310,533.8328,3.65e-06
17340,536.8223,3.68e-06
17370,539.8289,3.72e-06
17400,542.8385,3.75e-06
17430,545.8282,3.79e-06
17460,548.8756,3.82e-06
17490,551.8835,3.86e-06
17520,554.8896,3.9e-06
17550,557.8799,3.93e-06
17580,560.8894,3.97e-06
17610,563.9336,4.01e-06
17640,566.9374,4.05e-06
17670,569.9287,4.08e-06
17700,572.9359,4.12e-06
17730,575.9459,4.16e-06
17760,578.9916,4.2e-06
17790,581.9809,4.24e-06
17820,584.9891,4.28e-06
17850,587.9977,4.32e-06
17880,590.9866,4.36e-06
17910,594.0316,4.4e-06
17940,597.0396,4.44e-06
17970,600.0495,4.48e-06
18000,1.009896,4.31e-09
18030,4.013748,1.18e-08
18060,7.020504,1.79e-08
18090,10.06669,2.62e-08
18120,13.05297,3.37e-08
18150,16.05951,4.09e-08
18180,19.06853,4.77e-08
18210,22.05936,5.48e-08
18240,25.11843,6.24e-08
18270,28.11022,6.99e-08
18300,31.1161,7.78e-08
18330,34.10551,8.54e-08
18360,37.11003,9.3e-08
18390,40.15462,1.01e-07
18420,43.16171,1.1e-07
18450,46.15106,1.2e-07
18480,49.1576,1.31e-07
18510,52.16614,1.42e-07
18540,55.21193,1.53e-07
18570,58.21613,1.59e-07
18600,61.20523,1.75e-07
18630,64.21105,1.87e-07
18660,67.20177,1.99e-07
18690,70.26381,2.11e-07
18720,73.25211,2.23e-07
18750,76.26087,2.35e-07
18780,79.25106,2.47e-07
18810,82.25858,2.59e-07
18840,85.30547,2.72e-07
18870,88.3128,2.85e-07
18900,91.30116,2.97e-07
18930,94.31191,3.1e-07
18960,97.31899,3.23e-07
18990,100.3652,3.36e-07
19020,103.3726,3.49e-07
19050,106.3626,3.62e-07
19080,109.3703,3.75e-07
19110,112.356,3.89e-07
19140,115.4199,4.02e-07
19170,118.4105,4.16e-07
19200,121.417,4.3e-07
19230,124.4084,4.44e-07
19260,127.4158,4.58e-07
19290,130.462,4.73e-07
19320,133.4705,4.88e-07
19350,136.4592,5.02e-07
19380,139.4674,5.17e-07
19410,142.4746,5.32e-07
19440,145.5193,5.48e-07
19470,148.5277,5.64e-07
19500,151.5181,5.79e-07
19530,154.5254,5.95e-07
19560,157.5146,6.12e-07
19590,160.5777,6.29e-07
19620,163.5662,6.44e-07
19650,166.5743,6.63e-07
19680,169.5637,6.79e-07
19710,172.5713,6.98e-07
19740,175.6168,7.18e-07
19770,178.6237,7.34e-07
19800,181.6124,7.54e-07
19830,184.6199,7.73e-07
19860,187.623,7.91e-07
19890,190.6691,8.13e-07
19920,193.6748,8.3e-07
19950,196.6635,8.49e-07
19980,199.6717,8.71e-07
20010,202.659,8.88e-07
20040,205.7225,9.1e-07
20070,208.7129,9.29e-07
20100,211.7203,9.47e-07
20130,214.71,9.68e-07
20160,217.7167,9.89e-07
20190,220.7604,1.01e-06
20220,223.7681,1.03e-06
20250,226.7566,1.05e-06
20280,229.6765,1.05e-06
20310,231.7704,1.05e-06
20340,235.8112,1.06e-06
20370,238.8191,1.08e-06
20400,241.8097,1.09e-06
20430,244.8181,1.11e-06
20460,247.8081,1.13e-06
20490,250.8723,1.15e-06
20520,253.8619,1.17e-06
20550,256.8708,1.19e-06
20580,259.8582,1.21e-06
20610,262.8631,1.23e-06
20640,265.91,1.25e-06
20670,268.9165,1.27e-06
20700,271.925,1.29e-06
20730,274.915,1.31e-06
20760,277.9227,1.33e-06
20790,280.9682,1.36e-06
20820,283.9759,1.38e-06
20850,286.9662,1.4e-06
20880,289.9738,1.42e-06
20910,292.9622,1.44e-06
20940,296.0276,1.46e-06
20970,299.0174,1.48e-06
21000,302.0259,1.5e-06
21030,305.016,1.53e-06
21060,308.0787,1.55e-06
21090,311.0673,1.57e-06
21120,314.0749,1.59e-06
21150,317.0812,1.62e-06
21180,320.0706,1.64e-06
21210,323.1164,1.66e-06
21240,326.1238,1.68e-06
21270,329.1313,1.71e-06
21300,332.1201,1.73e-06
21330,335.1267,1.75e-06
21360,338.1709,1.78e-06
21390,341.1736,1.8e-06
21420,344.1649,1.82e-06
21450,347.1719,1.85e-06
21480,350.1606,1.87e-06
21510,353.2223,1.89e-06
21540,356.2129,1.92e-06
21570,359.222,1.94e-06
21600,362.2287,1.97e-06
21630,365.2172,1.99e-06
21660,368.262,2.02e-06
21690,371.2691,2.04e-06
21720,374.2749,2.07e-06
21750,377.264,2.09e-06
21780,380.2734,2.12e-06
21810,383.3192,2.14e-06
21840,386.326,2.17e-06
21870,389.3169,2.2e-06
21900,392.3238,2.22e-06
21930,395.3141,2.25e-06
21960,398.3801,2.27e-06
21990,401.3689,2.3e-06
22020,404.3778,2.33e-06
22050,407.3846,2.35e-06
22080,410.3743,2.38e-06
22110,413.4191,2.41e-06
22140,416.4238,2.44e-06
22170,419.4328,2.46e-06
22200,422.4212,2.49e-06
22230,425.4283,2.52e-06
22260,428.4747,2.55e-06
22290,431.4833,2.58e-06
22320,434.4719,2.6e-06
22350,437.4814,2.63e-06
22380,440.47,2.66e-06
22410,443.5336,2.69e-06
22440,446.5241,2.72e-06
22470,449.5314,2.75e-06
22500,452.5385,2.78e-06
22530,455.5294,2.81e-06
22560,458.5727,2.84e-06
22590,461.5804,2.87e-06
22620,464.5883,2.9e-06
22650,467.5771,2.93e-06
22680,470.5847,2.96e-06
22710,473.6306,2.99e-06
22740,476.6357,3.02e-06
22770,479.627,3.05e-06
22800,482.634,3.08e-06
22830,485.6417,3.12e-06
22860,488.6843,3.15e-06
22890,491.6707,3.18e-06
22920,494.6782,3.21e-06
22950,497.6858,3.24e-06
22980,500.6737,3.28e-06
23010,503.7199,3.31e-06
23040,506.7267,3.34e-06
23070,509.7341,3.38e-06
23100,512.7244,3.41e-06
23130,515.73,3.44e-06
23160,518.7749,3.48e-06
23190,521.7817,3.51e-06
23220,524.7708,3.55e-06
23250,527.7785,3.58e-06
23280,530.7853,3.61e-06
23310,533.8309,3.65e-06
23340,536.8209,3.68e-06
23370,539.8285,3.72e-06
23400,542.8378,3.76e-06
23430,545.8276,3.79e-06
23460,548.8742,3.83e-06
23490,551.8835,3.86e-06
23520,554.8911,3.9e-06
23550,557.8802,3.94e-06
23580,560.8905,3.97e-06
23610,563.9349,4.01e-06
23640,566.9396,4.05e-06
23670,569.9295,4.09e-06
23700,572.9362,4.13e-06
23730,575.9454,4.16e-06
23760,578.9921,4.2e-06
23790,581.9797,4.24e-06
23820,584.9883,4.28e-06
23850,587.9979,4.32e-06
23880,590.9877,4.36e-06
23910,594.0345,4.4e-06
23940,597.0413,4.44e-06
23970,600.0503,4.48e-06
24000,1.007762,4.23e-09
24030,4.013531,1.14e-08
24060,7.02066,1.7e-08
24090,10.0648,2.52e-08
24120,13.05243,3.26e-08
24150,16.06089,3.94e-08
24180,19.06961,4.6e-08
24210,22.05961,5.28e-08
24240,25.12043,6.03e-08
24270,28.11069,6.75e-08
24300,31.11584,7.5e-08
24330,34.10628,8.22e-08
24360,37.10955,8.95e-08
24390,40.15419,9.71e-08
24420,43.1625,1.07e-07
24450,46.15003,1.17e-07
24480,49.15583,1.27e-07
24510,52.16498,1.38e-07
24540,55.21093,1.49e-07
24570,58.21636,1.55e-07
24600,61.20452,1.7e-07
24630,64.21127,1.82e-07
24660,67.20045,1.94e-07
24690,70.26259,2.05e-07
24720,73.25174,2.17e-07
24750,76.2613,2.29e-07
24780,79.25003,2.4e-07
24810,82.25786,2.52e-07
24840,85.30448,2.65e-07
24870,88.31114,2.77e-07
24900,91.29967,2.89e-07
24930,94.31114,3.02e-07
24960,97.31827,3.14e-07
24990,100.3647,3.27e-07
25020,103.371,3.4e-07
25050,106.3605,3.53e-07
25080,109.3698,3.66e-07
25110,112.3552,3.79e-07
25140,115.4198,3.92e-07
25170,118.4094,4.05e-07
25200,121.4181,4.19e-07
25230,124.407,4.32e-07
25260,127.4139,4.46e-07
25290,130.4612,4.61e-07
25320,133.4698,4.75e-07
25350,136.4574,4.89e-07
25380,139.4653,5.04e-07
25410,142.4755,5.18e-07
25440,145.5191,5.34e-07
25470,148.5276,5.49e-07
25500,151.518,5.64e-07
25530,154.5249,5.8e-07
25560,157.5151,5.95e-07
25590,160.577,6.12e-07
25620,163.5656,6.28e-07
25650,166.5739,6.43e-07
25680,169.5642,6.61e-07
25710,172.5704,6.79e-07
25740,175.6164,6.97e-07
25770,178.6235,7.17e-07
25800,181.6123,7.33e-07
25830,184.618,7.52e-07
25860,187.6217,7.72e-07
25890,190.6678,7.89e-07
25920,193.6736,8.08e-07
25950,196.662,8.27e-07
25980,199.6714,8.44e-07
26010,202.6591,8.65e-07
26040,205.723,8.86e-07
26070,208.7133,9.02e-07
26100,211.7211,9.25e-07
26130,214.7085,9.43e-07
26160,217.7164,9.63e-07
26190,220.7596,9.86e-07
26220,223.7679,1e-06
26250,226.757,1.02e-06
26280,229.7652,1.04e-06
26310,232.7837,1.05e-06
26340,235.8099,1.03e-06
26370,238.8199,1.05e-06
26400,241.8082,1.07e-06
26430,244.8177,1.09e-06
26460,247.8085,1.11e-06
26490,250.8714,1.13e-06
26520,253.8628,1.15e-06
26550,256.8712,1.16e-06
26580,259.8591,1.18e-06
26610,262.8629,1.2e-06
26640,265.9099,1.22e-06
26670,268.9171,1.24e-06
26700,271.9249,1.26e-06
26730,274.9148,1.28e-06
26760,277.9224,1.3e-06
26790,280.9678,1.32e-06
26820,283.9772,1.34e-06
26850,286.9673,1.37e-06
26880,289.9745,1.39e-06
26910,292.9641,1.41e-06
26940,296.028,1.43e-06
26970,299.0177,1.45e-06
27000,302.0255,1.47e-06
27030,305.0144,1.49e-06
27060,308.0782,1.51e-06
27090,311.0661,1.54e-06
27120,314.0742,1.56e-06
27150,317.0797,1.58e-06
27180,320.0701,1.6e-06
27210,323.1155,1.62e-06
27240,326.1226,1.65e-06
27270,329.1299,1.67e-06
27300,332.1197,1.69e-06
27330,335.1266,1.71e-06
27360,338.1697,1.74e-06
27390,341.1758,1.76e-06
27420,344.1635,1.78e-06
27450,347.1711,1.81e-06
27480,350.1595,1.83e-06
27510,353.2224,1.85e-06
27540,356.2116,1.88e-06
27570,359.2191,1.9e-06
27600,362.2278,1.92e-06
27630,365.2182,1.95e-06
27660,368.2616,1.97e-06
27690,371.2701,2e-06
27720,374.2759,2.02e-06
27750,377.264,2.05e-06
27780,380.2738,2.07e-06
27810,383.3179,2.1e-06
27840,386.3258,2.12e-06
27870,389.317,2.15e-06
27900,392.3233,2.17e-06
27930,395.3142,2.2e-06
27960,398.3801,2.23e-06
27990,401.3667,2.25e-06
28020,404.377,2.28e-06
28050,407.3847,2.3e-06
28080,410.3732,2.33e-06
28110,413.4193,2.36e-06
28140,416.4242,2.38e-06
28170,419.4324,2.41e-06
28200,422.4216,2.44e-06
28230,425.4275,2.47e-06
28260,428.4749,2.49e-06
28290,431.4815,2.52e-06
28320,434.4727,2.55e-06
28350,437.4822,2.58e-06
28380,440.4706,2.61e-06
28410,443.5344,2.63e-06
28440,446.5242,2.66e-06
28470,449.531,2.69e-06
28500,452.5405,2.72e-06
28530,455.528,2.75e-06
28560,458.5727,2.78e-06
28590,461.5811,2.81e-06
28620,464.5887,2.84e-06
28650,467.5767,2.87e-06
28680,470.5837,2.9e-06
28710,473.6303,2.93e-06
28740,476.6362,2.96e-06
28770,479.6262,2.99e-06
28800,482.634,3.02e-06
28830,485.6416,3.05e-06
28860,488.6853,3.08e-06
28890,491.6709,3.11e-06
28920,494.6786,3.15e-06
28950,497.6843,3.18e-06
28980,500.6728,3.21e-06
29010,503.7192,3.24e-06
29040,506.7245,3.27e-06
29070,509.7322,3.31e-06
29100,512.7237,3.34e-06
29130,515.7302,3.37e-06
29160,518.7762,3.41e-06
29190,521.7833,3.44e-06
29220,524.7711,3.47e-06
29250,527.7794,3.51e-06
29280,530.7861,3.54e-06
29310,533.8317,3.58e-06
29340,536.8212,3.61e-06
29370,539.8278,3.64e-06
29400,542.8394,3.68e-06
29430,545.8276,3.71e-06
29460,548.8738,3.75e-06
29490,551.8839,3.79e-06
29520,554.8907,3.82e-06
29550,557.8806,3.86e-06
29580,560.8909,3.89e-06
29610,563.9342,3.93e-06
29640,566.9388,3.97e-06
29670,569.9292,4.01e-06
29700,572.9357,4.04e-06
29730,575.9448,4.08e-06
29760,578.9898,4.12e-06
29790,581.98,4.16e-06
29820,584.989,4.2e-06
29850,587.9985,4.23e-06
29880,590.9869,4.27e-06
29910,594.0336,4.31e-06
29940,597.0418,4.35e-06
29970,600.0496,4.39e-06
30000,1.008198,3.1e-09
30030,4.014071,1.01e-08
30060,7.020038,1.5e-08
30090,10.06687,2.19e-08
30120,13.05425,2.85e-08
30150,16.06352,3.5e-08
30180,19.07143,4.19e-08
30210,22.06,4.89e-08
30240,25.12105,5.61e-08
30270,28.11227,6.31e-08
30300,31.11853,7e-08
30330,34.10671,7.66e-08
30360,37.11141,8.47e-08
30390,40.15579,9.42e-08
30420,43.16273,1.04e-07
30450,46.153,1.14e-07
30480,49.15911,1.24e-07
30510,52.16812,1.35e-07
30540,55.21193,1.45e-07
30570,58.21743,1.51e-07
30600,61.20604,1.66e-07
30630,64.21288,1.77e-07
30660,67.20296,1.88e-07
30690,70.26511,2e-07
30720,73.25343,2.11e-07
30750,76.26236,2.22e-07
30780,79.25056,2.33e-07
30810,82.25896,2.45e-07
30840,85.30547,2.57e-07
30870,88.31168,2.69e-07
30900,91.30253,2.81e-07
30930,94.31321,2.93e-07
30960,97.31996,3.05e-07
30990,100.3648,3.17e-07
31020,103.3727,3.3e-07
31050,106.3617,3.42e-07
31080,109.3707,3.55e-07
31110,112.3564,3.68e-07
31140,115.4196,3.8e-07
31170,118.4092,3.94e-07
31200,121.4171,4.06e-07
31230,124.4079,4.19e-07
31260,127.4145,4.33e-07
31290,130.4613,4.47e-07
31320,133.471,4.6e-07
31350,136.4589,4.74e-07
31380,139.4657,4.89e-07
31410,142.4766,5.02e-07
31440,145.5199,5.17e-07
31470,148.5282,5.32e-07
31500,151.5185,5.46e-07
31530,154.526,5.62e-07
31560,157.5154,5.76e-07
31590,160.5777,5.92e-07
31620,163.5663,6.08e-07
31650,166.5747,6.24e-07
31680,169.5639,6.39e-07
31710,172.571,6.57e-07
31740,175.6167,6.74e-07
31770,178.6232,6.91e-07
31800,181.6128,7.1e-07
31830,184.6206,7.26e-07
31860,187.6226,7.45e-07
31890,190.6687,7.64e-07
31920,193.6757,7.8e-07
31950,196.6625,8e-07
31980,199.6723,8.18e-07
32010,202.6595,8.36e-07
32040,205.7237,8.59e-07
32070,208.713,8.75e-07
32100,211.7212,8.94e-07
32130,214.7103,9.15e-07
32160,217.7182,9.32e-07
32190,220.762,9.53e-07
32220,223.7681,9.72e-07
32250,226.7584,9.89e-07
32280,229.7661,1.01e-06
32310,232.7755,1.03e-06
32340,235.8205,1.05e-06
32370,238.6995,1.05e-06
32400,240.8714,1.05e-06
32430,244.8175,1.06e-06
32460,247.8084,1.07e-06
32490,250.8729,1.09e-06
32520,253.862,1.11e-06
32550,256.8702,1.13e-06
32580,259.8597,1.15e-06
32610,262.8636,1.17e-06
32640,265.9093,1.19e-06
32670,268.9177,1.21e-06
32700,271.9255,1.23e-06
32730,274.9146,1.25e-06
32760,277.9232,1.27e-06
32790,280.9682,1.29e-06
32820,283.9778,1.31e-06
32850,286.9675,1.33e-06
32880,289.9753,1.35e-06
32910,292.9642,1.37e-06
32940,296.026,1.39e-06
32970,299.0169,1.41e-06
33000,302.0258,1.43e-06
33030,305.0161,1.45e-06
33060,308.0789,1.47e-06
33090,311.067,1.49e-06
33120,314.0752,1.51e-06
33150,317.0813,1.54e-06
33180,320.0721,1.56e-06
33210,323.1167,1.58e-06
33240,326.1242,1.6e-06
33270,329.1309,1.62e-06
33300,332.1197,1.64e-06
33330,335.1262,1.67e-06
33360,338.1717,1.69e-06
33390,341.1762,1.71e-06
33420,344.1635,1.73e-06
33450,347.1729,1.76e-06
33480,350.161,1.78e-06
33510,353.2229,1.8e-06
33540,356.2127,1.83e-06
33570,359.2216,1.85e-06
33600,362.2299,1.87e-06
33630,365.2187,1.9e-06
33660,368.2623,1.92e-06
33690,371.2709,1.94e-06
33720,374.277,1.97e-06
33750,377.2645,1.99e-06
33780,380.2732,2.02e-06
33810,383.3178,2.04e-06
33840,386.3264,2.07e-06
33870,389.3163,2.09e-06
33900,392.3243,2.12e-06
33930,395.315,2.14e-06
33960,398.3801,2.17e-06
33990,401.3681,2.19e-06
34020,404.3766,2.22e-06
34050,407.3842,2.24e-06
34080,410.3737,2.27e-06
34110,413.4192,2.3e-06
34140,416.4234,2.32e-06
34170,419.4313,2.35e-06
34200,422.4224,2.38e-06
34230,425.428,2.4e-06
34260,428.4741,2.43e-06
34290,431.4826,2.46e-06
34320,434.4732,2.48e-06
34350,437.4821,2.51e-06
34380,440.4695,2.54e-06
34410,443.5348,2.57e-06
34440,446.5234,2.6e-06
34470,449.5302,2.62e-06
34500,452.5388,2.65e-06
34530,455.5297,2.68e-06
34560,458.5736,2.71e-06
34590,461.5821,2.74e-06
34620,464.5871,2.77e-06
34650,467.5767,2.8e-06
34680,470.5848,2.83e-06
34710,473.6307,2.86e-06
34740,476.6368,2.89e-06
34770,479.6272,2.92e-06
34800,482.6337,2.95e-06
34830,485.6418,2.98e-06
34860,488.6842,3.01e-06
34890,491.6701,3.04e-06
34920,494.6788,3.07e-06
34950,497.6845,3.1e-06
34980,500.6735,3.13e-06
35010,503.7183,3.16e-06
35040,506.7273,3.19e-06
35070,509.7322,3.23e-06
35100,512.7238,3.26e-06
35130,515.7307,3.29e-06
35160,518.7752,3.32e-06
35190,521.7815,3.36e-06
35220,524.7722,3.39e-06
35250,527.7786,3.42e-06
35280,530.786,3.45e-06
35310,533.8301,3.49e-06
35340,536.8231,3.52e-06
35370,539.8303,3.56e-06
35400,542.8388,3.59e-06
35430,545.8284,3.62e-06
35460,548.8751,3.66e-06
35490,551.8836,3.69e-06
35520,554.8902,3.73e-06
35550,557.8811,3.77e-06
35580,560.8904,3.8e-06
35610,563.9346,3.84e-06
35640,566.9382,3.87e-06
35670,569.9299,3.91e-06
35700,572.9363,3.95e-06
35730,575.9462,3.98e-06
35760,578.9902,4.02e-06
35790,581.9811,4.06e-06
35820,584.9883,4.1e-06
35850,587.9969,4.13e-06
35880,590.9855,4.17e-06
35910,594.0322,4.21e-06
35940,597.0424,4.25e-06
35970,600.0498,4.29e-06
36000,1.008744,3.4e-09
36030,4.013517,9.87e-09
36060,7.02075,1.45e-08
36090,10.06643,2.14e-08
36120,13.05381,2.82e-08
36150,16.06302,3.46e-08
36180,19.06988,4.14e-08
36210,22.05927,4.84e-08
36240,25.11951,5.56e-08
36270,28.11178,6.24e-08
36300,31.11827,6.94e-08
36330,34.10489,7.62e-08
36360,37.10892,8.37e-08
36390,40.15445,9.32e-08
36420,43.16248,1.03e-07
36450,46.15174,1.13e-07
36480,49.15734,1.23e-07
36510,52.16444,1.33e-07
36540,55.20963,1.44e-07
36570,58.21612,1.49e-07
36600,61.20571,1.64e-07
36630,64.21215,1.76e-07
36660,67.20111,1.87e-07
36690,70.26418,1.98e-07
36720,73.25304,2.09e-07
36750,76.26196,2.2e-07
36780,79.25105,2.31e-07
36810,82.25993,2.43e-07
36840,85.30531,2.55e-07
36870,88.31156,2.66e-07
36900,91.30171,2.78e-07
36930,94.31277,2.9e-07
36960,97.3202,3.02e-07
36990,100.3647,3.15e-07
37020,103.3729,3.27e-07
37050,106.3625,3.4e-07
37080,109.3707,3.52e-07
37110,112.3564,3.65e-07
37140,115.42,3.77e-07
37170,118.4101,3.9e-07
37200,121.4181,4.03e-07
37230,124.4073,4.16e-07
37260,127.4158,4.29e-07
37290,130.462,4.43e-07
37320,133.4718,4.57e-07
37350,136.4595,4.7e-07
37380,139.4665,4.85e-07
37410,142.4764,4.98e-07
37440,145.52,5.13e-07
37470,148.528,5.27e-07
37500,151.5172,5.42e-07
37530,154.5257,5.58e-07
37560,157.5151,5.72e-07
37590,160.577,5.88e-07
37620,163.5661,6.03e-07
37650,166.5744,6.18e-07
37680,169.5647,6.35e-07
37710,172.5715,6.51e-07
37740,175.6165,6.68e-07
37770,178.6236,6.86e-07
37800,181.6134,7.02e-07
37830,184.62,7.2e-07
37860,187.6232,7.41e-07
37890,190.6678,7.58e-07
37920,193.6746,7.75e-07
37950,196.6647,7.95e-07
37980,199.6722,8.11e-07
38010,202.659,8.3e-07
38040,205.7242,8.51e-07
38070,208.7153,8.66e-07
38100,211.7208,8.87e-07
38130,214.7106,9.05e-07
38160,217.7171,9.25e-07
38190,220.7616,9.47e-07
38220,223.7681,9.64e-07
38250,226.7591,9.83e-07
38280,229.7669,1e-06
38310,232.7758,1.02e-06
38340,235.8205,1.04e-06
38370,238.8251,1.05e-06
38400,241.3226,1.05e-06
38430,244.819,1.05e-06
38460,247.8099,1.07e-06
38490,250.8723,1.09e-06
38520,253.8618,1.1e-06
38550,256.8701,1.12e-06
38580,259.8603,1.14e-06
38610,262.8625,1.16e-06
38640,265.9107,1.18e-06
38670,268.9169,1.2e-06
38700,271.925,1.22e-06
38730,274.9153,1.24e-06
38760,277.9231,1.26e-06
38790,280.9672,1.28e-06
38820,283.9753,1.3e-06
38850,286.9673,1.32e-06
38880,289.9751,1.34e-06
38910,292.9631,1.36e-06
38940,296.0262,1.38e-06
38970,299.0178,1.4e-06
39000,302.0249,1.42e-06
39030,305.0147,1.44e-06
39060,308.0772,1.46e-06
39090,311.0672,1.48e-06
39120,314.074,1.5e-06
39150,317.0819,1.52e-06
39180,320.0712,1.55e-06
39210,323.1168,1.57e-06
39240,326.1227,1.59e-06
39270,329.1306,1.61e-06
39300,332.1197,1.63e-06
39330,335.1262,1.65e-06
39360,338.1717,1.68e-06
39390,341.1751,1.7e-06
39420,344.1652,1.72e-06
39450,347.1711,1.74e-06
39480,350.1603,1.77e-06
39510,353.2233,1.79e-06
39540,356.2129,1.81e-06
39570,359.2227,1.84e-06
39600,362.2297,1.86e-06
39630,365.2189,1.88e-06
39660,368.2632,1.91e-06
39690,371.2703,1.93e-06
39720,374.2753,1.95e-06
39750,377.2654,1.98e-06
39780,380.2742,2e-06
39810,383.3183,2.03e-06
39840,386.3281,2.05e-06
39870,389.3185,2.08e-06
39900,392.3246,2.1e-06
39930,395.3144,2.13e-06
39960,398.3812,2.15e-06
39990,401.3692,2.18e-06
40020,404.378,2.2e-06
40050,407.3853,2.23e-06
40080,410.3734,2.25e-06
40110,413.4192,2.28e-06
40140,416.4245,2.31e-06
40170,419.4338,2.33e-06
40200,422.4223,2.36e-06
40230,425.4292,2.38e-06
40260,428.4747,2.41e-06
40290,431.4833,2.44e-06
40320,434.4735,2.47e-06
40350,437.4828,2.49e-06
40380,440.4709,2.52e-06
40410,443.5351,2.55e-06
40440,446.5243,2.58e-06
40470,449.53,2.6e-06
40500,452.539,2.63e-06
40530,455.5292,2.66e-06
40560,458.5728,2.69e-06
40590,461.5824,2.72e-06
40620,464.5883,2.75e-06
40650,467.5767,2.77e-06
40680,470.5828,2.8e-06
40710,473.6294,2.83e-06
40740,476.6365,2.86e-06
40770,479.6267,2.89e-06
40800,482.6316,2.92e-06
40830,485.6414,2.95e-06
40860,488.6853,2.98e-06
40890,491.671,3.01e-06
40920,494.6793,3.04e-06
40950,497.6849,3.07e-06
40980,500.6747,3.11e-06
41010,503.7198,3.14e-06
41040,506.7255,3.17e-06
41070,509.7325,3.2e-06
41100,512.7248,3.23e-06
41130,515.7315,3.26e-06
41160,518.7761,3.3e-06
41190,521.7827,3.33e-06
41220,524.7723,3.36e-06
41250,527.7794,3.39e-06
41280,530.7844,3.43e-06
41310,533.8311,3.46e-06
41340,536.823,3.49e-06
41370,539.8286,3.53e-06
41400,542.8395,3.56e-06
41430,545.8301,3.59e-06
41460,548.8745,3.63e-06
41490,551.8833,3.66e-06
41520,554.8902,3.7e-06
41550,557.8795,3.73e-06
41580,560.8898,3.77e-06
41610,563.9332,3.8e-06
41640,566.9385,3.84e-06
41670,569.9274,3.88e-06
41700,572.9374,3.91e-06
41730,575.947,3.95e-06
41760,578.9926,3.99e-06
41790,581.9803,4.02e-06
41820,584.9869,4.06e-06
41850,587.9973,4.1e-06
41880,590.9861,4.14e-06
41910,594.033,4.17e-06
41940,597.0416,4.21e-06
41970,600.0488,4.25e-06
42000,1.007158,4.2e-09
42030,4.012585,1.24e-08
42060,7.020363,1.78e-08
42090,10.06626,2.6e-08
42120,13.05369,3.35e-08
42150,16.06252,4.06e-08
42180,19.07115,4.75e-08
42210,22.05758,5.48e-08
42240,25.12111,6.25e-08
42270,28.10951,6.99e-08
42300,31.11706,7.75e-08
42330,34.1063,8.46e-08
42360,37.10988,9.22e-08
42390,40.1537,1.01e-07
42420,43.1628,1.11e-07
42450,46.15096,1.21e-07
42480,49.1563,1.32e-07
42510,52.16581,1.43e-07
42540,55.21161,1.54e-07
42570,58.21709,1.6e-07
42600,61.20541,1.76e-07
42630,64.21243,1.88e-07
42660,67.20216,1.99e-07
42690,70.26456,2.11e-07
42720,73.25251,2.23e-07
42750,76.26171,2.35e-07
42780,79.25066,2.46e-07
42810,82.25898,2.59e-07
42840,85.30612,2.71e-07
42870,88.31239,2.83e-07
42900,91.30164,2.96e-07
42930,94.31197,3.08e-07
42960,97.32008,3.21e-07
42990,100.3652,3.34e-07
43020,103.3721,3.47e-07
43050,106.3621,3.6e-07
43080,109.3702,3.73e-07
43110,112.3564,3.86e-07
43140,115.4201,3.99e-07
43170,118.4105,4.12e-07
43200,121.4173,4.26e-07
43230,124.408,4.4e-07
43260,127.4162,4.54e-07
43290,130.4621,4.68e-07
43320,133.4705,4.83e-07
43350,136.4596,4.97e-07
43380,139.4672,5.12e-07
43410,142.4763,5.27e-07
43440,145.5201,5.42e-07
43470,148.5277,5.57e-07
43500,151.5194,5.73e-07
43530,154.5252,5.88e-07
43560,157.5136,6.04e-07
43590,160.5786,6.21e-07
43620,163.5656,6.36e-07
43650,166.5727,6.54e-07
43680,169.5632,6.71e-07
43710,172.5704,6.88e-07
43740,175.6161,7.1e-07
43770,178.6239,7.26e-07
43800,181.6118,7.43e-07
43830,184.6198,7.65e-07
43860,187.6229,7.81e-07
43890,190.6689,8.01e-07
43920,193.6753,8.2e-07
43950,196.6639,8.37e-07
43980,199.6714,8.58e-07
44010,202.6586,8.76e-07
44040,205.7243,8.97e-07
44070,208.7145,9.17e-07
44100,211.7209,9.36e-07
44130,214.711,9.55e-07
44160,217.7173,9.77e-07
44190,220.7616,9.95e-07
44220,223.7688,1.01e-06
44250,226.7587,1.03e-06
44280,229.7745,1.05e-06
44310,232.5047,1.05e-06
44340,235.8114,1.04e-06
44370,238.8193,1.06e-06
44400,241.8098,1.08e-06
44430,244.8179,1.1e-06
44460,247.8088,1.12e-06
44490,250.872,1.14e-06
44520,253.8625,1.16e-06
44550,256.8714,1.18e-06
44580,259.8596,1.2e-06
44610,262.8642,1.22e-06
44640,265.9112,1.24e-06
44670,268.916,1.26e-06
44700,271.9264,1.28e-06
44730,274.9155,1.3e-06
44760,277.9235,1.32e-06
44790,280.9692,1.34e-06
44820,283.9775,1.36e-06
44850,286.9658,1.38e-06
44880,289.9756,1.4e-06
44910,292.9627,1.42e-06
44940,296.0271,1.44e-06
44970,299.0163,1.46e-06
45000,302.0255,1.48e-06
45030,305.0154,1.51e-06
45060,308.078,1.53e-06
45090,311.0665,1.55e-06
45120,314.075,1.57e-06
45150,317.0809,1.59e-06
45180,320.0721,1.62e-06
45210,323.1167,1.64e-06
45240,326.1243,1.66e-06
45270,329.1313,1.68e-06
45300,332.1217,1.71e-06
45330,335.1273,1.73e-06
45360,338.1708,1.75e-06
45390,341.1764,1.77e-06
45420,344.1647,1.8e-06
45450,347.1731,1.82e-06
45480,350.161,1.84e-06
45510,353.2239,1.87e-06
45540,356.2136,1.89e-06
45570,359.221,1.92e-06
45600,362.2296,1.94e-06
45630,365.2173,1.96e-06
45660,368.2617,1.99e-06
45690,371.2708,2.01e-06
45720,374.2767,2.04e-06
45750,377.2651,2.06e-06
45780,380.2741,2.09e-06
45810,383.3194,2.11e-06
45840,386.3266,2.14e-06
45870,389.3167,2.16e-06
45900,392.3243,2.19e-06
45930,395.3142,2.22e-06
45960,398.3808,2.24e-06
45990,401.3687,2.27e-06
46020,404.3766,2.29e-06
46050,407.3843,2.32e-06
46080,410.3725,2.35e-06
46110,413.4193,2.37e-06
46140,416.424,2.4e-06
46170,419.4328,2.43e-06
46200,422.422,2.46e-06
46230,425.4299,2.48e-06
46260,428.4754,2.51e-06
46290,431.4821,2.54e-06
46320,434.4741,2.57e-06
46350,437.481,2.59e-06
46380,440.4695,2.62e-06
46410,443.5336,2.65e-06
46440,446.5232,2.68e-06
46470,449.5304,2.71e-06
46500,452.5396,2.74e-06
46530,455.5306,2.77e-06
46560,458.5739,2.8e-06
46590,461.5802,2.83e-06
46620,464.5882,2.86e-06
46650,467.5775,2.89e-06
46680,470.5843,2.92e-06
46710,473.6307,2.95e-06
46740,476.6356,2.98e-06
46770,479.6269,3.01e-06
46800,482.6331,3.04e-06
46830,485.6421,3.07e-06
46860,488.6855,3.1e-06
46890,491.6703,3.13e-06
46920,494.6801,3.17e-06
46950,497.6859,3.2e-06
46980,500.6741,3.23e-06
47010,503.7199,3.26e-06
47040,506.7263,3.29e-06
47070,509.7332,3.33e-06
47100,512.7243,3.36e-06
47130,515.7305,3.39e-06
47160,518.7758,3.43e-06
47190,521.7827,3.46e-06
47220,524.7722,3.49e-06
47250,527.7798,3.53e-06
47280,530.7869,3.56e-06
47310,533.8334,3.6e-06
47340,536.8232,3.63e-06
47370,539.8304,3.67e-06
47400,542.8384,3.7e-06
47430,545.8289,3.74e-06
47460,548.875,3.77e-06
47490,551.8837,3.81e-06
47520,554.8919,3.84e-06
47550,557.882,3.88e-06
47580,560.8901,3.92e-06
47610,563.9342,3.95e-06
47640,566.9372,3.99e-06
47670,569.9307,4.03e-06
47700,572.9373,4.07e-06
47730,575.9465,4.1e-06
47760,578.9922,4.14e-06
47790,581.9807,4.18e-06
47820,584.9893,4.22e-06
47850,587.9979,4.26e-06
47880,590.9865,4.3e-06
47910,594.033,4.34e-06
47940,597.0418,4.38e-06
47970,600.0483,4.42e-06
48000,1.008414,4.48e-09
48030,4.014819,1.33e-08
48060,7.019856,1.86e-08
48090,10.06651,2.69e-08
48120,13.0541,3.46e-08
48150,16.06397,4.19e-08
48180,19.07272,4.9e-08
48210,22.05977,5.64e-08
48240,25.11987,6.42e-08
48270,28.1104,7.18e-08
48300,31.11698,7.97e-08
48330,34.10679,8.73e-08
48360,37.11098,9.5e-08
48390,40.1549,1.03e-07
48420,43.16299,1.13e-07
48450,46.15021,1.24e-07
48480,49.15801,1.35e-07
48510,52.16728,1.46e-07
48540,55.21175,1.57e-07
48570,58.21652,1.64e-07
48600,61.20596,1.8e-07
48630,64.21283,1.92e-07
48660,67.2018,2.03e-07
48690,70.26435,2.16e-07
48720,73.25278,2.27e-07
48750,76.26267,2.4e-07
48780,79.25148,2.52e-07
48810,82.25882,2.64e-07
48840,85.30509,2.77e-07
48870,88.31244,2.89e-07
48900,91.30198,3.02e-07
48930,94.31284,3.15e-07
48960,97.32028,3.28e-07
48990,100.3652,3.41e-07
49020,103.3735,3.54e-07
49050,106.3628,3.68e-07
49080,109.3707,3.81e-07
49110,112.3566,3.94e-07
49140,115.4197,4.08e-07
49170,118.4102,4.21e-07
49200,121.418,4.35e-07
49230,124.4072,4.49e-07
49260,127.416,4.64e-07
49290,130.4618,4.79e-07
49320,133.472,4.93e-07
49350,136.4596,5.08e-07
49380,139.4666,5.23e-07
49410,142.4759,5.39e-07
49440,145.5196,5.55e-07
49470,148.5281,5.7e-07
49500,151.5188,5.86e-07
49530,154.5265,6.02e-07
49560,157.5148,6.17e-07
49590,160.5772,6.36e-07
49620,163.5673,6.52e-07
49650,166.5738,6.69e-07
49680,169.5637,6.88e-07
49710,172.5716,7.06e-07
49740,175.6165,7.25e-07
49770,178.6234,7.45e-07
49800,181.6128,7.61e-07
49830,184.62,7.81e-07
49860,187.6236,8.01e-07
49890,190.6694,8.19e-07
49920,193.6753,8.38e-07
49950,196.6637,8.58e-07
49980,199.6728,8.76e-07
50010,202.6609,8.97e-07
50040,205.7236,9.18e-07
50070,208.7135,9.36e-07
50100,211.7213,9.59e-07
50130,214.7102,9.77e-07
50160,217.7189,9.97e-07
50190,220.7622,1.02e-06
50220,223.77,1.04e-06
50250,226.7731,1.05e-06
50280,229.4819,1.05e-06
50310,232.7668,1.04e-06
50340,235.8118,1.06e-06
50370,238.8206,1.08e-06
50400,241.81,1.1e-06
50430,244.8198,1.12e-06
50460,247.8092,1.14e-06
50490,250.8735,1.16e-06
50520,253.8614,1.18e-06
50550,256.8709,1.2e-06
50580,259.8582,1.22e-06
50610,262.8634,1.24e-06
50640,265.9103,1.26e-06
50670,268.9171,1.28e-06
50700,271.9255,1.3e-06
50730,274.9155,1.32e-06
50760,277.923,1.34e-06
50790,280.9674,1.36e-06
50820,283.9761,1.39e-06
50850,286.9667,1.41e-06
50880,289.9753,1.43e-06
50910,292.9638,1.45e-06
50940,296.0274,1.47e-06
50970,299.0177,1.49e-06
51000,302.0259,1.51e-06
51030,305.0149,1.54e-06
51060,308.0773,1.56e-06
51090,311.067,1.58e-06
51120,314.0754,1.6e-06
51150,317.0802,1.62e-06
51180,320.0697,1.65e-06
51210,323.1172,1.67e-06
51240,326.1244,1.69e-06
51270,329.1311,1.72e-06
51300,332.1208,1.74e-06
51330,335.1266,1.76e-06
51360,338.1721,1.79e-06
51390,341.1754,1.81e-06
51420,344.1651,1.83e-06
51450,347.1728,1.86e-06
51480,350.1615,1.88e-06
51510,353.2241,1.9e-06
51540,356.2137,1.93e-06
51570,359.2221,1.95e-06
51600,362.2293,1.98e-06
51630,365.218,2e-06
51660,368.2621,2.03e-06
51690,371.2699,2.05e-06
51720,374.2753,2.08e-06
51750,377.2654,2.1e-06
51780,380.275,2.13e-06
51810,383.3187,2.15e-06
51840,386.3278,2.18e-06
51870,389.3181,2.21e-06
51900,392.3249,2.23e-06
51930,395.3154,2.26e-06
51960,398.3808,2.28e-06
51990,401.369,2.31e-06
52020,404.3771,2.34e-06
52050,407.3856,2.36e-06
52080,410.3739,2.39e-06
52110,413.4201,2.42e-06
52140,416.4231,2.45e-06
52170,419.4325,2.47e-06
52200,422.4212,2.5e-06
52230,425.4295,2.53e-06
52260,428.4734,2.56e-06
52290,431.4837,2.59e-06
52320,434.472,2.61e-06
52350,437.4823,2.64e-06
52380,440.4711,2.67e-06
52410,443.5344,2.7e-06
52440,446.5242,2.73e-06
52470,449.5313,2.76e-06
52500,452.5368,2.79e-06
52530,455.5287,2.82e-06
52560,458.5721,2.85e-06
52590,461.5813,2.88e-06
52620,464.5882,2.91e-06
52650,467.5764,2.94e-06
52680,470.5845,2.97e-06
52710,473.6308,3e-06
52740,476.6356,3.03e-06
52770,479.6256,3.06e-06
52800,482.6333,3.09e-06
52830,485.641,3.13e-06
52860,488.6862,3.16e-06
52890,491.6716,3.19e-06
52920,494.6786,3.22e-06
52950,497.685,3.25e-06
52980,500.6739,3.29e-06
53010,503.7199,3.32e-06
53040,506.7273,3.35e-06
53070,509.7339,3.39e-06
53100,512.7236,3.42e-06
53130,515.7299,3.45e-06
53160,518.7762,3.49e-06
53190,521.7817,3.52e-06
53220,524.7701,3.55e-06
53250,527.779,3.59e-06
53280,530.7868,3.62e-06
53310,533.8312,3.66e-06
53340,536.8215,3.69e-06
53370,539.8312,3.73e-06
53400,542.8381,3.76e-06
53430,545.829,3.8e-06
53460,548.8758,3.84e-06
53490,551.8851,3.87e-06
53520,554.8917,3.91e-06
53550,557.8812,3.95e-06
53580,560.8905,3.98e-06
53610,563.9346,4.02e-06
53640,566.9387,4.06e-06
53670,569.9305,4.1e-06
53700,572.9365,4.13e-06
53730,575.9453,4.17e-06
53760,578.9918,4.21e-06
53790,581.9804,4.25e-06
53820,584.9885,4.29e-06
53850,587.9987,4.33e-06
53880,590.9866,4.37e-06
53910,594.0335,4.41e-06
53940,597.0394,4.45e-06
53970,600.0482,4.49e-06
54000,4.013724,1.179669e-08
54030,7.020895,1.821858e-08
54060,10.06611,2.633379e-08
54090,13.05311,3.403392e-08
54120,16.0616,4.139143e-08
54150,19.07157,4.829364e-08
54180,22.05727,5.514351e-08
54210,25.12068,6.322485e-08
54240,28.11226,7.089191e-08
54270,31.11794,7.871e-08
54300,34.10701,8.635917e-08
54330,37.11143,9.401003e-08
54360,40.15495,1.018939e-07
54390,43.16299,1.108645e-07
54420,46.1518,1.21146e-07
54450,49.15884,1.31973e-07
54480,52.16655,1.433756e-07
54510,55.21204,1.54794e-07
54540,58.21836,1.611819e-07
54570,61.20697,1.770572e-07
54600,64.21384,1.893709e-07
54630,67.20332,2.010578e-07
54660,70.26556,2.132986e-07
54690,73.25382,2.253447e-07
54720,76.26245,2.375172e-07
54750,79.25145,2.496442e-07
54780,82.25964,2.621018e-07
54810,85.30559,2.748641e-07
54840,88.31319,2.875029e-07
54870,91.30269,3.003788e-07
54900,94.31393,3.134414e-07
54930,97.3213,3.266108e-07
54960,100.3654,3.39871e-07
54990,103.3736,3.532349e-07
55020,106.3626,3.664886e-07
55050,109.3711,3.799517e-07
55080,112.3567,3.93303e-07
55110,115.4196,4.067816e-07
55140,118.4116,4.210008e-07
55170,121.4185,4.346825e-07
55200,124.409,4.488952e-07
55230,127.4159,4.632816e-07
55260,130.4623,4.787058e-07
55290,133.47,4.931944e-07
55320,136.459,5.076653e-07
55350,139.4671,5.238922e-07
55380,142.4767,5.386317e-07
55410,145.5198,5.544234e-07
55440,148.5288,5.704181e-07
55470,151.5189,5.852928e-07
55500,154.5261,6.022291e-07
55530,157.5147,6.184588e-07
55560,160.578,6.355745e-07
55590,163.5661,6.538916e-07
55620,166.5747,6.707523e-07
55650,169.5656,6.885965e-07
55680,172.5719,7.094017e-07
55710,175.6177,7.262959e-07
55740,178.6249,7.451811e-07
55770,181.6135,7.644975e-07
55800,184.6203,7.810721e-07
55830,187.6242,8.021173e-07
55860,190.6697,8.224858e-07
55890,193.6759,8.397868e-07
55920,196.6651,8.612669e-07
55950,199.6741,8.798428e-07
55980,202.6611,8.994286e-07
56010,205.7249,9.234864e-07
56040,208.7166,9.398382e-07
56070,211.7214,9.60884e-07
56100,214.7098,9.814967e-07
56130,217.7194,9.994702e-07
56160,220.7628,1.021404e-06
56190,223.7696,1.041397e-06
56220,226.7697,1.04999e-06
56250,229.186,1.050002e-06
56280,232.7683,1.048837e-06
56310,235.813,1.069019e-06
56340,238.822,1.088339e-06
56370,241.8107,1.107608e-06
56400,244.8198,1.127053e-06
56430,247.8095,1.146449e-06
56460,250.8733,1.166736e-06
56490,253.8616,1.186706e-06
56520,256.8708,1.206551e-06
56550,259.8607,1.226342e-06
56580,262.8631,1.246822e-06
56610,265.9102,1.267677e-06
56640,268.9171,1.28779e-06
56670,271.9264,1.308261e-06
56700,274.9153,1.328814e-06
56730,277.9229,1.34966e-06
56760,280.9685,1.370902e-06
56790,283.9775,1.392079e-06
56820,286.9667,1.413212e-06
56850,289.9748,1.434688e-06
56880,292.9648,1.456115e-06
56910,296.0269,1.478176e-06
56940,299.0176,1.499854e-06
56970,302.0255,1.521847e-06
57000,305.0154,1.543705e-06
57030,308.0795,1.566277e-06
57060,311.0671,1.588407e-06
57090,314.0759,1.610796e-06
57120,317.0818,1.63341e-06
57150,320.0714,1.656017e-06
57180,323.1178,1.679187e-06
57210,326.1233,1.701991e-06
57240,329.1326,1.725106e-06
57270,332.1216,1.748188e-06
57300,335.1275,1.7716e-06
57330,338.1722,1.795477e-06
57360,341.176,1.819115e-06
57390,344.1656,1.842768e-06
57420,347.1729,1.866678e-06
57450,350.161,1.890635e-06
57480,353.2242,1.915475e-06
57510,356.2155,1.939779e-06
57540,359.2213,1.964513e-06
57570,362.2299,1.989233e-06
57600,365.2185,2.013905e-06
57630,368.2629,2.039018e-06
57660,371.271,2.0643e-06
57690,374.2779,2.089412e-06
57720,377.2671,2.114583e-06
57750,380.2757,2.140397e-06
57780,383.3197,2.166323e-06
57810,386.3273,2.192548e-06
57840,389.3181,2.218577e-06
57870,392.3264,2.245138e-06
57900,395.3143,2.271187e-06
57930,398.3808,2.298e-06
57960,401.3693,2.324783e-06
57990,404.3773,2.351771e-06
58020,407.3865,2.378946e-06
58050,410.3738,2.405958e-06
58080,413.4197,2.433689e-06
58110,416.4236,2.46124e-06
58140,419.4331,2.489108e-06
58170,422.4227,2.516797e-06
58200,425.4304,2.544779e-06
58230,428.4761,2.573555e-06
58260,431.4824,2.602195e-06
58290,434.4727,2.630702e-06
58320,437.4828,2.659746e-06
58350,440.4715,2.68838e-06
58380,443.5339,2.718084e-06
58410,446.5243,2.747498e-06
58440,449.5307,2.776651e-06
58470,452.5395,2.8064e-06
58500,455.5294,2.836138e-06
58530,458.5727,2.866414e-06
58560,461.5811,2.896573e-06
58590,464.5887,2.927201e-06
58620,467.5773,2.95768e-06
58650,470.5847,2.988466e-06
58680,473.6307,3.01986e-06
58710,476.6369,3.051e-06
58740,479.628,3.08228e-06
58770,482.6346,3.113869e-06
58800,485.6428,3.145646e-06
58830,488.6856,3.177965e-06
58860,491.6716,3.209933e-06
58890,494.6782,3.242192e-06
58920,497.685,3.274856e-06
58950,500.6736,3.307519e-06
58980,503.7195,3.340947e-06
59010,506.7254,3.374068e-06
59040,509.7343,3.40745e-06
59070,512.724,3.440838e-06
59100,515.7313,3.47462e-06
59130,518.7758,3.509138e-06
59160,521.7845,3.54345e-06
59190,524.7727,3.577671e-06
59220,527.7789,3.612345e-06
59250,530.788,3.647238e-06
59280,533.832,3.682909e-06
59310,536.8228,3.71801e-06
59340,539.8315,3.75365e-06
59370,542.8396,3.789409e-06
59400,545.8287,3.825231e-06
59430,548.8762,3.861973e-06
59460,551.8854,3.898561e-06
59490,554.892,3.935378e-06
59520,557.8795,3.972213e-06
59550,560.8907,4.009456e-06
59580,563.9354,4.047347e-06
59610,566.9398,4.085243e-06
59640,569.9288,4.123029e-06
59670,572.9365,4.161434e-06
59700,575.9454,4.200062e-06
59730,578.9911,4.239477e-06
59760,581.9803,4.278326e-06
59790,584.9879,4.31781e-06
59820,587.9982,4.357547e-06
59850,590.9869,4.397446e-06
59880,594.0339,4.438445e-06
59910,597.0421,4.479203e-06
59940,600.0485,4.52019e-06
59970,4.014379,1.056408e-08
60000,7.020506,1.827216e-08
60030,10.06518,2.633287e-08
60060,13.05392,3.421007e-08
60090,16.06286,4.151601e-08
60120,19.07279,4.847693e-08
60150,22.05852,5.636992e-08
60180,25.12108,6.466957e-08
60210,28.11179,7.244678e-08
60240,31.11622,8.035029e-08
60270,34.10721,8.830799e-08
60300,37.11071,9.630759e-08
60330,40.15468,1.045765e-07
60360,43.16366,1.15088e-07
60390,46.15105,1.261177e-07
60420,49.15963,1.373104e-07
60450,52.16576,1.486081e-07
60480,55.21232,1.605829e-07
60510,58.21822,1.675055e-07
60540,61.20676,1.836839e-07
60570,64.21313,1.962143e-07
60600,67.20286,2.084095e-07
60630,70.26404,2.209744e-07
60660,73.25312,2.332808e-07
60690,76.26259,2.456114e-07
60720,79.25222,2.582597e-07
60750,82.26043,2.71185e-07
60780,85.30558,2.841772e-07
60810,88.3138,2.973678e-07
60840,91.30218,3.104868e-07
60870,94.31254,3.237034e-07
60900,97.32022,3.371652e-07
60930,100.3662,3.508135e-07
60960,103.3738,3.643964e-07
60990,106.3623,3.777411e-07
61020,109.3712,3.918601e-07
61050,112.3569,4.055881e-07
61080,115.4202,4.197551e-07
61110,118.4112,4.339343e-07
61140,121.4193,4.48597e-07
61170,124.4093,4.632401e-07
61200,127.417,4.78035e-07
61230,130.4628,4.935903e-07
61260,133.4715,5.085784e-07
61290,136.4599,5.238394e-07
61320,139.4674,5.403438e-07
61350,142.4755,5.556882e-07
61380,145.5202,5.720525e-07
61410,148.5287,5.888896e-07
61440,151.5199,6.042856e-07
61470,154.5269,6.213134e-07
61500,157.5152,6.385579e-07
61530,160.579,6.562622e-07
61560,163.5665,6.736495e-07
61590,166.5751,6.923297e-07
61620,169.5658,7.104489e-07
61650,172.5724,7.323015e-07
61680,175.6176,7.503578e-07
61710,178.6241,7.689616e-07
61740,181.6141,7.898481e-07
61770,184.6197,8.071892e-07
61800,187.6242,8.27215e-07
61830,190.6692,8.491748e-07
61860,193.6754,8.658882e-07
61890,196.6646,8.870198e-07
61920,199.6737,9.075993e-07
61950,202.6616,9.26144e-07
61980,205.725,9.50485e-07
62010,208.7164,9.683522e-07
62040,211.7229,9.887154e-07
62070,214.712,1.010593e-06
62100,217.7186,1.02874e-06
62130,220.7649,1.049982e-06
62160,223.6478,1.049996e-06
62190,225.6756,1.050009e-06
62220,229.7572,1.058538e-06
62250,232.7671,1.078862e-06
62280,235.8124,1.098672e-06
62310,238.8209,1.118351e-06
62340,241.8106,1.138037e-06
62370,244.8192,1.157894e-06
62400,247.8092,1.17769e-06
62430,250.8733,1.1983e-06
62460,253.8629,1.218489e-06
62490,256.8718,1.238999e-06
62520,259.8608,1.259384e-06
62550,262.864,1.279971e-06
62580,265.9103,1.301065e-06
62610,268.918,1.3222e-06
62640,271.9264,1.343274e-06
62670,274.916,1.364359e-06
62700,277.9242,1.385696e-06
62730,280.9687,1.40751e-06
62760,283.9776,1.429091e-06
62790,286.9668,1.450756e-06
62820,289.9753,1.472686e-06
62850,292.9633,1.494635e-06
62880,296.0272,1.517164e-06
62910,299.0168,1.539213e-06
62940,302.0247,1.561709e-06
62970,305.0154,1.584152e-06
63000,308.0782,1.607266e-06
63030,311.0673,1.629856e-06
63060,314.0746,1.652746e-06
63090,317.0809,1.675769e-06
63120,320.0706,1.698758e-06
63150,323.1169,1.722469e-06
63180,326.1231,1.745933e-06
63210,329.1311,1.769604e-06
63240,332.1198,1.793137e-06
63270,335.1276,1.81703e-06
63300,338.1723,1.841376e-06
63330,341.1762,1.865532e-06
63360,344.1647,1.889713e-06
63390,347.1734,1.914277e-06
63420,350.1619,1.938656e-06
63450,353.2243,1.963879e-06
63480,356.2125,1.988618e-06
63510,359.2211,2.013835e-06
63540,362.2302,2.039087e-06
63570,365.2195,2.064254e-06
63600,368.2624,2.090158e-06
63630,371.2708,2.115811e-06
63660,374.2777,2.141714e-06
63690,377.2668,2.167594e-06
63720,380.2758,2.19385e-06
63750,383.3185,2.220471e-06
63780,386.3266,2.246916e-06
63810,389.3177,2.273391e-06
63840,392.3266,2.300344e-06
63870,395.3155,2.327127e-06
63900,398.3805,2.354881e-06
63930,401.3704,2.381898e-06
63960,404.378,2.409369e-06
63990,407.3852,2.436946e-06
64020,410.3738,2.464632e-06
64050,413.419,2.493169e-06
64080,416.4254,2.521272e-06
64110,419.4332,2.54951e-06
64140,422.4211,2.577789e-06
64170,425.4286,2.606595e-06
64200,428.4762,2.635805e-06
64230,431.4825,2.664841e-06
64260,434.4733,2.693865e-06
64290,437.4825,2.723145e-06
64320,440.471,2.752512e-06
64350,443.5338,2.782987e-06
64380,446.524,2.812669e-06
64410,449.5326,2.842755e-06
64440,452.5384,2.872977e-06
64470,455.5289,2.903249e-06
64500,458.5729,2.934369e-06
64530,461.5826,2.965156e-06
64560,464.5891,2.996111e-06
64590,467.5769,3.027121e-06
64620,470.5847,3.058494e-06
64650,473.6304,3.090464e-06
64680,476.6345,3.122336e-06
64710,479.6263,3.154159e-06
64740,482.6347,3.186358e-06
64770,485.6417,3.218601e-06
64800,488.6864,3.251493e-06
64830,491.6718,3.284106e-06
64860,494.6784,3.317172e-06
64890,497.6861,3.350271e-06
64920,500.674,3.383441e-06
64950,503.7193,3.417425e-06
64980,506.7259,3.451193e-06
65010,509.7334,3.485221e-06
65040,512.7255,3.519331e-06
65070,515.731,3.553702e-06
65100,518.7767,3.58867e-06
65130,521.7838,3.623541e-06
65160,524.7732,3.658506e-06
65190,527.7792,3.693855e-06
65220,530.7882,3.729337e-06
65250,533.8336,3.765468e-06
65280,536.8237,3.801156e-06
65310,539.8301,3.837307e-06
65340,542.8403,3.873851e-06
65370,545.8309,3.910321e-06
65400,548.8763,3.947782e-06
65430,551.8865,3.984814e-06
65460,554.8923,4.022195e-06
65490,557.8823,4.059741e-06
65520,560.8908,4.09769e-06
65550,563.933,4.136365e-06
65580,566.9405,4.174732e-06
65610,569.9312,4.213216e-06
65640,572.9376,4.252176e-06
65670,575.9457,4.29144e-06
65700,578.9933,4.331601e-06
65730,581.9814,4.371155e-06
65760,584.9896,4.411284e-06
65790,587.9985,4.451726e-06
65820,590.9882,4.492304e-06
65850,594.035,4.53392e-06
65880,597.0425,4.575319e-06
65910,600.0499,4.616958e-06
65940,4.013053,9.840659e-09
65970,7.02137,1.778708e-08
66000,10.06659,2.584148e-08
66030,13.05473,3.344808e-08
66060,16.06127,4.071807e-08
66090,19.07124,4.783683e-08
66120,22.05884,5.520089e-08
66150,25.1205,6.321503e-08
66180,28.11058,7.118141e-08
66210,31.11847,7.928732e-08
66240,34.10651,8.721354e-08
66270,37.11096,9.500284e-08
66300,40.15577,1.038007e-07
66330,43.16464,1.145659e-07
66360,46.15292,1.25598e-07
66390,49.15956,1.369908e-07
66420,52.16714,1.485413e-07
66450,55.21316,1.606016e-07
66480,58.21852,1.67565e-07
66510,61.20788,1.840439e-07
66540,64.21401,1.968307e-07
66570,67.20404,2.09147e-07
66600,70.26603,2.217613e-07
66630,73.25457,2.343146e-07
66660,76.26443,2.470909e-07
66690,79.25313,2.59686e-07
66720,82.26095,2.728459e-07
66750,85.30611,2.86154e-07
66780,88.31451,2.995007e-07
66810,91.30379,3.127807e-07
66840,94.31343,3.263738e-07
66870,97.32087,3.399179e-07
66900,100.3668,3.537334e-07
66930,103.3732,3.676205e-07
66960,106.3623,3.813622e-07
66990,109.3715,3.95604e-07
67020,112.3569,4.094489e-07
67050,115.4207,4.23968e-07
67080,118.412,4.385201e-07
67110,121.4196,4.533148e-07
67140,124.4091,4.681411e-07
67170,127.4182,4.832972e-07
67200,130.4625,4.995793e-07
67230,133.4717,5.146131e-07
67260,136.4584,5.301461e-07
67290,139.468,5.467518e-07
67320,142.4766,5.622072e-07
67350,145.5194,5.792098e-07
67380,148.5289,5.957803e-07
67410,151.5206,6.116005e-07
67440,154.5274,6.296888e-07
67470,157.5152,6.466798e-07
67500,160.5785,6.658786e-07
67530,163.5669,6.853289e-07
67560,166.5762,7.027735e-07
67590,169.5656,7.213824e-07
67620,172.5735,7.428598e-07
67650,175.6179,7.605616e-07
67680,178.6241,7.800826e-07
67710,181.6135,8.003004e-07
67740,184.6207,8.176889e-07
67770,187.6246,8.394686e-07
67800,190.6708,8.608782e-07
67830,193.6774,8.792398e-07
67860,196.6655,9.013869e-07
67890,199.6752,9.209381e-07
67920,202.6631,9.40966e-07
67950,205.727,9.65376e-07
67980,208.7167,9.821698e-07
68010,211.7236,1.003372e-06
68040,214.7127,1.024541e-06
68070,217.7203,1.043251e-06
68100,220.6917,1.049992e-06
68130,222.9585,1.050006e-06
68160,226.7519,1.054481e-06
68190,229.7605,1.075051e-06
68220,232.7696,1.09471e-06
68250,235.8139,1.114763e-06
68280,238.8214,1.134676e-06
68310,241.8125,1.154793e-06
68340,244.8212,1.17503e-06
68370,247.8114,1.195314e-06
68400,250.875,1.216258e-06
68430,253.8628,1.236715e-06
68460,256.8715,1.257369e-06
68490,259.8611,1.278317e-06
68520,262.8639,1.299437e-06
68550,265.9119,1.320885e-06
68580,268.9192,1.34215e-06
68610,271.9265,1.363615e-06
68640,274.9166,1.385057e-06
68670,277.9241,1.406921e-06
68700,280.9688,1.429091e-06
68730,283.9781,1.451243e-06
68760,286.967,1.473212e-06
68790,289.9763,1.495418e-06
68820,292.9642,1.517659e-06
68850,296.0277,1.540745e-06
68880,299.018,1.563305e-06
68910,302.0262,1.586155e-06
68940,305.0165,1.608961e-06
68970,308.0796,1.63244e-06
69000,311.0691,1.655385e-06
69030,314.0758,1.678779e-06
69060,317.0835,1.702375e-06
69090,320.0724,1.725879e-06
69120,323.1181,1.749922e-06
69150,326.1242,1.773752e-06
69180,329.1315,1.797811e-06
69210,332.1232,1.821827e-06
69240,335.1288,1.846208e-06
69270,338.1736,1.871053e-06
69300,341.1773,1.895713e-06
69330,344.1673,1.920301e-06
69360,347.1746,1.9452e-06
69390,350.1635,1.970108e-06
69420,353.2254,1.995921e-06
69450,356.2159,2.021124e-06
69480,359.2234,2.046723e-06
69510,362.2315,2.072442e-06
69540,365.2202,2.098117e-06
69570,368.264,2.124438e-06
69600,371.2718,2.150709e-06
69630,374.278,2.177097e-06
69660,377.2679,2.203516e-06
69690,380.2772,2.230025e-06
69720,383.3216,2.257206e-06
69750,386.3284,2.284252e-06
69780,389.3192,2.311301e-06
69810,392.3283,2.338666e-06
69840,395.3156,2.366017e-06
69870,398.382,2.394117e-06
69900,401.3705,2.421759e-06
69930,404.3798,2.449729e-06
69960,407.386,2.47802e-06
69990,410.3759,2.506219e-06
70020,413.4233,2.535129e-06
70050,416.4254,2.5637e-06
70080,419.4334,2.592517e-06
70110,422.4224,2.621397e-06
70140,425.4307,2.650652e-06
70170,428.4766,2.680452e-06
70200,431.4832,2.710047e-06
70230,434.475,2.739617e-06
70260,437.4834,2.769481e-06
70290,440.4725,2.799374e-06
70320,443.5354,2.830321e-06
70350,446.526,2.860535e-06
70380,449.5332,2.891268e-06
70410,452.5407,2.922156e-06
70440,455.5312,2.952988e-06
70470,458.5754,2.984632e-06
70500,461.5816,3.016035e-06
70530,464.5901,3.047749e-06
70560,467.5772,3.079234e-06
70590,470.5864,3.111164e-06
70620,473.631,3.143778e-06
70650,476.6375,3.176267e-06
70680,479.6289,3.208673e-06
70710,482.6356,3.241504e-06
70740,485.6441,3.274402e-06
70770,488.6868,3.307916e-06
70800,491.6728,3.341024e-06
70830,494.6802,3.374714e-06
70860,497.6881,3.408559e-06
70890,500.6772,3.44239e-06
70920,503.7222,3.476987e-06
70950,506.7281,3.511311e-06
70980,509.735,3.545951e-06
71010,512.726,3.580682e-06
71040,515.7321,3.615766e-06
71070,518.7756,3.651533e-06
71100,521.7838,3.68704e-06
71130,524.774,3.722484e-06
71160,527.7814,3.758372e-06
71190,530.7892,3.794635e-06
71220,533.834,3.831599e-06
71250,536.8242,3.868001e-06
71280,539.8329,3.904843e-06
71310,542.8409,3.942026e-06
71340,545.8312,3.979096e-06
71370,548.8768,4.017265e-06
71400,551.8854,4.055179e-06
71430,554.8914,4.093241e-06
71460,557.883,4.131317e-06
71490,560.8912,4.169914e-06
71520,563.9357,4.209228e-06
71550,566.9419,4.248432e-06
71580,569.9316,4.287592e-06
71610,572.9398,4.327327e-06
71640,575.9463,4.367282e-06
71670,578.9936,4.407982e-06
71700,581.9795,4.448124e-06
71730,584.9877,4.489148e-06
71760,587.9987,4.530359e-06
71790,590.9894,4.571538e-06
71820,594.0341,4.613787e-06
71850,597.0422,4.655845e-06
71880,600.0497,4.698271e-06
71910,4.015897,9.83022e-09
71940,7.02268,1.845188e-08
71970,10.0668,2.655141e-08
72000,13.05317,3.43846e-08
72030,16.0622,4.216585e-08
72060,19.07224,4.9427e-08
72090,22.05918,5.655044e-08
72120,25.12156,6.526372e-08
72150,28.11235,7.341396e-08
72180,31.11866,8.171052e-08
72210,34.10773,8.996309e-08
72240,37.11055,9.83902e-08
72270,40.15746,1.068599e-07
72300,43.16391,1.170225e-07
72330,46.153,1.28225e-07
72360,49.16068,1.402362e-07
72390,52.16856,1.524361e-07
72420,55.21344,1.647556e-07
72450,58.21902,1.723884e-07
72480,61.20842,1.893402e-07
72510,64.21497,2.025288e-07
72540,67.20382,2.153907e-07
72570,70.26573,2.287128e-07
72600,73.2551,2.416001e-07
72630,76.26326,2.547942e-07
72660,79.25284,2.682756e-07
72690,82.2616,2.8195e-07
72720,85.30702,2.956466e-07
72750,88.31416,3.096247e-07
72780,91.30453,3.235659e-07
72810,94.31422,3.37451e-07
72840,97.32166,3.517428e-07
72870,100.3669,3.659127e-07
72900,103.3749,3.802556e-07
72930,106.364,3.950221e-07
72960,109.3718,4.090992e-07
72990,112.3577,4.239212e-07
73020,115.4219,4.393263e-07
73050,118.4119,4.546564e-07
73080,121.4199,4.700615e-07
73110,124.4101,4.854392e-07
73140,127.4155,5.01651e-07
73170,130.4636,5.176726e-07
73200,133.4719,5.340926e-07
73230,136.46,5.501719e-07
73260,139.4673,5.666463e-07
73290,142.477,5.844271e-07
73320,145.5206,6.01617e-07
73350,148.5286,6.186328e-07
73380,151.5198,6.377895e-07
73410,154.5273,6.54448e-07
73440,157.5159,6.726252e-07
73470,160.5797,6.954463e-07
73500,163.568,7.109235e-07
73530,166.5754,7.325474e-07
73560,169.5657,7.517217e-07
73590,172.5731,7.707308e-07
73620,175.6181,7.943009e-07
73650,178.6258,8.123856e-07
73680,181.6146,8.321051e-07
73710,184.6217,8.552214e-07
73740,187.6255,8.738827e-07
73770,190.6705,8.961231e-07
73800,193.6785,9.176665e-07
73830,196.6655,9.355928e-07
73860,199.6736,9.58241e-07
73890,202.6622,9.794225e-07
73920,205.7264,1.00048e-06
73950,208.7164,1.021553e-06
73980,211.7233,1.042756e-06
74010,214.7031,1.049991e-06
74040,216.9267,1.050004e-06
74070,220.7558,1.054079e-06
74100,223.7634,1.075002e-06
74130,226.7528,1.095129e-06
74160,229.7607,1.115505e-06
74190,232.7698,1.135949e-06
74220,235.8141,1.156791e-06
74250,238.8221,1.177479e-06
74280,241.8118,1.1982e-06
74310,244.8207,1.219205e-06
74340,247.8105,1.240295e-06
74370,250.8747,1.26213e-06
74400,253.8638,1.283332e-06
74430,256.8726,1.30485e-06
74460,259.8604,1.32642e-06
74490,262.8651,1.348345e-06
74520,265.911,1.37061e-06
74550,268.9187,1.392735e-06
74580,271.9279,1.41503e-06
74610,274.9182,1.43736e-06
74640,277.9243,1.459832e-06
74670,280.9703,1.482921e-06
74700,283.9784,1.505838e-06
74730,286.9676,1.528707e-06
74760,289.9764,1.551754e-06
74790,292.9644,1.574874e-06
74820,296.028,1.598711e-06
74850,299.0178,1.622142e-06
74880,302.0268,1.645886e-06
74910,305.0173,1.669506e-06
74940,308.079,1.693859e-06
74970,311.0688,1.717707e-06
75000,314.0758,1.741951e-06
75030,317.0819,1.76638e-06
75060,320.0729,1.79083e-06
75090,323.1188,1.815778e-06
75120,326.1253,1.840441e-06
75150,329.1325,1.865443e-06
75180,332.1226,1.890454e-06
75210,335.1285,1.915661e-06
75240,338.1742,1.941466e-06
75270,341.1777,1.967022e-06
75300,344.1659,1.992493e-06
75330,347.1735,2.018276e-06
75360,350.1631,2.044181e-06
75390,353.2248,2.070927e-06
75420,356.215,2.097154e-06
75450,359.2236,2.123714e-06
75480,362.2311,2.150381e-06
75510,365.2202,2.176999e-06
75540,368.2634,2.204368e-06
75570,371.2715,2.231513e-06
75600,374.2786,2.258936e-06
75630,377.2682,2.286301e-06
75660,380.2762,2.313841e-06
75690,383.3198,2.342051e-06
75720,386.3275,2.370159e-06
75750,389.3183,2.39813e-06
75780,392.3266,2.426456e-06
75810,395.3164,2.454806e-06
75840,398.3817,2.484088e-06
75870,401.3705,2.512667e-06
75900,404.3782,2.541798e-06
75930,407.386,2.571106e-06
75960,410.3756,2.600351e-06
75990,413.4214,2.630203e-06
76020,416.4247,2.659809e-06
76050,419.433,2.689852e-06
76080,422.4235,2.719976e-06
76110,425.4315,2.750293e-06
76140,428.4767,2.781251e-06
76170,431.4853,2.811938e-06
76200,434.4735,2.842476e-06
76230,437.4818,2.873528e-06
76260,440.4706,2.904681e-06
76290,443.5342,2.936828e-06
76320,446.5256,2.968181e-06
76350,449.532,2.999928e-06
76380,452.5378,3.031897e-06
76410,455.5302,3.064067e-06
76440,458.5743,3.096806e-06
76470,461.5837,3.12937e-06
76500,464.59,3.162162e-06
76530,467.5774,3.194972e-06
76560,470.5858,3.228115e-06
76590,473.6317,3.262018e-06
76620,476.6376,3.295633e-06
76650,479.6272,3.32913e-06
76680,482.6364,3.363118e-06
76710,485.6433,3.397334e-06
76740,488.6864,3.432172e-06
76770,491.6707,3.466524e-06
76800,494.6802,3.501444e-06
76830,497.6864,3.536594e-06
76860,500.6755,3.571521e-06
76890,503.7197,3.607425e-06
76920,506.7277,3.643148e-06
76950,509.7359,3.679206e-06
76980,512.7259,3.715227e-06
77010,515.7334,3.751594e-06
77040,518.7778,3.788622e-06
77070,521.7832,3.82541e-06
77100,524.774,3.86231e-06
77130,527.7805,3.899652e-06
77160,530.7897,3.93731e-06
77190,533.8348,3.97548e-06
77220,536.8237,4.013188e-06
77250,539.8311,4.051487e-06
77280,542.8399,4.090105e-06
77310,545.8296,4.128668e-06
77340,548.8778,4.168224e-06
77370,551.8848,4.207446e-06
77400,554.8925,4.246916e-06
77430,557.8824,4.286579e-06
77460,560.8908,4.326631e-06
77490,563.9354,4.367496e-06
77520,566.9401,4.408059e-06
77550,569.9302,4.448519e-06
77580,572.9379,4.489742e-06
77610,575.9465,4.531231e-06
77640,578.9929,4.573512e-06
77670,581.9805,4.615144e-06
77700,584.9906,4.657427e-06
77730,587.9993,4.700119e-06
77760,590.9878,4.742776e-06
77790,594.0336,4.786655e-06
77820,597.0399,4.830273e-06
77850,600.0491,4.874208e-06
77880,4.015024,1.094856e-08
77910,7.022121,2.058608e-08
77940,10.06691,2.971239e-08
77970,13.05416,3.844694e-08
78000,16.06346,4.67552e-08
78030,19.07312,5.456187e-08
78060,22.06026,6.253938e-08
78090,25.12144,7.163259e-08
78120,28.11222,8.045553e-08
78150,31.11825,8.954067e-08
78180,34.10609,9.848969e-08
78210,37.11422,1.077662e-07
78240,40.1585,1.170524e-07
78270,43.16336,1.270227e-07
78300,46.15178,1.391286e-07
78330,49.15986,1.52124e-07
78360,52.16902,1.650829e-07
78390,55.21332,1.78323e-07
78420,58.21883,1.867755e-07
78450,61.20882,2.048621e-07
78480,64.21468,2.189553e-07
78510,67.20325,2.327145e-07
78540,70.2659,2.468655e-07
78570,73.25584,2.608604e-07
78600,76.26483,2.751662e-07
78630,79.2529,2.895226e-07
78660,82.26219,3.041233e-07
78690,85.30803,3.187678e-07
78720,88.31457,3.335161e-07
78750,91.30419,3.485169e-07
78780,94.31487,3.631619e-07
78810,97.32106,3.781784e-07
78840,100.3666,3.933476e-07
78870,103.3747,4.08698e-07
78900,106.363,4.243766e-07
78930,109.3723,4.400719e-07
78960,112.3578,4.561187e-07
78990,115.4224,4.727257e-07
79020,118.4116,4.89023e-07
79050,121.4199,5.057075e-07
79080,124.4102,5.222977e-07
79110,127.4164,5.400111e-07
79140,130.4626,5.571356e-07
79170,133.4717,5.744197e-07
79200,136.4598,5.926357e-07
79230,139.4676,6.099108e-07
79260,142.4774,6.290027e-07
79290,145.5216,6.488374e-07
79320,148.5293,6.662199e-07
79350,151.5202,6.881392e-07
79380,154.5279,7.076109e-07
79410,157.5164,7.266891e-07
79440,160.5797,7.513811e-07
79470,163.5682,7.690974e-07
79500,166.5756,7.90587e-07
79530,169.5663,8.123513e-07
79560,172.5737,8.314046e-07
79590,175.6182,8.551258e-07
79620,178.6257,8.760238e-07
79650,181.615,8.952366e-07
79680,184.6221,9.194708e-07
79710,187.6257,9.403891e-07
79740,190.6708,9.627078e-07
79770,193.6776,9.86373e-07
79800,196.6659,1.00619e-06
79830,199.6748,1.027195e-06
79860,202.6662,1.049983e-06
79890,205.592,1.049998e-06
79920,208.7091,1.042344e-06
79950,211.7144,1.063904e-06
79980,214.7037,1.084596e-06
80010,217.7115,1.105437e-06
80040,220.7557,1.126832e-06
80070,223.7628,1.148117e-06
80100,226.752,1.169395e-06
80130,229.76,1.190823e-06
80160,232.7679,1.212487e-06
80190,235.8132,1.234572e-06
80220,238.8207,1.256559e-06
80250,241.8112,1.278595e-06
80280,244.8202,1.300868e-06
80310,247.8107,1.323013e-06
80340,250.8737,1.34587e-06
80370,253.8633,1.368505e-06
80400,256.8716,1.39142e-06
80430,259.8604,1.414281e-06
80460,262.8655,1.437349e-06
80490,265.9115,1.460864e-06
80520,268.9177,1.484262e-06
80550,271.9269,1.507896e-06
80580,274.9169,1.531434e-06
80610,277.924,1.555353e-06
80640,280.969,1.579635e-06
80670,283.9783,1.603733e-06
80700,286.9675,1.627857e-06
80730,289.9762,1.652357e-06
80760,292.9647,1.67681e-06
80790,296.0281,1.701917e-06
80820,299.0194,1.726517e-06
80850,302.0269,1.751522e-06
80880,305.016,1.776389e-06
80910,308.0794,1.802322e-06
80940,311.0689,1.827528e-06
80970,314.0756,1.85303e-06
81000,317.0829,1.878651e-06
81030,320.071,1.904335e-06
81060,323.117,1.930715e-06
81090,326.1243,1.95693e-06
81120,329.1321,1.9832e-06
81150,332.1208,2.00946e-06
81180,335.1275,2.036091e-06
81210,338.1715,2.063089e-06
81240,341.1754,2.089869e-06
81270,344.1656,2.117009e-06
81300,347.1743,2.144292e-06
81330,350.1621,2.171507e-06
81360,353.2254,2.199535e-06
81390,356.214,2.227055e-06
81420,359.2229,2.255043e-06
81450,362.2293,2.283136e-06
81480,365.2193,2.311197e-06
81510,368.2622,2.339938e-06
81540,371.2705,2.368576e-06
81570,374.2771,2.397228e-06
81600,377.2657,2.426061e-06
81630,380.2751,2.455187e-06
81660,383.3196,2.484859e-06
81690,386.3275,2.514261e-06
81720,389.3185,2.543682e-06
81750,392.3257,2.573468e-06
81780,395.3159,2.603308e-06
81810,398.3805,2.634117e-06
81840,401.3709,2.664302e-06
81870,404.3786,2.69479e-06
81900,407.3861,2.725508e-06
81930,410.3736,2.756139e-06
81960,413.4208,2.787729e-06
81990,416.4257,2.818992e-06
82020,419.4338,2.850461e-06
82050,422.4229,2.881879e-06
82080,425.4302,2.913729e-06
82110,428.4771,2.946156e-06
82140,431.4837,2.978412e-06
82170,434.4745,3.010665e-06
82200,437.4813,3.043221e-06
82230,440.4716,3.075716e-06
82260,443.534,3.109316e-06
82290,446.5248,3.142494e-06
82320,449.5323,3.175873e-06
82350,452.5391,3.209444e-06
82380,455.5309,3.242958e-06
82410,458.5737,3.277368e-06
82440,461.5819,3.311619e-06
82470,464.5886,3.345968e-06
82500,467.5772,3.380508e-06
82530,470.5859,3.415239e-06
82560,473.6306,3.450622e-06
82590,476.6382,3.48581e-06
82620,479.6278,3.52106e-06
82650,482.6346,3.5568e-06
82680,485.6434,3.592592e-06
82710,488.6876,3.629137e-06
82740,491.6729,3.665109e-06
82770,494.6791,3.701537e-06
82800,497.6866,3.738242e-06
82830,500.6747,3.774938e-06
82860,503.7213,3.812638e-06
82890,506.7277,3.849861e-06
82920,509.7339,3.887445e-06
82950,512.725,3.925056e-06
82980,515.7327,3.963135e-06
83010,518.7761,4.001899e-06
83040,521.7842,4.040376e-06
83070,524.7748,4.078849e-06
83100,527.7811,4.117841e-06
83130,530.7879,4.157101e-06
83160,533.834,4.197077e-06
83190,536.8242,4.236559e-06
83220,539.832,4.276494e-06
83250,542.8397,4.316674e-06
83280,545.8299,4.356945e-06
83310,548.8768,4.398328e-06
83340,551.8856,4.439351e-06
83370,554.8937,4.480647e-06
83400,557.8829,4.5219e-06
83430,560.8914,4.563656e-06
83460,563.9342,4.606286e-06
83490,566.9387,4.648703e-06
83520,569.9316,4.691167e-06
83550,572.9365,4.734096e-06
83580,575.9468,4.777251e-06
83610,578.9915,4.821359e-06
83640,581.9809,4.865066e-06
83670,584.9894,4.909276e-06
83700,587.9982,4.953728e-06
83730,590.9865,4.998166e-06
83760,594.0339,5.043943e-06
83790,597.0427,5.089414e-06
83820,600.0501,5.135415e-06
83850,4.012281,1.358145e-08
83880,7.020814,2.355878e-08
83910,10.06658,3.421513e-08
83940,13.05446,4.441893e-08
83970,16.06085,5.416006e-08
84000,19.07078,6.355791e-08
84030,22.05949,7.276733e-08
84060,25.12176,8.284838e-08
84090,28.11285,9.303398e-08
84120,31.11967,1.035571e-07
84150,34.10802,1.14091e-07
84180,37.11229,1.248157e-07
84210,40.1552,1.356651e-07
84240,43.16524,1.464734e-07
84270,46.15321,1.595355e-07
84300,49.16015,1.740961e-07
84330,52.16872,1.891947e-07
84360,55.21524,2.045768e-07
84390,58.21903,2.145781e-07
84420,61.20731,2.34874e-07
84450,64.21429,2.51201e-07
84480,67.20446,2.66999e-07
84510,70.2651,2.833e-07
84540,73.25491,2.994784e-07
84570,76.26373,3.15771e-07
84600,79.2533,3.319203e-07
84630,82.26139,3.485036e-07
84660,85.3083,3.651279e-07
84690,88.31368,3.817132e-07
84720,91.30457,3.988201e-07
84750,94.31507,4.153895e-07
84780,97.32165,4.327528e-07
84810,100.3663,4.506397e-07
84840,103.3756,4.688777e-07
84870,106.3642,4.865458e-07
84900,109.3727,5.047973e-07
84930,112.3577,5.230877e-07
84960,115.4224,5.419822e-07
84990,118.4127,5.60982e-07
85020,121.4204,5.802746e-07
85050,124.4104,5.990139e-07
85080,127.4179,6.203944e-07
85110,130.4638,6.407701e-07
85140,133.4732,6.609475e-07
85170,136.4611,6.844685e-07
85200,139.4683,7.034744e-07
85230,142.4773,7.263504e-07
85260,145.5223,7.513162e-07
85290,148.529,7.705347e-07
85320,151.5201,7.940806e-07
85350,154.5276,8.173499e-07
85380,157.5165,8.380921e-07
85410,160.5804,8.651714e-07
85440,163.5686,8.856993e-07
85470,166.5768,9.091726e-07
85500,169.5653,9.341991e-07
85530,172.573,9.562333e-07
85560,175.6187,9.807231e-07
85590,178.6271,1.004855e-06
85620,181.6158,1.024818e-06
85650,184.6236,1.049978e-06
85680,187.481,1.049997e-06
85710,190.6631,1.045181e-06
85740,193.6697,1.068125e-06
85770,196.6588,1.090269e-06
85800,199.6663,1.112662e-06
85830,202.6537,1.135009e-06
85860,205.719,1.158251e-06
85890,208.7084,1.180878e-06
85920,211.7149,1.203817e-06
85950,214.7041,1.226797e-06
85980,217.7115,1.250199e-06
86010,220.7566,1.274018e-06
86040,223.7634,1.297574e-06
86070,226.7533,1.321157e-06
86100,229.7597,1.345058e-06
86130,232.7699,1.369144e-06
86160,235.8144,1.393757e-06
86190,238.8232,1.418206e-06
86220,241.8126,1.442596e-06
86250,244.821,1.467218e-06
86280,247.8106,1.491817e-06
86310,250.8754,1.517472e-06
86340,253.8638,1.542421e-06
86370,256.8719,1.567784e-06
86400,259.8615,1.593079e-06
86430,262.8658,1.618681e-06
86460,265.9127,1.644744e-06
86490,268.9184,1.670675e-06
86520,271.9262,1.696785e-06
86550,274.9172,1.722897e-06
86580,277.9242,1.749286e-06
86610,280.969,1.776071e-06
86640,283.9771,1.802735e-06
86670,286.9673,1.829494e-06
86700,289.9755,1.8565e-06
86730,292.9646,1.883427e-06
86760,296.0277,1.911191e-06
86790,299.0181,1.938404e-06
86820,302.0266,1.966042e-06
86850,305.0172,1.993623e-06
86880,308.0792,2.022152e-06
86910,311.0677,2.049847e-06
86940,314.0766,2.077913e-06
86970,317.0831,2.106128e-06
87000,320.0719,2.134543e-06
87030,323.1176,2.163553e-06
87060,326.1249,2.192256e-06
87090,329.134,2.221155e-06
87120,332.1229,2.250084e-06
87150,335.1285,2.279266e-06
87180,338.1738,2.309092e-06
87210,341.1768,2.338693e-06
87240,344.1678,2.368356e-06
87270,347.1738,2.398192e-06
87300,350.1632,2.428043e-06
87330,353.2261,2.458844e-06
87360,356.2155,2.489219e-06
87390,359.2244,2.519886e-06
87420,362.232,2.550676e-06
87450,365.2211,2.581366e-06
87480,368.2641,2.612865e-06
87510,371.2719,2.644131e-06
87540,374.2789,2.675797e-06
87570,377.267,2.707287e-06
87600,380.2772,2.739055e-06
87630,383.3192,2.771459e-06
87660,386.3293,2.803677e-06
87690,389.3196,2.835978e-06
87720,392.3271,2.868619e-06
87750,395.3162,2.90126e-06
87780,398.3823,2.93482e-06
87810,401.3698,2.96769e-06
87840,404.3788,3.001041e-06
87870,407.3869,3.03467e-06
87900,410.3759,3.068227e-06
87930,413.4218,3.102601e-06
87960,416.4254,3.136692e-06
87990,419.4335,3.170957e-06
88020,422.4222,3.205252e-06
88050,425.4301,3.240024e-06
88080,428.4761,3.275381e-06
88110,431.4845,3.310596e-06
88140,434.4753,3.345659e-06
88170,437.4832,3.38111e-06
88200,440.4724,3.416736e-06
88230,443.5339,3.453407e-06
88260,446.525,3.489326e-06
88290,449.5312,3.525608e-06
88320,452.5391,3.562182e-06
88350,455.5305,3.598803e-06
88380,458.5734,3.636309e-06
88410,461.5835,3.673533e-06
88440,464.5891,3.710902e-06
88470,467.5773,3.748185e-06
88500,470.5847,3.78594e-06
88530,473.6311,3.824523e-06
88560,476.6393,3.862921e-06
88590,479.6296,3.901172e-06
88620,482.635,3.939754e-06
88650,485.6428,3.97866e-06
88680,488.6867,4.018249e-06
88710,491.6723,4.057404e-06
88740,494.6806,4.097001e-06
88770,497.6875,4.136847e-06
88800,500.6758,4.176653e-06
88830,503.7221,4.217404e-06
88860,506.7285,4.257783e-06
88890,509.735,4.298613e-06
88920,512.7256,4.339481e-06
88950,515.7316,4.380661e-06
88980,518.7781,4.422664e-06
89010,521.7836,4.464386e-06
89040,524.775,4.506089e-06
89070,527.7822,4.54847e-06
89100,530.7896,4.591001e-06
89130,533.8356,4.634255e-06
89160,536.8257,4.676974e-06
89190,539.8322,4.720271e-06
89220,542.8412,4.763872e-06
89250,545.8303,4.80752e-06
89280,548.8772,4.852241e-06
89310,551.8864,4.896624e-06
89340,554.8954,4.941298e-06
89370,557.8839,4.98599e-06
89400,560.8912,5.031176e-06
89430,563.9356,5.077392e-06
89460,566.9402,5.123272e-06
89490,569.931,5.169168e-06
89520,572.9379,5.215576e-06
89550,575.9489,5.262287e-06
89580,578.9938,5.310144e-06
89610,581.9819,5.357212e-06
89640,584.9907,5.404994e-06
89670,587.9995,5.453108e-06
89700,590.9893,5.501252e-06
89730,594.0342,5.550597e-06
89760,597.0428,5.59982e-06
89790,600.0515,5.649598e-06
89820,4.015242,1.192419e-08
89850,7.021354,2.153863e-08
89880,10.06668,3.224528e-08
89910,13.0541,4.348786e-08
89940,16.06289,5.446751e-08
89970,19.07222,6.509699e-08
90000,22.05966,7.573403e-08
90030,25.12174,8.65374e-08
90060,28.11145,9.705063e-08
90090,31.11989,1.077245e-07
90120,34.1067,1.182236e-07
90150,37.11211,1.287529e-07
90180,40.1565,1.420364e-07
90210,43.16354,1.562675e-07
90240,46.15384,1.706981e-07
90270,49.1595,1.8544e-07
90300,52.1684,2.005271e-07
90330,55.21433,2.15747e-07
90360,58.21918,2.257146e-07
90390,61.20933,2.461557e-07
90420,64.21519,2.623538e-07
90450,67.20391,2.780422e-07
90480,70.26678,2.941933e-07
90510,73.25574,3.103595e-07
90540,76.26479,3.263924e-07
90570,79.25364,3.425607e-07
90600,82.26159,3.589805e-07
90630,85.30788,3.752146e-07
90660,88.31525,3.92233e-07
90690,91.30473,4.085325e-07
90720,94.31502,4.255583e-07
90750,97.32279,4.427753e-07
90780,100.3679,4.608974e-07
90810,103.3764,4.784707e-07
90840,106.3653,4.961727e-07
90870,109.3729,5.148618e-07
90900,112.3588,5.3267e-07
90930,115.4225,5.521196e-07
90960,118.4133,5.703873e-07
90990,121.4214,5.890906e-07
91020,124.4103,6.090042e-07
91050,127.4177,6.291586e-07
91080,130.4642,6.491974e-07
91110,133.4729,6.720341e-07
91140,136.4612,6.91731e-07
91170,139.4691,7.136327e-07
91200,142.4788,7.374828e-07
91230,145.5228,7.581662e-07
91260,148.5296,7.807744e-07
91290,151.5213,8.037114e-07
91320,154.5277,8.242232e-07
91350,157.5174,8.478643e-07
91380,160.5809,8.726394e-07
91410,163.5688,8.925503e-07
91440,166.5763,9.183449e-07
91470,169.5667,9.398415e-07
91500,172.5746,9.628266e-07
91530,175.6203,9.896805e-07
91560,178.6263,1.010155e-06
91590,181.6152,1.031671e-06
91620,184.6379,1.049987e-06
91650,187.2482,1.050002e-06
91680,190.6637,1.050893e-06
91710,193.6697,1.073716e-06
91740,196.658,1.095634e-06
91770,199.6661,1.117943e-06
91800,202.6562,1.140183e-06
91830,205.7189,1.163105e-06
91860,208.709,1.185541e-06
91890,211.7153,1.208375e-06
91920,214.7048,1.231333e-06
91950,217.712,1.254494e-06
91980,220.7558,1.278018e-06
92010,223.7634,1.30139e-06
92040,226.7521,1.32489e-06
92070,229.7596,1.348509e-06
92100,232.7687,1.372554e-06
92130,235.8137,1.39682e-06
92160,238.8226,1.421109e-06
92190,241.8117,1.445198e-06
92220,244.8197,1.469728e-06
92250,247.8111,1.494311e-06
92280,250.8733,1.519641e-06
92310,253.8634,1.544429e-06
92340,256.8712,1.569499e-06
92370,259.8607,1.5946e-06
92400,262.8648,1.619967e-06
92430,265.9109,1.645978e-06
92460,268.9189,1.67172e-06
92490,271.9274,1.697668e-06
92520,274.9166,1.723453e-06
92550,277.9238,1.749588e-06
92580,280.9686,1.776294e-06
92610,283.9783,1.802881e-06
92640,286.9675,1.829404e-06
92670,289.9763,1.856191e-06
92700,292.9653,1.882968e-06
92730,296.028,1.910548e-06
92760,299.0185,1.93759e-06
92790,302.0271,1.965039e-06
92820,305.0156,1.992454e-06
92850,308.0788,2.020653e-06
92880,311.0689,2.048213e-06
92910,314.0757,2.076172e-06
92940,317.0822,2.104417e-06
92970,320.0733,2.132515e-06
93000,323.1187,2.161272e-06
93030,326.1248,2.189786e-06
93060,329.1322,2.218589e-06
93090,332.1218,2.24734e-06
93120,335.1288,2.276522e-06
93150,338.1744,2.306183e-06
93180,341.1772,2.335546e-06
93210,344.1662,2.364883e-06
93240,347.1735,2.394585e-06
93270,350.1629,2.424413e-06
93300,353.2252,2.455062e-06
93330,356.2155,2.485226e-06
93360,359.223,2.51567e-06
93390,362.2314,2.54627e-06
93420,365.2204,2.576757e-06
93450,368.2636,2.60823e-06
93480,371.2728,2.639462e-06
93510,374.2789,2.670795e-06
93540,377.2687,2.702082e-06
93570,380.2753,2.733688e-06
93600,383.3205,2.765949e-06
93630,386.3282,2.798177e-06
93660,389.3195,2.830206e-06
93690,392.3279,2.86269e-06
93720,395.3157,2.895044e-06
93750,398.3816,2.928545e-06
93780,401.3698,2.961286e-06
93810,404.3789,2.994599e-06
93840,407.3871,3.028068e-06
93870,410.3758,3.061383e-06
93900,413.4218,3.095491e-06
93930,416.4254,3.129442e-06
93960,419.434,3.163642e-06
93990,422.4227,3.197815e-06
94020,425.4317,3.232428e-06
94050,428.4766,3.267729e-06
94080,431.4837,3.30263e-06
94110,434.4738,3.337491e-06
94140,437.4825,3.372743e-06
94170,440.4725,3.408283e-06
94200,443.535,3.444791e-06
94230,446.5255,3.48044e-06
94260,449.5321,3.516549e-06
94290,452.5388,3.552966e-06
94320,455.5297,3.589291e-06
94350,458.5744,3.626589e-06
94380,461.5812,3.663668e-06
94410,464.5896,3.700971e-06
94440,467.5781,3.73803e-06
94470,470.5871,3.775672e-06
94500,473.6311,3.814121e-06
94530,476.6382,3.852216e-06
94560,479.6282,3.890264e-06
94590,482.6351,3.928865e-06
94620,485.644,3.967533e-06
94650,488.6873,4.007011e-06
94680,491.6731,4.045913e-06
94710,494.6817,4.085442e-06
94740,497.6884,4.125128e-06
94770,500.6768,4.164744e-06
94800,503.7217,4.205324e-06
94830,506.7263,4.24562e-06
94860,509.7332,4.286284e-06
94890,512.7255,4.326946e-06
94920,515.734,4.368069e-06
94950,518.7776,4.409936e-06
94980,521.7861,4.45143e-06
95010,524.7746,4.49302e-06
95040,527.781,4.535168e-06
95070,530.7899,4.577558e-06
95100,533.834,4.620703e-06
95130,536.8251,4.663226e-06
95160,539.8325,4.706385e-06
95190,542.8408,4.749638e-06
95220,545.832,4.793101e-06
95250,548.877,4.837542e-06
95280,551.8862,4.881825e-06
95310,554.8933,4.926189e-06
95340,557.8818,4.970573e-06
95370,560.8923,5.015613e-06
95400,563.9379,5.061448e-06
95430,566.9413,5.10704e-06
95460,569.9321,5.152594e-06
95490,572.9405,5.19873e-06
95520,575.9488,5.245157e-06
95550,578.9943,5.29261e-06
95580,581.9825,5.339421e-06
95610,584.9906,5.386995e-06
95640,587.9991,5.434655e-06
95670,590.9882,5.482361e-06
95700,594.0346,5.531445e-06
95730,597.043,5.58045e-06
95760,600.0506,5.629739e-06
95790,4.014414,1.171502e-08
95820,7.021349,2.115759e-08
95850,10.06573,3.049241e-08
95880,13.0539,3.959349e-08
95910,16.062,4.836987e-08
95940,19.07244,5.677216e-08
95970,22.0593,6.530316e-08
96000,25.12334,7.439642e-08
96030,28.11165,8.357206e-08
96060,31.11891,9.316521e-08
96090,34.10778,1.0293e-07
96120,37.11263,1.129256e-07
96150,40.15538,1.228885e-07
96180,43.16444,1.329953e-07
96210,46.15395,1.433255e-07
96240,49.15927,1.564015e-07
96270,52.16866,1.702618e-07
96300,55.21457,1.845373e-07
96330,58.21934,1.93468e-07
96360,61.20736,2.125333e-07
96390,64.21482,2.27928e-07
96420,67.20341,2.426595e-07
96450,70.26582,2.577891e-07
96480,73.2544,2.728206e-07
96510,76.26381,2.880946e-07
96540,79.25285,3.032623e-07
96570,82.2609,3.187335e-07
96600,85.30744,3.34485e-07
96630,88.31499,3.499059e-07
96660,91.30428,3.659893e-07
96690,94.31493,3.818412e-07
96720,97.32191,3.975904e-07
96750,100.3663,4.139768e-07
96780,103.3745,4.304342e-07
96810,106.3633,4.474548e-07
96840,109.3713,4.641643e-07
96870,112.3578,4.81197e-07
96900,115.4212,4.989039e-07
96930,118.4124,5.16435e-07
96960,121.4191,5.348526e-07
96990,124.4102,5.515518e-07
97020,127.4174,5.704408e-07
97050,130.4638,5.896776e-07
97080,133.4723,6.072931e-07
97110,136.4611,6.271528e-07
97140,139.4679,6.463788e-07
97170,142.4771,6.656547e-07
97200,145.5215,6.909034e-07
97230,148.5289,7.092904e-07
97260,151.5204,7.300649e-07
97290,154.5277,7.535199e-07
97320,157.5166,7.718631e-07
97350,160.5799,7.966019e-07
97380,163.5685,8.173535e-07
97410,166.5766,8.37648e-07
97440,169.5659,8.612188e-07
97470,172.5741,8.831646e-07
97500,175.619,9.056963e-07
97530,178.6264,9.302285e-07
97560,181.6154,9.507373e-07
97590,184.6223,9.736602e-07
97620,187.626,9.97768e-07
97650,190.6718,1.018708e-06
97680,193.6776,1.040282e-06
97710,196.6502,1.049992e-06
97740,198.8874,1.050005e-06
97770,202.6541,1.056296e-06
97800,205.7189,1.079111e-06
97830,208.709,1.100536e-06
97860,211.7163,1.122163e-06
97890,214.7039,1.143855e-06
97920,217.7124,1.165827e-06
97950,220.7558,1.18811e-06
97980,223.7626,1.210317e-06
98010,226.7524,1.232725e-06
98040,229.7597,1.255141e-06
98070,232.7688,1.277816e-06
98100,235.8138,1.300896e-06
98130,238.8216,1.323879e-06
98160,241.8115,1.346859e-06
98190,244.8195,1.370222e-06
98220,247.8104,1.393557e-06
98250,250.8742,1.41762e-06
98280,253.8642,1.441083e-06
98310,256.8733,1.464886e-06
98340,259.8611,1.488793e-06
98370,262.8654,1.513021e-06
98400,265.912,1.537649e-06
98430,268.9191,1.562033e-06
98460,271.9274,1.586588e-06
98490,274.9169,1.611152e-06
98520,277.9247,1.636124e-06
98550,280.9695,1.66152e-06
98580,283.9789,1.686734e-06
98610,286.9669,1.711846e-06
98640,289.975,1.737241e-06
98670,292.9648,1.762701e-06
98700,296.0279,1.789099e-06
98730,299.0193,1.814734e-06
98760,302.0272,1.840792e-06
98790,305.0161,1.866749e-06
98820,308.0798,1.893593e-06
98850,311.0683,1.919669e-06
98880,314.0759,1.946539e-06
98910,317.0839,1.973303e-06
98940,320.0732,1.999962e-06
98970,323.1189,2.027181e-06
99000,326.1256,2.054352e-06
99030,329.1324,2.081794e-06
99060,332.1221,2.109109e-06
99090,335.1287,2.136829e-06
99120,338.1722,2.165007e-06
99150,341.1785,2.192884e-06
99180,344.1669,2.220707e-06
99210,347.1742,2.249094e-06
99240,350.1628,2.277327e-06
99270,353.2249,2.306533e-06
99300,356.2162,2.335075e-06
99330,359.2234,2.364032e-06
99360,362.2324,2.393108e-06
99390,365.2205,2.422273e-06
99420,368.2646,2.452019e-06
99450,371.2726,2.481651e-06
99480,374.2784,2.511378e-06
99510,377.2668,2.541107e-06
99540,380.2764,2.571295e-06
99570,383.3196,2.602047e-06
99600,386.3296,2.632592e-06
99630,389.3202,2.66294e-06
99660,392.3272,2.69368e-06
99690,395.3164,2.724583e-06
99720,398.3827,2.756353e-06
99750,401.3701,2.787571e-06
99780,404.3795,2.819139e-06
99810,407.3871,2.85086e-06
99840,410.3748,2.88244e-06
99870,413.4211,2.914861e-06
99900,416.4257,2.947151e-06
99930,419.4344,2.979634e-06
99960,422.4225,3.012097e-06
99990,425.4304,3.044934e-06
100020,428.477,3.078262e-06
100050,431.4838,3.11143e-06
100080,434.4737,3.144594e-06
100110,437.4833,3.178256e-06
100140,440.4708,3.211788e-06
100170,443.535,3.246328e-06
100200,446.5243,3.280135e-06
100230,449.5311,3.314385e-06
100260,452.5388,3.349033e-06
100290,455.5294,3.383548e-06
100320,458.574,3.4189e-06
100350,461.5843,3.453961e-06
100380,464.5884,3.48916e-06
100410,467.5774,3.524385e-06
100440,470.5853,3.560263e-06
100470,473.6311,3.596822e-06
100500,476.6389,3.632793e-06
100530,479.6285,3.668815e-06
100560,482.6353,3.705375e-06
100590,485.6433,3.74215e-06
100620,488.686,3.779599e-06
100650,491.6722,3.816418e-06
100680,494.6809,3.853824e-06
100710,497.687,3.89144e-06
100740,500.6755,3.928917e-06
100770,503.7208,3.967518e-06
100800,506.7275,4.005858e-06
100830,509.7341,4.044335e-06
100860,512.7268,4.082655e-06
100890,515.7341,4.121586e-06
100920,518.7777,4.161403e-06
100950,521.7848,4.200776e-06
100980,524.7747,4.240191e-06
101010,527.7818,4.28002e-06
101040,530.7886,4.320095e-06
101070,533.8338,4.360915e-06
101100,536.8257,4.401297e-06
101130,539.8328,4.442188e-06
101160,542.842,4.483196e-06
101190,545.8305,4.524089e-06
101220,548.8766,4.566163e-06
101250,551.8849,4.608059e-06
101280,554.8926,4.65014e-06
101310,557.8831,4.692279e-06
101340,560.8922,4.734916e-06
101370,563.9357,4.778338e-06
101400,566.9416,4.821368e-06
101430,569.9313,4.864645e-06
101460,572.941,4.908449e-06
101490,575.9473,4.952403e-06
101520,578.9924,4.997173e-06
101550,581.9824,5.041525e-06
101580,584.9897,5.086524e-06
101610,587.9995,5.131855e-06
101640,590.9898,5.177124e-06
101670,594.0356,5.223523e-06
101700,597.0429,5.269817e-06
101730,600.0486,5.316336e-06
101760,4.014631,1.702018e-08
101790,7.020627,2.039558e-08
101820,10.06596,2.977444e-08
101850,13.05463,3.842579e-08
101880,16.06282,4.641344e-08
101910,19.07124,5.4228e-08
101940,22.05974,6.272526e-08
101970,25.1209,7.138306e-08
102000,28.11295,7.939161e-08
102030,31.11876,8.753804e-08
102060,34.10784,9.56386e-08
102090,37.11048,1.038585e-07
102120,40.1562,1.138554e-07
102150,43.16347,1.248138e-07
102180,46.15283,1.359884e-07
102210,49.15826,1.473956e-07
102240,52.16698,1.588892e-07
102270,55.21314,1.70795e-07
102300,58.21897,1.777822e-07
102330,61.20714,1.939712e-07
102360,64.21354,2.064751e-07
102390,67.20379,2.186262e-07
102420,70.26599,2.313213e-07
102450,73.25542,2.43598e-07
102480,76.2642,2.561455e-07
102510,79.25333,2.687364e-07
102540,82.2603,2.814569e-07
102570,85.30717,2.944731e-07
102600,88.31448,3.075702e-07
102630,91.30342,3.206834e-07
102660,94.31345,3.337359e-07
102690,97.32155,3.471445e-07
102720,100.3668,3.606158e-07
102750,103.3743,3.739e-07
102780,106.3626,3.877061e-07
102810,109.3715,4.011812e-07
102840,112.3576,4.145063e-07
102870,115.4209,4.291599e-07
102900,118.4122,4.431664e-07
102930,121.4185,4.576746e-07
102960,124.4092,4.720959e-07
102990,127.417,4.872625e-07
103020,130.4625,5.02598e-07
103050,133.4701,5.17287e-07
103080,136.459,5.328297e-07
103110,139.467,5.484116e-07
103140,142.4759,5.638785e-07
103170,145.5201,5.806269e-07
103200,148.5289,5.958591e-07
103230,151.5196,6.126158e-07
103260,154.5265,6.297611e-07
103290,157.516,6.451518e-07
103320,160.5794,6.656508e-07
103350,163.5669,6.817806e-07
103380,166.5748,6.993592e-07
103410,169.5657,7.19964e-07
103440,172.5722,7.370252e-07
103470,175.6172,7.562174e-07
103500,178.6233,7.776678e-07
103530,181.6121,7.938111e-07
103560,184.6201,8.138895e-07
103590,187.6253,8.344507e-07
103620,190.6704,8.52394e-07
103650,193.6775,8.725727e-07
103680,196.6655,8.921243e-07
103710,199.6752,9.104912e-07
103740,202.6619,9.320002e-07
103770,205.7266,9.53482e-07
103800,208.7173,9.71574e-07
103830,211.7227,9.941607e-07
103860,214.7119,1.011877e-06
103890,217.7199,1.031602e-06
103920,220.7779,1.049985e-06
103950,223.6278,1.049997e-06
103980,226.7523,1.040737e-06
104010,229.7605,1.060665e-06
104040,232.7693,1.079814e-06
104070,235.8135,1.099359e-06
104100,238.821,1.118615e-06
104130,241.8115,1.13798e-06
104160,244.82,1.157546e-06
104190,247.8105,1.177254e-06
104220,250.8746,1.197485e-06
104250,253.8638,1.217403e-06
104280,256.8713,1.237569e-06
104310,259.8604,1.257629e-06
104340,262.8652,1.277985e-06
104370,265.9116,1.298787e-06
104400,268.9182,1.31957e-06
104430,271.9268,1.340383e-06
104460,274.9168,1.361133e-06
104490,277.9238,1.382145e-06
104520,280.9691,1.403616e-06
104550,283.977,1.425025e-06
104580,286.9669,1.446386e-06
104610,289.9764,1.468059e-06
104640,292.9644,1.489562e-06
104670,296.0282,1.511884e-06
104700,299.0177,1.533606e-06
104730,302.0267,1.555856e-06
104760,305.0159,1.577988e-06
104790,308.0798,1.600812e-06
104820,311.0677,1.623091e-06
104850,314.0755,1.645709e-06
104880,317.0819,1.668404e-06
104910,320.0717,1.691187e-06
104940,323.118,1.714563e-06
104970,326.1247,1.737683e-06
105000,329.1329,1.761012e-06
105030,332.121,1.784133e-06
105060,335.1267,1.807709e-06
105090,338.1725,1.831758e-06
105120,341.178,1.855623e-06
105150,344.1657,1.87939e-06
105180,347.174,1.903584e-06
105210,350.1632,1.927676e-06
105240,353.2248,1.952475e-06
105270,356.2139,1.976958e-06
105300,359.2235,2.001714e-06
105330,362.2319,2.026664e-06
105360,365.2197,2.051477e-06
105390,368.264,2.076976e-06
105420,371.2722,2.102178e-06
105450,374.2784,2.127761e-06
105480,377.2675,2.153296e-06
105510,380.2764,2.179139e-06
105540,383.3207,2.205372e-06
105570,386.3283,2.231416e-06
105600,389.3189,2.257496e-06
105630,392.3264,2.284039e-06
105660,395.3161,2.310572e-06
105690,398.3818,2.337859e-06
105720,401.3705,2.364572e-06
105750,404.3794,2.391698e-06
105780,407.3848,2.418988e-06
105810,410.3746,2.446277e-06
105840,413.4195,2.474299e-06
105870,416.4249,2.5021e-06
105900,419.4317,2.530016e-06
105930,422.4221,2.557858e-06
105960,425.4305,2.586269e-06
105990,428.4749,2.615206e-06
106020,431.4843,2.64383e-06
106050,434.4734,2.672838e-06
106080,437.4836,2.701918e-06
106110,440.4711,2.730489e-06
106140,443.5341,2.759867e-06
106170,446.5253,2.789733e-06
106200,449.5316,2.819608e-06
106230,452.5387,2.849522e-06
106260,455.5299,2.879445e-06
106290,458.5721,2.910141e-06
106320,461.5814,2.940677e-06
106350,464.587,2.971365e-06
106380,467.5766,3.002049e-06
106410,470.5859,3.033143e-06
106440,473.6292,3.064783e-06
106470,476.6374,3.096172e-06
106500,479.6273,3.127743e-06
106530,482.6342,3.159669e-06
106560,485.6425,3.191733e-06
106590,488.6867,3.224349e-06
106620,491.6729,3.25653e-06
106650,494.6797,3.289264e-06
106680,497.6881,3.322152e-06
106710,500.6767,3.355092e-06
106740,503.7217,3.388839e-06
106770,506.7283,3.422345e-06
106800,509.7339,3.456005e-06
106830,512.7268,3.489839e-06
106860,515.7335,3.524045e-06
106890,518.7773,3.558952e-06
106920,521.785,3.593505e-06
106950,524.7745,3.628187e-06
106980,527.7812,3.663238e-06
107010,530.7889,3.69864e-06
107040,533.8348,3.734608e-06
107070,536.8255,3.770171e-06
107100,539.8333,3.806233e-06
107130,542.8406,3.84243e-06
107160,545.8304,3.878723e-06
107190,548.8775,3.916085e-06
107220,551.8862,3.953197e-06
107250,554.8941,3.990459e-06
107280,557.8821,4.027674e-06
107310,560.8928,4.065603e-06
107340,563.9351,4.104188e-06
107370,566.9412,4.142631e-06
107400,569.9302,4.181059e-06
107430,572.9393,4.220085e-06
107460,575.9449,4.259278e-06
107490,578.9943,4.299366e-06
107520,581.9823,4.339041e-06
107550,584.9889,4.379291e-06
107580,587.9995,4.419939e-06
107610,590.9874,4.460531e-06
107640,594.0354,4.502362e-06
107670,597.0422,4.544082e-06
107700,600.0508,4.586193e-06
107730,4.014134,1.636147e-08
107760,7.021126,1.944022e-08
107790,10.06633,2.80282e-08
107820,13.05407,3.600521e-08
107850,16.06322,4.352708e-08
107880,19.07052,5.146157e-08
107910,22.06009,5.942352e-08
107940,25.12227,6.744325e-08
107970,28.11242,7.524095e-08
108000,31.11838,8.301993e-08
108030,34.10751,9.073782e-08
108060,37.11238,9.873337e-08
108090,40.15577,1.088169e-07
108120,43.16315,1.193202e-07
108150,46.15201,1.297062e-07
108180,49.15947,1.408097e-07
108210,52.1684,1.519018e-07
108240,55.21374,1.63092e-07
108270,58.2182,1.692568e-07
108300,61.20783,1.859717e-07
108330,64.21501,1.974351e-07
108360,67.20397,2.089723e-07
108390,70.26566,2.197785e-07
108420,73.25541,2.32711e-07
108450,76.26415,2.444629e-07
108480,79.25269,2.568426e-07
108510,82.26171,2.691838e-07
108540,85.30608,2.819291e-07
108570,88.31392,2.938348e-07
108600,91.30312,3.057869e-07
108630,94.31435,3.190789e-07
108660,97.3212,3.31886e-07
108690,100.3666,3.444115e-07
108720,103.3741,3.578694e-07
108750,106.3638,3.705642e-07
108780,109.3717,3.832931e-07
108810,112.3571,3.967554e-07
108840,115.4213,4.09557e-07
108870,118.4121,4.228062e-07
108900,121.4184,4.361916e-07
108930,124.41,4.509058e-07
108960,127.4164,4.65264e-07
108990,130.4637,4.798624e-07
109020,133.472,4.949954e-07
109050,136.4603,5.092587e-07
109080,139.4676,5.237868e-07
109110,142.4765,5.391e-07
109140,145.5205,5.540005e-07
109170,148.5288,5.695437e-07
109200,151.5192,5.849085e-07
109230,154.5264,5.999281e-07
109260,157.5157,6.16576e-07
109290,160.5784,6.34156e-07
109320,163.5677,6.491287e-07
109350,166.5757,6.691257e-07
109380,169.5649,6.843887e-07
109410,172.5717,7.02095e-07
109440,175.6185,7.237379e-07
109470,178.6251,7.389102e-07
109500,181.6135,7.5744e-07
109530,184.6214,7.770816e-07
109560,187.625,7.935467e-07
109590,190.6698,8.149938e-07
109620,193.6765,8.329002e-07
109650,196.6653,8.501989e-07
109680,199.6742,8.71902e-07
109710,202.6614,8.899087e-07
109740,205.7254,9.110307e-07
109770,208.7167,9.314829e-07
109800,211.7231,9.48947e-07
109830,214.7126,9.686588e-07
109860,217.7197,9.899816e-07
109890,220.7629,1.007915e-06
109920,223.7714,1.027448e-06
109950,226.7593,1.049368e-06
109980,229.7223,1.049994e-06
110010,231.8265,1.050006e-06
110040,235.8144,1.054224e-06
110070,238.8227,1.073948e-06
110100,241.8125,1.092713e-06
110130,244.8207,1.111698e-06
110160,247.8099,1.130585e-06
110190,250.8729,1.150228e-06
110220,253.8628,1.169525e-06
110250,256.8723,1.188967e-06
110280,259.8613,1.208437e-06
110310,262.8646,1.228188e-06
110340,265.9112,1.248256e-06
110370,268.9191,1.268343e-06
110400,271.926,1.288453e-06
110430,274.9166,1.308634e-06
110460,277.9237,1.328999e-06
110490,280.9688,1.34975e-06
110520,283.9777,1.37042e-06
110550,286.9668,1.391269e-06
110580,289.9761,1.412187e-06
110610,292.9644,1.433132e-06
110640,296.0283,1.454651e-06
110670,299.0179,1.475797e-06
110700,302.0267,1.497336e-06
110730,305.017,1.518787e-06
110760,308.0802,1.541049e-06
110790,311.0685,1.562599e-06
110820,314.0758,1.584571e-06
110850,317.0826,1.606684e-06
110880,320.0729,1.628894e-06
110910,323.1194,1.651481e-06
110940,326.1248,1.673858e-06
110970,329.1325,1.696528e-06
111000,332.1215,1.719172e-06
111030,335.1277,1.742066e-06
111060,338.1727,1.765413e-06
111090,341.1768,1.78859e-06
111120,344.166,1.811666e-06
111150,347.1742,1.835062e-06
111180,350.1625,1.858494e-06
111210,353.226,1.882849e-06
111240,356.2157,1.906603e-06
111270,359.2231,1.930641e-06
111300,362.2306,1.954797e-06
111330,365.2208,1.978968e-06
111360,368.2638,2.003818e-06
111390,371.2731,2.028496e-06
111420,374.2784,2.053277e-06
111450,377.2679,2.077999e-06
111480,380.2768,2.103135e-06
111510,383.3216,2.128852e-06
111540,386.3284,2.154289e-06
111570,389.3206,2.17979e-06
111600,392.3262,2.205491e-06
111630,395.3157,2.231271e-06
111660,398.3823,2.257854e-06
111690,401.3701,2.283897e-06
111720,404.3786,2.310399e-06
111750,407.386,2.337068e-06
111780,410.3757,2.363617e-06
111810,413.4208,2.39076e-06
111840,416.4245,2.417873e-06
111870,419.4335,2.445293e-06
111900,422.4231,2.472577e-06
111930,425.4316,2.500092e-06
111960,428.4754,2.528289e-06
111990,431.4839,2.556216e-06
112020,434.4744,2.584219e-06
112050,437.4823,2.612546e-06
112080,440.4717,2.640887e-06
112110,443.5347,2.670138e-06
112140,446.5247,2.698778e-06
112170,449.5312,2.727893e-06
112200,452.5394,2.757338e-06
112230,455.5303,2.786652e-06
112260,458.5731,2.816506e-06
112290,461.5823,2.846238e-06
112320,464.5891,2.87626e-06
112350,467.5783,2.906179e-06
112380,470.5852,2.936711e-06
112410,473.6307,2.967856e-06
112440,476.6378,2.998843e-06
112470,479.629,3.029344e-06
112500,482.6349,3.060414e-06
112530,485.6429,3.091842e-06
112560,488.6873,3.123765e-06
112590,491.6733,3.155217e-06
112620,494.6802,3.187673e-06
112650,497.6866,3.219973e-06
112680,500.6763,3.252003e-06
112710,503.7202,3.284839e-06
112740,506.728,3.31768e-06
112770,509.7347,3.350898e-06
112800,512.7255,3.384029e-06
112830,515.7315,3.417454e-06
112860,518.7773,3.451614e-06
112890,521.7837,3.485346e-06
112920,524.7734,3.519514e-06
112950,527.7812,3.554243e-06
112980,530.7899,3.589067e-06
113010,533.834,3.624311e-06
113040,536.8237,3.658905e-06
113070,539.8323,3.69453e-06
113100,542.8419,3.730413e-06
113130,545.831,3.766206e-06
113160,548.8765,3.804955e-06
113190,551.8849,3.839171e-06
113220,554.8925,3.875779e-06
113250,557.8817,3.912535e-06
113280,560.891,3.949972e-06
113310,563.9349,3.987836e-06
113340,566.9404,4.025925e-06
113370,569.9312,4.064516e-06
113400,572.9376,4.103048e-06
113430,575.9457,4.141739e-06
113460,578.9921,4.1805e-06
113490,581.9814,4.220098e-06
113520,584.9898,4.260595e-06
113550,587.9993,4.300729e-06
113580,590.9899,4.340944e-06
113610,594.0338,4.382679e-06
113640,597.0428,4.424245e-06
113670,600.0509,4.466115e-06
