time_minutes,Applied_Voltage,Leakage_Current_microampere
0,1.007554,0.0038499999999999997
30,4.011488,0.0103
60,7.021188,0.018699999999999998
90,10.06371,0.0269
120,13.05175,0.0349
150,16.06106,0.0426
180,19.06839,0.0499
210,22.05592,0.0569
240,25.11939,0.065
270,28.10904,0.0728
300,31.11531,0.0809
330,34.10518,0.0891
360,37.10891,0.0975
390,40.15341,0.106
420,43.15983,0.11499999999999999
450,46.14858,0.125
480,49.15611,0.13699999999999998
510,52.16451,0.149
540,55.2085,0.161
570,58.21496,0.167
600,61.20321,0.184
630,64.20985,0.197
660,67.19885,0.21
690,70.26025,0.223
720,73.24953,0.236
750,76.25942,0.248
780,79.24762,0.261
810,82.25636,0.275
840,85.3035,0.288
870,88.30963,0.301
900,91.2991,0.315
930,94.30942,0.329
960,97.31769,0.342
990,100.3619,0.35600000000000004
1020,103.3722,0.371
1050,106.3603,0.384
1080,109.3687,0.399
1110,112.3556,0.413
1140,115.4195,0.42800000000000005
1170,118.4096,0.442
1200,121.4169,0.45699999999999996
1230,124.4072,0.47300000000000003
1260,127.4151,0.48699999999999993
1290,130.4603,0.504
1320,133.4702,0.519
1350,136.459,0.5349999999999999
1380,139.4665,0.551
1410,142.4759,0.568
1440,145.5204,0.585
1470,148.5282,0.602
1500,151.5189,0.618
1530,154.5264,0.636
1560,157.5148,0.654
1590,160.5777,0.6719999999999999
1620,163.5663,0.6910000000000001
1650,166.5736,0.71
1680,169.5635,0.728
1710,172.5697,0.75
1740,175.616,0.769
1770,178.6215,0.788
1800,181.6111,0.8099999999999999
1830,184.6185,0.828
1860,187.6222,0.848
1890,190.6671,0.871
1920,193.6742,0.888
1950,196.6619,0.9099999999999999
1980,199.6691,0.9309999999999999
2010,202.6574,0.9490000000000001
2040,205.7227,0.9739999999999999
2070,208.7132,0.9930000000000001
2100,211.7189,1.01
2130,214.7087,1.04
2160,217.7302,1.0499999999999998
2190,220.3952,1.0499999999999998
2220,223.7581,1.0499999999999998
2250,226.7476,1.0699999999999998
2280,229.756,1.0899999999999999
2310,232.7651,1.1
2340,235.8086,1.13
2370,238.8181,1.15
2400,241.8077,1.17
2430,244.8167,1.19
2460,247.8062,1.21
2490,250.8704,1.23
2520,253.8597,1.25
2550,256.8691,1.27
2580,259.8579,1.29
2610,262.8622,1.31
2640,265.9084,1.33
2670,268.9152,1.3599999999999999
2700,271.9226,1.38
2730,274.9134,1.4
2760,277.9213,1.42
2790,280.9671,1.44
2820,283.9752,1.47
2850,286.9661,1.49
2880,289.9743,1.51
2910,292.9635,1.53
2940,296.0258,1.56
2970,299.0174,1.5799999999999998
3000,302.026,1.5999999999999999
3030,305.0146,1.6199999999999999
3060,308.078,1.6500000000000001
3090,311.0659,1.6700000000000002
3120,314.0738,1.69
3150,317.0807,1.72
3180,320.0702,1.74
3210,323.1161,1.77
3240,326.1217,1.79
3270,329.1296,1.81
3300,332.1188,1.8399999999999999
3330,335.1247,1.8599999999999999
3360,338.1696,1.89
3390,341.1738,1.91
3420,344.1632,1.9400000000000002
3450,347.1692,1.96
3480,350.1592,1.99
3510,353.2217,2.01
3540,356.21,2.04
3570,359.2186,2.0700000000000003
3600,362.2262,2.09
3630,365.2149,2.12
3660,368.2599,2.1399999999999997
3690,371.2683,2.17
3720,374.2737,2.2
3750,377.2621,2.2199999999999998
3780,380.2716,2.25
3810,383.3166,2.2800000000000002
3840,386.3245,2.31
3870,389.3144,2.33
3900,392.322,2.36
3930,395.3115,2.39
3960,398.3777,2.42
3990,401.3665,2.44
4020,404.3752,2.47
4050,407.3834,2.5
4080,410.3719,2.53
4110,413.4177,2.56
4140,416.4229,2.5900000000000003
4170,419.4293,2.62
4200,422.4196,2.65
4230,425.4274,2.68
4260,428.4738,2.71
4290,431.4809,2.73
4320,434.4713,2.76
4350,437.4801,2.79
4380,440.4693,2.83
4410,443.5327,2.8600000000000003
4440,446.5243,2.8899999999999997
4470,449.5306,2.92
4500,452.5374,2.95
4530,455.5267,2.98
4560,458.5724,3.01
4590,461.5806,3.04
4620,464.5861,3.08
4650,467.5763,3.11
4680,470.5821,3.14
4710,473.6284,3.17
4740,476.6353,3.21
4770,479.6263,3.2399999999999998
4800,482.6325,3.27
4830,485.6382,3.3000000000000003
4860,488.685,3.3400000000000003
4890,491.6689,3.37
4920,494.6773,3.41
4950,497.6829,3.44
4980,500.6704,3.4699999999999998
5010,503.7174,3.51
5040,506.7229,3.54
5070,509.731,3.58
5100,512.7216,3.6100000000000003
5130,515.728,3.6500000000000004
5160,518.7724,3.6799999999999997
5190,521.78,3.7199999999999998
5220,524.7667,3.76
5250,527.7756,3.79
5280,530.7835,3.8299999999999996
5310,533.8296,3.87
5340,536.8196,3.9
5370,539.8279,3.9400000000000004
5400,542.8352,3.98
5430,545.8265,4.02
5460,548.8738,4.05
5490,551.8817,4.09
5520,554.8886,4.13
5550,557.8805,4.17
5580,560.8896,4.21
5610,563.933,4.25
5640,566.9368,4.289999999999999
5670,569.9282,4.33
5700,572.9365,4.37
5730,575.9457,4.41
5760,578.9899,4.45
5790,581.9794,4.49
5820,584.9874,4.53
5850,587.9969,4.57
5880,590.9866,4.61
5910,594.0328,4.66
5940,597.0408,4.7
5970,600.0488,4.74
6000,1.007328,0.00561
6030,4.013,0.012
6060,7.019596,0.019799999999999998
6090,10.06563,0.0286
6120,13.05458,0.037
6150,16.0619,0.044899999999999995
6180,19.07022,0.0523
6210,22.05605,0.059699999999999996
6240,25.12002,0.0688
6270,28.10977,0.0769
6300,31.11608,0.0855
6330,34.10432,0.0934
6360,37.10812,0.102
6390,40.15437,0.11
6420,43.16221,0.12
6450,46.15014,0.131
6480,49.15701,0.142
6510,52.16502,0.155
6540,55.21086,0.167
6570,58.21545,0.173
6600,61.20464,0.19
6630,64.21047,0.203
6660,67.20087,0.216
6690,70.2625,0.229
6720,73.25133,0.24200000000000002
6750,76.2597,0.255
6780,79.24879,0.268
6810,82.25693,0.28099999999999997
6840,85.30342,0.29400000000000004
6870,88.31148,0.308
6900,91.30064,0.32099999999999995
6930,94.31077,0.335
6960,97.31926,0.34900000000000003
6990,100.3641,0.363
7020,103.3717,0.377
7050,106.361,0.391
7080,109.3694,0.40499999999999997
7110,112.3547,0.419
7140,115.4181,0.434
7170,118.4089,0.448
7200,121.4174,0.464
7230,124.4068,0.479
7260,127.4148,0.49399999999999994
7290,130.4615,0.511
7320,133.4701,0.5249999999999999
7350,136.4585,0.541
7380,139.4675,0.5579999999999999
7410,142.4751,0.5740000000000001
7440,145.5198,0.5910000000000001
7470,148.5288,0.607
7500,151.5196,0.624
7530,154.5251,0.643
7560,157.5151,0.66
7590,160.5776,0.6799999999999999
7620,163.5659,0.699
7650,166.5743,0.716
7680,169.5638,0.736
7710,172.5697,0.756
7740,175.6157,0.774
7770,178.6218,0.795
7800,181.6118,0.814
7830,184.6193,0.834
7860,187.6231,0.8560000000000001
7890,190.6687,0.876
7920,193.6747,0.895
7950,196.6634,0.9169999999999999
7980,199.672,0.936
8010,202.6594,0.9569999999999999
8040,205.7228,0.98
8070,208.7135,0.9969999999999999
8100,211.7207,1.02
8130,214.7087,1.04
8160,217.7274,1.0499999999999998
8190,220.155,1.0499999999999998
8220,223.7586,1.0499999999999998
8250,226.7477,1.0699999999999998
8280,229.7562,1.0899999999999999
8310,232.7654,1.1099999999999999
8340,235.8101,1.13
8370,238.8191,1.15
8400,241.8086,1.17
8430,244.8163,1.19
8460,247.8071,1.21
8490,250.8703,1.23
8520,253.8594,1.25
8550,256.8685,1.27
8580,259.857,1.29
8610,262.8628,1.32
8640,265.9092,1.34
8670,268.9156,1.3599999999999999
8700,271.9245,1.38
8730,274.914,1.4
8760,277.9209,1.42
8790,280.9669,1.4500000000000002
8820,283.9769,1.47
8850,286.965,1.49
8880,289.9743,1.51
8910,292.9635,1.53
8940,296.0271,1.56
8970,299.0167,1.5799999999999998
9000,302.0262,1.5999999999999999
9030,305.0149,1.6300000000000001
9060,308.0776,1.6500000000000001
9090,311.066,1.6700000000000002
9120,314.0751,1.7
9150,317.0812,1.72
9180,320.0687,1.74
9210,323.1158,1.77
9240,326.1221,1.79
9270,329.1303,1.81
9300,332.1187,1.8399999999999999
9330,335.1254,1.8599999999999999
9360,338.17,1.89
9390,341.174,1.91
9420,344.1633,1.9400000000000002
9450,347.1713,1.96
9480,350.1598,1.99
9510,353.2224,2.01
9540,356.2099,2.04
9570,359.2186,2.06
9600,362.2272,2.09
9630,365.2161,2.12
9660,368.2598,2.1399999999999997
9690,371.2678,2.17
9720,374.273,2.1900000000000004
9750,377.262,2.2199999999999998
9780,380.2716,2.25
9810,383.3165,2.27
9840,386.3246,2.3
9870,389.3154,2.33
9900,392.3224,2.36
9930,395.3116,2.38
9960,398.3777,2.4099999999999997
9990,401.3668,2.44
10020,404.3744,2.47
10050,407.3819,2.5
10080,410.3705,2.52
10110,413.4163,2.5500000000000003
10140,416.4221,2.58
10170,419.4299,2.61
10200,422.4211,2.64
10230,425.4279,2.67
10260,428.4738,2.7
10290,431.4818,2.73
10320,434.4717,2.76
10350,437.4807,2.79
10380,440.47,2.8200000000000003
10410,443.5318,2.8499999999999996
10440,446.5228,2.88
10470,449.5304,2.91
10500,452.5376,2.94
10530,455.5288,2.9699999999999998
10560,458.5732,3.0
10590,461.5797,3.03
10620,464.586,3.06
10650,467.5757,3.1
10680,470.5834,3.13
10710,473.6284,3.1599999999999997
10740,476.6352,3.19
10770,479.6253,3.23
10800,482.6331,3.2600000000000002
10830,485.6383,3.29
10860,488.6842,3.33
10890,491.6666,3.36
10920,494.6772,3.39
10950,497.6827,3.43
10980,500.6734,3.46
11010,503.7177,3.49
11040,506.7244,3.5300000000000002
11070,509.7319,3.5599999999999996
11100,512.7216,3.5999999999999996
11130,515.7288,3.63
11160,518.7729,3.67
11190,521.7801,3.7
11220,524.7701,3.74
11250,527.7756,3.78
11280,530.7838,3.81
11310,533.8302,3.8500000000000005
11340,536.8216,3.89
11370,539.8291,3.92
11400,542.8372,3.9600000000000004
11430,545.8264,4.0
11460,548.8737,4.04
11490,551.8811,4.07
11520,554.889,4.109999999999999
11550,557.8804,4.15
11580,560.8879,4.1899999999999995
11610,563.9315,4.23
11640,566.9371,4.27
11670,569.9282,4.3100000000000005
11700,572.9346,4.35
11730,575.9444,4.390000000000001
11760,578.9918,4.43
11790,581.9797,4.470000000000001
11820,584.9872,4.51
11850,587.9984,4.55
11880,590.9854,4.59
11910,594.0339,4.63
11940,597.04,4.68
11970,600.0493,4.72
12000,1.007544,0.00387
12030,4.012818,0.009840000000000002
12060,7.020622,0.0172
12090,10.06712,0.024999999999999998
12120,13.05298,0.032299999999999995
12150,16.06063,0.0393
12180,19.06981,0.0461
12210,22.05886,0.0526
12240,25.11886,0.0602
12270,28.10963,0.0676
12300,31.117,0.0752
12330,34.10474,0.08259999999999999
12360,37.10919,0.09
12390,40.15348,0.0978
12420,43.16329,0.106
12450,46.15052,0.117
12480,49.15695,0.127
12510,52.16578,0.13799999999999998
12540,55.21102,0.149
12570,58.21588,0.155
12600,61.20414,0.171
12630,64.21207,0.18300000000000002
12660,67.20079,0.195
12690,70.26233,0.207
12720,73.25152,0.219
12750,76.26191,0.23099999999999998
12780,79.24922,0.243
12810,82.25669,0.255
12840,85.30381,0.268
12870,88.31175,0.28
12900,91.30058,0.29200000000000004
12930,94.31123,0.305
12960,97.31842,0.318
12990,100.3644,0.33099999999999996
13020,103.3713,0.34400000000000003
13050,106.3616,0.357
13080,109.3699,0.371
13110,112.3551,0.384
13140,115.4182,0.397
13170,118.4096,0.41100000000000003
13200,121.4171,0.425
13230,124.4062,0.439
13260,127.4157,0.453
13290,130.4616,0.468
13320,133.4692,0.482
13350,136.4588,0.49699999999999994
13380,139.466,0.512
13410,142.4752,0.527
13440,145.519,0.543
13470,148.527,0.5589999999999999
13500,151.5182,0.573
13530,154.5243,0.589
13560,157.5146,0.605
13590,160.5786,0.623
13620,163.5656,0.64
13650,166.5736,0.656
13680,169.5628,0.674
13710,172.5697,0.6950000000000001
13740,175.6144,0.711
13770,178.6228,0.73
13800,181.6117,0.749
13830,184.6178,0.765
13860,187.623,0.7859999999999999
13890,190.668,0.8059999999999999
13920,193.675,0.823
13950,196.6634,0.844
13980,199.6716,0.863
14010,202.6602,0.882
14040,205.7236,0.906
14070,208.715,0.922
14100,211.7211,0.9430000000000001
14130,214.7096,0.963
14160,217.7173,0.981
14190,220.7596,1.0
14220,223.7679,1.02
14250,226.7573,1.04
14280,229.7345,1.0499999999999998
14310,232.1792,1.0499999999999998
14340,235.8118,1.0499999999999998
14370,238.8198,1.0699999999999998
14400,241.8085,1.0899999999999999
14430,244.8191,1.1099999999999999
14460,247.8095,1.13
14490,250.8728,1.15
14520,253.8625,1.17
14550,256.8702,1.19
14580,259.8597,1.21
14610,262.8635,1.23
14640,265.9101,1.25
14670,268.9174,1.27
14700,271.9262,1.29
14730,274.9159,1.31
14760,277.9218,1.33
14790,280.968,1.35
14820,283.9762,1.37
14850,286.9666,1.3900000000000001
14880,289.9745,1.4100000000000001
14910,292.9636,1.4300000000000002
14940,296.0269,1.46
14970,299.0184,1.48
15000,302.026,1.5
15030,305.015,1.52
15060,308.0797,1.54
15090,311.0677,1.57
15120,314.075,1.59
15150,317.0809,1.61
15180,320.071,1.6300000000000001
15210,323.1169,1.66
15240,326.1225,1.68
15270,329.1299,1.7
15300,332.1194,1.72
15330,335.127,1.75
15360,338.1712,1.77
15390,341.1754,1.79
15420,344.1644,1.8199999999999998
15450,347.1718,1.8399999999999999
15480,350.1595,1.87
15510,353.222,1.89
15540,356.2118,1.91
15570,359.2202,1.9400000000000002
15600,362.2281,1.96
15630,365.2172,1.99
15660,368.261,2.01
15690,371.268,2.04
15720,374.2753,2.06
15750,377.2636,2.09
15780,380.273,2.1100000000000003
15810,383.3181,2.1399999999999997
15840,386.3253,2.17
15870,389.3153,2.1900000000000004
15900,392.3232,2.2199999999999998
15930,395.3138,2.24
15960,398.3789,2.27
15990,401.3674,2.3
16020,404.3751,2.32
16050,407.3825,2.35
16080,410.3734,2.38
16110,413.4179,2.4
16140,416.4244,2.43
16170,419.4315,2.46
16200,422.4224,2.4899999999999998
16230,425.429,2.52
16260,428.4741,2.54
16290,431.4826,2.57
16320,434.472,2.6
16350,437.4821,2.63
16380,440.4701,2.66
16410,443.5339,2.69
16440,446.5242,2.7199999999999998
16470,449.5297,2.75
16500,452.5394,2.77
16530,455.528,2.8
16560,458.5718,2.83
16590,461.5815,2.8600000000000003
16620,464.5876,2.9000000000000004
16650,467.5773,2.9299999999999997
16680,470.5847,2.96
16710,473.6289,2.99
16740,476.6362,3.02
16770,479.6269,3.05
16800,482.6337,3.08
16830,485.6419,3.11
16860,488.6859,3.14
16890,491.6707,3.18
16920,494.6797,3.21
16950,497.6845,3.2399999999999998
16980,500.6727,3.27
17010,503.7201,3.31
17040,506.7257,3.3400000000000003
17070,509.7332,3.37
17100,512.7242,3.41
17130,515.7313,3.44
17160,518.7747,3.4699999999999998
17190,521.7827,3.51
17220,524.7698,3.54
17250,527.778,3.58
17280,530.7863,3.6100000000000003
17310,533.8328,3.6500000000000004
17340,536.8223,3.6799999999999997
17370,539.8289,3.7199999999999998
17400,542.8385,3.75
17430,545.8282,3.79
17460,548.8756,3.82
17490,551.8835,3.8600000000000003
17520,554.8896,3.9
17550,557.8799,3.9299999999999997
17580,560.8894,3.97
17610,563.9336,4.01
17640,566.9374,4.05
17670,569.9287,4.08
17700,572.9359,4.12
17730,575.9459,4.16
17760,578.9916,4.199999999999999
17790,581.9809,4.24
17820,584.9891,4.279999999999999
17850,587.9977,4.32
17880,590.9866,4.359999999999999
17910,594.0316,4.4
17940,597.0396,4.4399999999999995
17970,600.0495,4.48
18000,1.009896,0.0043100000000000005
18030,4.013748,0.0118
18060,7.020504,0.017900000000000003
18090,10.06669,0.0262
18120,13.05297,0.0337
18150,16.05951,0.0409
18180,19.06853,0.0477
18210,22.05936,0.0548
18240,25.11843,0.062400000000000004
18270,28.11022,0.0699
18300,31.1161,0.0778
18330,34.10551,0.0854
18360,37.11003,0.093
18390,40.15462,0.101
18420,43.16171,0.11
18450,46.15106,0.12
18480,49.1576,0.131
18510,52.16614,0.142
18540,55.21193,0.153
18570,58.21613,0.159
18600,61.20523,0.175
18630,64.21105,0.187
18660,67.20177,0.19899999999999998
18690,70.26381,0.211
18720,73.25211,0.223
18750,76.26087,0.235
18780,79.25106,0.24699999999999997
18810,82.25858,0.25899999999999995
18840,85.30547,0.272
18870,88.3128,0.28500000000000003
18900,91.30116,0.29700000000000004
18930,94.31191,0.31
18960,97.31899,0.323
18990,100.3652,0.33599999999999997
19020,103.3726,0.34900000000000003
19050,106.3626,0.362
19080,109.3703,0.375
19110,112.356,0.389
19140,115.4199,0.402
19170,118.4105,0.41600000000000004
19200,121.417,0.43
19230,124.4084,0.444
19260,127.4158,0.458
19290,130.462,0.47300000000000003
19320,133.4705,0.48800000000000004
19350,136.4592,0.502
19380,139.4674,0.517
19410,142.4746,0.532
19440,145.5193,0.5479999999999999
19470,148.5277,0.5640000000000001
19500,151.5181,0.579
19530,154.5254,0.595
19560,157.5146,0.612
19590,160.5777,0.629
19620,163.5662,0.644
19650,166.5743,0.663
19680,169.5637,0.6789999999999999
19710,172.5713,0.6980000000000001
19740,175.6168,0.7180000000000001
19770,178.6237,0.734
19800,181.6124,0.754
19830,184.6199,0.773
19860,187.623,0.791
19890,190.6691,0.813
19920,193.6748,0.83
19950,196.6635,0.8490000000000001
19980,199.6717,0.871
20010,202.659,0.888
20040,205.7225,0.9099999999999999
20070,208.7129,0.929
20100,211.7203,0.947
20130,214.71,0.9680000000000001
20160,217.7167,0.989
20190,220.7604,1.01
20220,223.7681,1.03
20250,226.7566,1.0499999999999998
20280,229.6765,1.0499999999999998
20310,231.7704,1.0499999999999998
20340,235.8112,1.06
20370,238.8191,1.08
20400,241.8097,1.0899999999999999
20430,244.8181,1.1099999999999999
20460,247.8081,1.13
20490,250.8723,1.15
20520,253.8619,1.17
20550,256.8708,1.19
20580,259.8582,1.21
20610,262.8631,1.23
20640,265.91,1.25
20670,268.9165,1.27
20700,271.925,1.29
20730,274.915,1.31
20760,277.9227,1.33
20790,280.9682,1.3599999999999999
20820,283.9759,1.38
20850,286.9662,1.4
20880,289.9738,1.42
20910,292.9622,1.44
20940,296.0276,1.46
20970,299.0174,1.48
21000,302.0259,1.5
21030,305.016,1.53
21060,308.0787,1.55
21090,311.0673,1.57
21120,314.0749,1.59
21150,317.0812,1.6199999999999999
21180,320.0706,1.64
21210,323.1164,1.66
21240,326.1238,1.68
21270,329.1313,1.71
21300,332.1201,1.73
21330,335.1267,1.75
21360,338.1709,1.7799999999999998
21390,341.1736,1.7999999999999998
21420,344.1649,1.8199999999999998
21450,347.1719,1.85
21480,350.1606,1.87
21510,353.2223,1.89
21540,356.2129,1.92
21570,359.222,1.9400000000000002
21600,362.2287,1.9700000000000002
21630,365.2172,1.99
21660,368.262,2.02
21690,371.2691,2.04
21720,374.2749,2.0700000000000003
21750,377.264,2.09
21780,380.2734,2.12
21810,383.3192,2.1399999999999997
21840,386.326,2.17
21870,389.3169,2.2
21900,392.3238,2.2199999999999998
21930,395.3141,2.25
21960,398.3801,2.27
21990,401.3689,2.3
22020,404.3778,2.33
22050,407.3846,2.35
22080,410.3743,2.38
22110,413.4191,2.4099999999999997
22140,416.4238,2.44
22170,419.4328,2.46
22200,422.4212,2.4899999999999998
22230,425.4283,2.52
22260,428.4747,2.5500000000000003
22290,431.4833,2.58
22320,434.4719,2.6
22350,437.4814,2.63
22380,440.47,2.66
22410,443.5336,2.69
22440,446.5241,2.7199999999999998
22470,449.5314,2.75
22500,452.5385,2.7800000000000002
22530,455.5294,2.81
22560,458.5727,2.84
22590,461.5804,2.87
22620,464.5883,2.9000000000000004
22650,467.5771,2.9299999999999997
22680,470.5847,2.96
22710,473.6306,2.99
22740,476.6357,3.02
22770,479.627,3.05
22800,482.634,3.08
22830,485.6417,3.12
22860,488.6843,3.15
22890,491.6707,3.18
22920,494.6782,3.21
22950,497.6858,3.2399999999999998
22980,500.6737,3.28
23010,503.7199,3.31
23040,506.7267,3.3400000000000003
23070,509.7341,3.38
23100,512.7244,3.41
23130,515.73,3.44
23160,518.7749,3.48
23190,521.7817,3.51
23220,524.7708,3.55
23250,527.7785,3.58
23280,530.7853,3.6100000000000003
23310,533.8309,3.6500000000000004
23340,536.8209,3.6799999999999997
23370,539.8285,3.7199999999999998
23400,542.8378,3.76
23430,545.8276,3.79
23460,548.8742,3.8299999999999996
23490,551.8835,3.8600000000000003
23520,554.8911,3.9
23550,557.8802,3.9400000000000004
23580,560.8905,3.97
23610,563.9349,4.01
23640,566.9396,4.05
23670,569.9295,4.09
23700,572.9362,4.13
23730,575.9454,4.16
23760,578.9921,4.199999999999999
23790,581.9797,4.24
23820,584.9883,4.279999999999999
23850,587.9979,4.32
23880,590.9877,4.359999999999999
23910,594.0345,4.4
23940,597.0413,4.4399999999999995
23970,600.0503,4.48
24000,1.007762,0.004229999999999999
24030,4.013531,0.011399999999999999
24060,7.02066,0.017
24090,10.0648,0.0252
24120,13.05243,0.032600000000000004
24150,16.06089,0.039400000000000004
24180,19.06961,0.046
24210,22.05961,0.0528
24240,25.12043,0.060300000000000006
24270,28.11069,0.0675
24300,31.11584,0.075
24330,34.10628,0.0822
24360,37.10955,0.0895
24390,40.15419,0.0971
24420,43.1625,0.10700000000000001
24450,46.15003,0.117
24480,49.15583,0.127
24510,52.16498,0.13799999999999998
24540,55.21093,0.149
24570,58.21636,0.155
24600,61.20452,0.16999999999999998
24630,64.21127,0.182
24660,67.20045,0.19399999999999998
24690,70.26259,0.205
24720,73.25174,0.217
24750,76.2613,0.229
24780,79.25003,0.24
24810,82.25786,0.252
24840,85.30448,0.265
24870,88.31114,0.277
24900,91.29967,0.28900000000000003
24930,94.31114,0.302
24960,97.31827,0.314
24990,100.3647,0.327
25020,103.371,0.33999999999999997
25050,106.3605,0.353
25080,109.3698,0.36600000000000005
25110,112.3552,0.379
25140,115.4198,0.392
25170,118.4094,0.40499999999999997
25200,121.4181,0.419
25230,124.407,0.432
25260,127.4139,0.446
25290,130.4612,0.461
25320,133.4698,0.475
25350,136.4574,0.489
25380,139.4653,0.504
25410,142.4755,0.5179999999999999
25440,145.5191,0.534
25470,148.5276,0.5489999999999999
25500,151.518,0.5640000000000001
25530,154.5249,0.58
25560,157.5151,0.595
25590,160.577,0.612
25620,163.5656,0.628
25650,166.5739,0.643
25680,169.5642,0.661
25710,172.5704,0.6789999999999999
25740,175.6164,0.697
25770,178.6235,0.717
25800,181.6123,0.733
25830,184.618,0.752
25860,187.6217,0.772
25890,190.6678,0.789
25920,193.6736,0.808
25950,196.662,0.827
25980,199.6714,0.844
26010,202.6591,0.865
26040,205.723,0.886
26070,208.7133,0.902
26100,211.7211,0.925
26130,214.7085,0.9430000000000001
26160,217.7164,0.963
26190,220.7596,0.986
26220,223.7679,1.0
26250,226.757,1.02
26280,229.7652,1.04
26310,232.7837,1.0499999999999998
26340,235.8099,1.03
26370,238.8199,1.0499999999999998
26400,241.8082,1.0699999999999998
26430,244.8177,1.0899999999999999
26460,247.8085,1.1099999999999999
26490,250.8714,1.13
26520,253.8628,1.15
26550,256.8712,1.16
26580,259.8591,1.18
26610,262.8629,1.2
26640,265.9099,1.22
26670,268.9171,1.24
26700,271.9249,1.26
26730,274.9148,1.28
26760,277.9224,1.3
26790,280.9678,1.32
26820,283.9772,1.34
26850,286.9673,1.37
26880,289.9745,1.3900000000000001
26910,292.9641,1.4100000000000001
26940,296.028,1.4300000000000002
26970,299.0177,1.4500000000000002
27000,302.0255,1.47
27030,305.0144,1.49
27060,308.0782,1.51
27090,311.0661,1.54
27120,314.0742,1.56
27150,317.0797,1.5799999999999998
27180,320.0701,1.5999999999999999
27210,323.1155,1.6199999999999999
27240,326.1226,1.6500000000000001
27270,329.1299,1.6700000000000002
27300,332.1197,1.69
27330,335.1266,1.71
27360,338.1697,1.74
27390,341.1758,1.76
27420,344.1635,1.7799999999999998
27450,347.1711,1.81
27480,350.1595,1.83
27510,353.2224,1.85
27540,356.2116,1.88
27570,359.2191,1.9
27600,362.2278,1.92
27630,365.2182,1.95
27660,368.2616,1.9700000000000002
27690,371.2701,2.0
27720,374.2759,2.02
27750,377.264,2.05
27780,380.2738,2.0700000000000003
27810,383.3179,2.0999999999999996
27840,386.3258,2.12
27870,389.317,2.1500000000000004
27900,392.3233,2.17
27930,395.3142,2.2
27960,398.3801,2.23
27990,401.3667,2.25
28020,404.377,2.2800000000000002
28050,407.3847,2.3
28080,410.3732,2.33
28110,413.4193,2.36
28140,416.4242,2.38
28170,419.4324,2.4099999999999997
28200,422.4216,2.44
28230,425.4275,2.47
28260,428.4749,2.4899999999999998
28290,431.4815,2.52
28320,434.4727,2.5500000000000003
28350,437.4822,2.58
28380,440.4706,2.61
28410,443.5344,2.63
28440,446.5242,2.66
28470,449.531,2.69
28500,452.5405,2.7199999999999998
28530,455.528,2.75
28560,458.5727,2.7800000000000002
28590,461.5811,2.81
28620,464.5887,2.84
28650,467.5767,2.87
28680,470.5837,2.9000000000000004
28710,473.6303,2.9299999999999997
28740,476.6362,2.96
28770,479.6262,2.99
28800,482.634,3.02
28830,485.6416,3.05
28860,488.6853,3.08
28890,491.6709,3.11
28920,494.6786,3.15
28950,497.6843,3.18
28980,500.6728,3.21
29010,503.7192,3.2399999999999998
29040,506.7245,3.27
29070,509.7322,3.31
29100,512.7237,3.3400000000000003
29130,515.7302,3.37
29160,518.7762,3.41
29190,521.7833,3.44
29220,524.7711,3.4699999999999998
29250,527.7794,3.51
29280,530.7861,3.54
29310,533.8317,3.58
29340,536.8212,3.6100000000000003
29370,539.8278,3.6399999999999997
29400,542.8394,3.6799999999999997
29430,545.8276,3.71
29460,548.8738,3.75
29490,551.8839,3.79
29520,554.8907,3.82
29550,557.8806,3.8600000000000003
29580,560.8909,3.89
29610,563.9342,3.9299999999999997
29640,566.9388,3.97
29670,569.9292,4.01
29700,572.9357,4.04
29730,575.9448,4.08
29760,578.9898,4.12
29790,581.98,4.16
29820,584.989,4.199999999999999
29850,587.9985,4.23
29880,590.9869,4.27
29910,594.0336,4.3100000000000005
29940,597.0418,4.35
29970,600.0496,4.390000000000001
30000,1.008198,0.0031
30030,4.014071,0.0101
30060,7.020038,0.015
30090,10.06687,0.0219
30120,13.05425,0.0285
30150,16.06352,0.035
30180,19.07143,0.0419
30210,22.06,0.0489
30240,25.12105,0.0561
30270,28.11227,0.0631
30300,31.11853,0.07
30330,34.10671,0.0766
30360,37.11141,0.0847
30390,40.15579,0.09419999999999999
30420,43.16273,0.10400000000000001
30450,46.153,0.114
30480,49.15911,0.124
30510,52.16812,0.135
30540,55.21193,0.145
30570,58.21743,0.151
30600,61.20604,0.166
30630,64.21288,0.17700000000000002
30660,67.20296,0.188
30690,70.26511,0.19999999999999998
30720,73.25343,0.211
30750,76.26236,0.222
30780,79.25056,0.233
30810,82.25896,0.245
30840,85.30547,0.257
30870,88.31168,0.26899999999999996
30900,91.30253,0.28099999999999997
30930,94.31321,0.293
30960,97.31996,0.305
30990,100.3648,0.317
31020,103.3727,0.33
31050,106.3617,0.342
31080,109.3707,0.355
31110,112.3564,0.368
31140,115.4196,0.38
31170,118.4092,0.394
31200,121.4171,0.406
31230,124.4079,0.419
31260,127.4145,0.43300000000000005
31290,130.4613,0.447
31320,133.471,0.45999999999999996
31350,136.4589,0.474
31380,139.4657,0.489
31410,142.4766,0.502
31440,145.5199,0.517
31470,148.5282,0.532
31500,151.5185,0.546
31530,154.526,0.5619999999999999
31560,157.5154,0.576
31590,160.5777,0.592
31620,163.5663,0.6080000000000001
31650,166.5747,0.624
31680,169.5639,0.639
31710,172.571,0.657
31740,175.6167,0.674
31770,178.6232,0.6910000000000001
31800,181.6128,0.71
31830,184.6206,0.726
31860,187.6226,0.745
31890,190.6687,0.764
31920,193.6757,0.78
31950,196.6625,0.7999999999999999
31980,199.6723,0.8180000000000001
32010,202.6595,0.8360000000000001
32040,205.7237,0.859
32070,208.713,0.875
32100,211.7212,0.894
32130,214.7103,0.915
32160,217.7182,0.932
32190,220.762,0.9530000000000001
32220,223.7681,0.972
32250,226.7584,0.989
32280,229.7661,1.01
32310,232.7755,1.03
32340,235.8205,1.0499999999999998
32370,238.6995,1.0499999999999998
32400,240.8714,1.0499999999999998
32430,244.8175,1.06
32460,247.8084,1.0699999999999998
32490,250.8729,1.0899999999999999
32520,253.862,1.1099999999999999
32550,256.8702,1.13
32580,259.8597,1.15
32610,262.8636,1.17
32640,265.9093,1.19
32670,268.9177,1.21
32700,271.9255,1.23
32730,274.9146,1.25
32760,277.9232,1.27
32790,280.9682,1.29
32820,283.9778,1.31
32850,286.9675,1.33
32880,289.9753,1.35
32910,292.9642,1.37
32940,296.026,1.3900000000000001
32970,299.0169,1.4100000000000001
33000,302.0258,1.4300000000000002
33030,305.0161,1.4500000000000002
33060,308.0789,1.47
33090,311.067,1.49
33120,314.0752,1.51
33150,317.0813,1.54
33180,320.0721,1.56
33210,323.1167,1.5799999999999998
33240,326.1242,1.5999999999999999
33270,329.1309,1.6199999999999999
33300,332.1197,1.64
33330,335.1262,1.6700000000000002
33360,338.1717,1.69
33390,341.1762,1.71
33420,344.1635,1.73
33450,347.1729,1.76
33480,350.161,1.7799999999999998
33510,353.2229,1.7999999999999998
33540,356.2127,1.83
33570,359.2216,1.85
33600,362.2299,1.87
33630,365.2187,1.9
33660,368.2623,1.92
33690,371.2709,1.9400000000000002
33720,374.277,1.9700000000000002
33750,377.2645,1.99
33780,380.2732,2.02
33810,383.3178,2.04
33840,386.3264,2.0700000000000003
33870,389.3163,2.09
33900,392.3243,2.12
33930,395.315,2.1399999999999997
33960,398.3801,2.17
33990,401.3681,2.1900000000000004
34020,404.3766,2.2199999999999998
34050,407.3842,2.24
34080,410.3737,2.27
34110,413.4192,2.3
34140,416.4234,2.32
34170,419.4313,2.35
34200,422.4224,2.38
34230,425.428,2.4
34260,428.4741,2.43
34290,431.4826,2.46
34320,434.4732,2.48
34350,437.4821,2.5100000000000002
34380,440.4695,2.54
34410,443.5348,2.57
34440,446.5234,2.6
34470,449.5302,2.62
34500,452.5388,2.65
34530,455.5297,2.68
34560,458.5736,2.71
34590,461.5821,2.74
34620,464.5871,2.77
34650,467.5767,2.8
34680,470.5848,2.83
34710,473.6307,2.8600000000000003
34740,476.6368,2.8899999999999997
34770,479.6272,2.92
34800,482.6337,2.95
34830,485.6418,2.98
34860,488.6842,3.01
34890,491.6701,3.04
34920,494.6788,3.07
34950,497.6845,3.1
34980,500.6735,3.13
35010,503.7183,3.1599999999999997
35040,506.7273,3.19
35070,509.7322,3.23
35100,512.7238,3.2600000000000002
35130,515.7307,3.29
35160,518.7752,3.32
35190,521.7815,3.36
35220,524.7722,3.39
35250,527.7786,3.42
35280,530.786,3.45
35310,533.8301,3.49
35340,536.8231,3.52
35370,539.8303,3.5599999999999996
35400,542.8388,3.59
35430,545.8284,3.62
35460,548.8751,3.66
35490,551.8836,3.69
35520,554.8902,3.73
35550,557.8811,3.77
35580,560.8904,3.8
35610,563.9346,3.84
35640,566.9382,3.87
35670,569.9299,3.9099999999999997
35700,572.9363,3.95
35730,575.9462,3.98
35760,578.9902,4.02
35790,581.9811,4.0600000000000005
35820,584.9883,4.1
35850,587.9969,4.13
35880,590.9855,4.17
35910,594.0322,4.21
35940,597.0424,4.25
35970,600.0498,4.289999999999999
36000,1.008744,0.0034
36030,4.013517,0.00987
36060,7.02075,0.0145
36090,10.06643,0.0214
36120,13.05381,0.0282
36150,16.06302,0.0346
36180,19.06988,0.0414
36210,22.05927,0.048400000000000006
36240,25.11951,0.055600000000000004
36270,28.11178,0.062400000000000004
36300,31.11827,0.0694
36330,34.10489,0.07619999999999999
36360,37.10892,0.0837
36390,40.15445,0.0932
36420,43.16248,0.103
36450,46.15174,0.113
36480,49.15734,0.123
36510,52.16444,0.133
36540,55.20963,0.144
36570,58.21612,0.149
36600,61.20571,0.164
36630,64.21215,0.176
36660,67.20111,0.187
36690,70.26418,0.198
36720,73.25304,0.20900000000000002
36750,76.26196,0.22
36780,79.25105,0.23099999999999998
36810,82.25993,0.243
36840,85.30531,0.255
36870,88.31156,0.266
36900,91.30171,0.27799999999999997
36930,94.31277,0.29
36960,97.3202,0.302
36990,100.3647,0.315
37020,103.3729,0.327
37050,106.3625,0.33999999999999997
37080,109.3707,0.352
37110,112.3564,0.365
37140,115.42,0.377
37170,118.4101,0.39
37200,121.4181,0.40299999999999997
37230,124.4073,0.41600000000000004
37260,127.4158,0.429
37290,130.462,0.443
37320,133.4718,0.45699999999999996
37350,136.4595,0.47
37380,139.4665,0.48500000000000004
37410,142.4764,0.49800000000000005
37440,145.52,0.513
37470,148.528,0.527
37500,151.5172,0.5419999999999999
37530,154.5257,0.5579999999999999
37560,157.5151,0.572
37590,160.577,0.5880000000000001
37620,163.5661,0.603
37650,166.5744,0.618
37680,169.5647,0.635
37710,172.5715,0.651
37740,175.6165,0.668
37770,178.6236,0.6859999999999999
37800,181.6134,0.702
37830,184.62,0.72
37860,187.6232,0.741
37890,190.6678,0.758
37920,193.6746,0.775
37950,196.6647,0.795
37980,199.6722,0.811
38010,202.659,0.83
38040,205.7242,0.851
38070,208.7153,0.8660000000000001
38100,211.7208,0.887
38130,214.7106,0.905
38160,217.7171,0.925
38190,220.7616,0.947
38220,223.7681,0.964
38250,226.7591,0.983
38280,229.7669,1.0
38310,232.7758,1.02
38340,235.8205,1.04
38370,238.8251,1.0499999999999998
38400,241.3226,1.0499999999999998
38430,244.819,1.0499999999999998
38460,247.8099,1.0699999999999998
38490,250.8723,1.0899999999999999
38520,253.8618,1.1
38550,256.8701,1.12
38580,259.8603,1.1400000000000001
38610,262.8625,1.16
38640,265.9107,1.18
38670,268.9169,1.2
38700,271.925,1.22
38730,274.9153,1.24
38760,277.9231,1.26
38790,280.9672,1.28
38820,283.9753,1.3
38850,286.9673,1.32
38880,289.9751,1.34
38910,292.9631,1.3599999999999999
38940,296.0262,1.38
38970,299.0178,1.4
39000,302.0249,1.42
39030,305.0147,1.44
39060,308.0772,1.46
39090,311.0672,1.48
39120,314.074,1.5
39150,317.0819,1.52
39180,320.0712,1.55
39210,323.1168,1.57
39240,326.1227,1.59
39270,329.1306,1.61
39300,332.1197,1.6300000000000001
39330,335.1262,1.6500000000000001
39360,338.1717,1.68
39390,341.1751,1.7
39420,344.1652,1.72
39450,347.1711,1.74
39480,350.1603,1.77
39510,353.2233,1.79
39540,356.2129,1.81
39570,359.2227,1.8399999999999999
39600,362.2297,1.8599999999999999
39630,365.2189,1.88
39660,368.2632,1.91
39690,371.2703,1.9300000000000002
39720,374.2753,1.95
39750,377.2654,1.9800000000000002
39780,380.2742,2.0
39810,383.3183,2.0300000000000002
39840,386.3281,2.05
39870,389.3185,2.08
39900,392.3246,2.0999999999999996
39930,395.3144,2.13
39960,398.3812,2.1500000000000004
39990,401.3692,2.1799999999999997
40020,404.378,2.2
40050,407.3853,2.23
40080,410.3734,2.25
40110,413.4192,2.2800000000000002
40140,416.4245,2.31
40170,419.4338,2.33
40200,422.4223,2.36
40230,425.4292,2.38
40260,428.4747,2.4099999999999997
40290,431.4833,2.44
40320,434.4735,2.47
40350,437.4828,2.4899999999999998
40380,440.4709,2.52
40410,443.5351,2.5500000000000003
40440,446.5243,2.58
40470,449.53,2.6
40500,452.539,2.63
40530,455.5292,2.66
40560,458.5728,2.69
40590,461.5824,2.7199999999999998
40620,464.5883,2.75
40650,467.5767,2.77
40680,470.5828,2.8
40710,473.6294,2.83
40740,476.6365,2.8600000000000003
40770,479.6267,2.8899999999999997
40800,482.6316,2.92
40830,485.6414,2.95
40860,488.6853,2.98
40890,491.671,3.01
40920,494.6793,3.04
40950,497.6849,3.07
40980,500.6747,3.11
41010,503.7198,3.14
41040,506.7255,3.17
41070,509.7325,3.1999999999999997
41100,512.7248,3.23
41130,515.7315,3.2600000000000002
41160,518.7761,3.3000000000000003
41190,521.7827,3.33
41220,524.7723,3.36
41250,527.7794,3.39
41280,530.7844,3.43
41310,533.8311,3.46
41340,536.823,3.49
41370,539.8286,3.5300000000000002
41400,542.8395,3.5599999999999996
41430,545.8301,3.59
41460,548.8745,3.63
41490,551.8833,3.66
41520,554.8902,3.7
41550,557.8795,3.73
41580,560.8898,3.77
41610,563.9332,3.8
41640,566.9385,3.84
41670,569.9274,3.8800000000000003
41700,572.9374,3.9099999999999997
41730,575.947,3.95
41760,578.9926,3.9899999999999998
41790,581.9803,4.02
41820,584.9869,4.0600000000000005
41850,587.9973,4.1
41880,590.9861,4.140000000000001
41910,594.033,4.17
41940,597.0416,4.21
41970,600.0488,4.25
42000,1.007158,0.004200000000000001
42030,4.012585,0.0124
42060,7.020363,0.0178
42090,10.06626,0.026000000000000002
42120,13.05369,0.0335
42150,16.06252,0.0406
42180,19.07115,0.0475
42210,22.05758,0.0548
42240,25.12111,0.0625
42270,28.10951,0.0699
42300,31.11706,0.0775
42330,34.1063,0.08460000000000001
42360,37.10988,0.0922
42390,40.1537,0.101
42420,43.1628,0.111
42450,46.15096,0.12100000000000001
42480,49.1563,0.13199999999999998
42510,52.16581,0.143
42540,55.21161,0.154
42570,58.21709,0.16
42600,61.20541,0.176
42630,64.21243,0.188
42660,67.20216,0.19899999999999998
42690,70.26456,0.211
42720,73.25251,0.223
42750,76.26171,0.235
42780,79.25066,0.246
42810,82.25898,0.25899999999999995
42840,85.30612,0.27099999999999996
42870,88.31239,0.283
42900,91.30164,0.296
42930,94.31197,0.308
42960,97.32008,0.32099999999999995
42990,100.3652,0.334
43020,103.3721,0.34700000000000003
43050,106.3621,0.36
43080,109.3702,0.373
43110,112.3564,0.386
43140,115.4201,0.399
43170,118.4105,0.412
43200,121.4173,0.426
43230,124.408,0.44
43260,127.4162,0.454
43290,130.4621,0.468
43320,133.4705,0.483
43350,136.4596,0.49699999999999994
43380,139.4672,0.512
43410,142.4763,0.527
43440,145.5201,0.5419999999999999
43470,148.5277,0.557
43500,151.5194,0.573
43530,154.5252,0.5880000000000001
43560,157.5136,0.604
43590,160.5786,0.621
43620,163.5656,0.636
43650,166.5727,0.654
43680,169.5632,0.671
43710,172.5704,0.6880000000000001
43740,175.6161,0.71
43770,178.6239,0.726
43800,181.6118,0.743
43830,184.6198,0.765
43860,187.6229,0.781
43890,190.6689,0.801
43920,193.6753,0.82
43950,196.6639,0.837
43980,199.6714,0.858
44010,202.6586,0.876
44040,205.7243,0.897
44070,208.7145,0.9169999999999999
44100,211.7209,0.936
44130,214.711,0.955
44160,217.7173,0.9769999999999999
44190,220.7616,0.995
44220,223.7688,1.01
44250,226.7587,1.03
44280,229.7745,1.0499999999999998
44310,232.5047,1.0499999999999998
44340,235.8114,1.04
44370,238.8193,1.06
44400,241.8098,1.08
44430,244.8179,1.1
44460,247.8088,1.12
44490,250.872,1.1400000000000001
44520,253.8625,1.16
44550,256.8714,1.18
44580,259.8596,1.2
44610,262.8642,1.22
44640,265.9112,1.24
44670,268.916,1.26
44700,271.9264,1.28
44730,274.9155,1.3
44760,277.9235,1.32
44790,280.9692,1.34
44820,283.9775,1.3599999999999999
44850,286.9658,1.38
44880,289.9756,1.4
44910,292.9627,1.42
44940,296.0271,1.44
44970,299.0163,1.46
45000,302.0255,1.48
45030,305.0154,1.51
45060,308.078,1.53
45090,311.0665,1.55
45120,314.075,1.57
45150,317.0809,1.59
45180,320.0721,1.6199999999999999
45210,323.1167,1.64
45240,326.1243,1.66
45270,329.1313,1.68
45300,332.1217,1.71
45330,335.1273,1.73
45360,338.1708,1.75
45390,341.1764,1.77
45420,344.1647,1.7999999999999998
45450,347.1731,1.8199999999999998
45480,350.161,1.8399999999999999
45510,353.2239,1.87
45540,356.2136,1.89
45570,359.221,1.92
45600,362.2296,1.9400000000000002
45630,365.2173,1.96
45660,368.2617,1.99
45690,371.2708,2.01
45720,374.2767,2.04
45750,377.2651,2.06
45780,380.2741,2.09
45810,383.3194,2.1100000000000003
45840,386.3266,2.1399999999999997
45870,389.3167,2.16
45900,392.3243,2.1900000000000004
45930,395.3142,2.2199999999999998
45960,398.3808,2.24
45990,401.3687,2.27
46020,404.3766,2.29
46050,407.3843,2.32
46080,410.3725,2.35
46110,413.4193,2.37
46140,416.424,2.4
46170,419.4328,2.43
46200,422.422,2.46
46230,425.4299,2.48
46260,428.4754,2.5100000000000002
46290,431.4821,2.54
46320,434.4741,2.57
46350,437.481,2.5900000000000003
46380,440.4695,2.62
46410,443.5336,2.65
46440,446.5232,2.68
46470,449.5304,2.71
46500,452.5396,2.74
46530,455.5306,2.77
46560,458.5739,2.8
46590,461.5802,2.83
46620,464.5882,2.8600000000000003
46650,467.5775,2.8899999999999997
46680,470.5843,2.92
46710,473.6307,2.95
46740,476.6356,2.98
46770,479.6269,3.01
46800,482.6331,3.04
46830,485.6421,3.07
46860,488.6855,3.1
46890,491.6703,3.13
46920,494.6801,3.17
46950,497.6859,3.1999999999999997
46980,500.6741,3.23
47010,503.7199,3.2600000000000002
47040,506.7263,3.29
47070,509.7332,3.33
47100,512.7243,3.36
47130,515.7305,3.39
47160,518.7758,3.43
47190,521.7827,3.46
47220,524.7722,3.49
47250,527.7798,3.5300000000000002
47280,530.7869,3.5599999999999996
47310,533.8334,3.5999999999999996
47340,536.8232,3.63
47370,539.8304,3.67
47400,542.8384,3.7
47430,545.8289,3.74
47460,548.875,3.77
47490,551.8837,3.81
47520,554.8919,3.84
47550,557.882,3.8800000000000003
47580,560.8901,3.92
47610,563.9342,3.95
47640,566.9372,3.9899999999999998
47670,569.9307,4.03
47700,572.9373,4.07
47730,575.9465,4.1
47760,578.9922,4.140000000000001
47790,581.9807,4.18
47820,584.9893,4.220000000000001
47850,587.9979,4.26
47880,590.9865,4.300000000000001
47910,594.033,4.34
47940,597.0418,4.380000000000001
47970,600.0483,4.42
48000,1.008414,0.0044800000000000005
48030,4.014819,0.0133
48060,7.019856,0.018600000000000002
48090,10.06651,0.0269
48120,13.0541,0.0346
48150,16.06397,0.0419
48180,19.07272,0.049
48210,22.05977,0.0564
48240,25.11987,0.06420000000000001
48270,28.1104,0.07179999999999999
48300,31.11698,0.07970000000000001
48330,34.10679,0.08729999999999999
48360,37.11098,0.095
48390,40.1549,0.103
48420,43.16299,0.113
48450,46.15021,0.124
48480,49.15801,0.135
48510,52.16728,0.14600000000000002
48540,55.21175,0.157
48570,58.21652,0.164
48600,61.20596,0.18
48630,64.21283,0.192
48660,67.2018,0.203
48690,70.26435,0.216
48720,73.25278,0.227
48750,76.26267,0.24
48780,79.25148,0.252
48810,82.25882,0.26399999999999996
48840,85.30509,0.277
48870,88.31244,0.28900000000000003
48900,91.30198,0.302
48930,94.31284,0.315
48960,97.32028,0.328
48990,100.3652,0.34099999999999997
49020,103.3735,0.35400000000000004
49050,106.3628,0.368
49080,109.3707,0.381
49110,112.3566,0.394
49140,115.4197,0.408
49170,118.4102,0.42100000000000004
49200,121.418,0.435
49230,124.4072,0.449
49260,127.416,0.464
49290,130.4618,0.479
49320,133.472,0.493
49350,136.4596,0.508
49380,139.4666,0.523
49410,142.4759,0.539
49440,145.5196,0.5549999999999999
49470,148.5281,0.5700000000000001
49500,151.5188,0.586
49530,154.5265,0.602
49560,157.5148,0.617
49590,160.5772,0.636
49620,163.5673,0.6519999999999999
49650,166.5738,0.6689999999999999
49680,169.5637,0.6880000000000001
49710,172.5716,0.706
49740,175.6165,0.7250000000000001
49770,178.6234,0.745
49800,181.6128,0.761
49830,184.62,0.781
49860,187.6236,0.801
49890,190.6694,0.8190000000000001
49920,193.6753,0.838
49950,196.6637,0.858
49980,199.6728,0.876
50010,202.6609,0.897
50040,205.7236,0.918
50070,208.7135,0.936
50100,211.7213,0.9590000000000001
50130,214.7102,0.9769999999999999
50160,217.7189,0.9969999999999999
50190,220.7622,1.02
50220,223.77,1.04
50250,226.7731,1.0499999999999998
50280,229.4819,1.0499999999999998
50310,232.7668,1.04
50340,235.8118,1.06
50370,238.8206,1.08
50400,241.81,1.1
50430,244.8198,1.12
50460,247.8092,1.1400000000000001
50490,250.8735,1.16
50520,253.8614,1.18
50550,256.8709,1.2
50580,259.8582,1.22
50610,262.8634,1.24
50640,265.9103,1.26
50670,268.9171,1.28
50700,271.9255,1.3
50730,274.9155,1.32
50760,277.923,1.34
50790,280.9674,1.3599999999999999
50820,283.9761,1.3900000000000001
50850,286.9667,1.4100000000000001
50880,289.9753,1.4300000000000002
50910,292.9638,1.4500000000000002
50940,296.0274,1.47
50970,299.0177,1.49
51000,302.0259,1.51
51030,305.0149,1.54
51060,308.0773,1.56
51090,311.067,1.5799999999999998
51120,314.0754,1.5999999999999999
51150,317.0802,1.6199999999999999
51180,320.0697,1.6500000000000001
51210,323.1172,1.6700000000000002
51240,326.1244,1.69
51270,329.1311,1.72
51300,332.1208,1.74
51330,335.1266,1.76
51360,338.1721,1.79
51390,341.1754,1.81
51420,344.1651,1.83
51450,347.1728,1.8599999999999999
51480,350.1615,1.88
51510,353.2241,1.9
51540,356.2137,1.9300000000000002
51570,359.2221,1.95
51600,362.2293,1.9800000000000002
51630,365.218,2.0
51660,368.2621,2.0300000000000002
51690,371.2699,2.05
51720,374.2753,2.08
51750,377.2654,2.0999999999999996
51780,380.275,2.13
51810,383.3187,2.1500000000000004
51840,386.3278,2.1799999999999997
51870,389.3181,2.21
51900,392.3249,2.23
51930,395.3154,2.26
51960,398.3808,2.2800000000000002
51990,401.369,2.31
52020,404.3771,2.34
52050,407.3856,2.36
52080,410.3739,2.39
52110,413.4201,2.42
52140,416.4231,2.4499999999999997
52170,419.4325,2.47
52200,422.4212,2.5
52230,425.4295,2.53
52260,428.4734,2.56
52290,431.4837,2.5900000000000003
52320,434.472,2.61
52350,437.4823,2.64
52380,440.4711,2.67
52410,443.5344,2.7
52440,446.5242,2.73
52470,449.5313,2.76
52500,452.5368,2.79
52530,455.5287,2.8200000000000003
52560,458.5721,2.8499999999999996
52590,461.5813,2.88
52620,464.5882,2.91
52650,467.5764,2.94
52680,470.5845,2.9699999999999998
52710,473.6308,3.0
52740,476.6356,3.03
52770,479.6256,3.06
52800,482.6333,3.09
52830,485.641,3.13
52860,488.6862,3.1599999999999997
52890,491.6716,3.19
52920,494.6786,3.22
52950,497.685,3.25
52980,500.6739,3.29
53010,503.7199,3.32
53040,506.7273,3.35
53070,509.7339,3.39
53100,512.7236,3.42
53130,515.7299,3.45
53160,518.7762,3.49
53190,521.7817,3.52
53220,524.7701,3.55
53250,527.779,3.59
53280,530.7868,3.62
53310,533.8312,3.66
53340,536.8215,3.69
53370,539.8312,3.73
53400,542.8381,3.76
53430,545.829,3.8
53460,548.8758,3.84
53490,551.8851,3.87
53520,554.8917,3.9099999999999997
53550,557.8812,3.95
53580,560.8905,3.98
53610,563.9346,4.02
53640,566.9387,4.0600000000000005
53670,569.9305,4.1
53700,572.9365,4.13
53730,575.9453,4.17
53760,578.9918,4.21
53790,581.9804,4.25
53820,584.9885,4.289999999999999
53850,587.9987,4.33
53880,590.9866,4.37
53910,594.0335,4.41
53940,597.0394,4.45
53970,600.0482,4.49
54000,4.013724,0.01179669
54030,7.020895,0.01821858
54060,10.06611,0.02633379
54090,13.05311,0.03403392
54120,16.0616,0.04139143
54150,19.07157,0.04829364
54180,22.05727,0.05514351000000001
54210,25.12068,0.06322485
54240,28.11226,0.07089191
54270,31.11794,0.07870999999999999
54300,34.10701,0.08635917
54330,37.11143,0.09401003
54360,40.15495,0.1018939
54390,43.16299,0.1108645
54420,46.1518,0.12114599999999999
54450,49.15884,0.131973
54480,52.16655,0.1433756
54510,55.21204,0.15479400000000001
54540,58.21836,0.1611819
54570,61.20697,0.1770572
54600,64.21384,0.18937089999999998
54630,67.20332,0.20105779999999998
54660,70.26556,0.21329859999999998
54690,73.25382,0.2253447
54720,76.26245,0.2375172
54750,79.25145,0.24964419999999998
54780,82.25964,0.2621018
54810,85.30559,0.2748641
54840,88.31319,0.2875029
54870,91.30269,0.3003788
54900,94.31393,0.3134414
54930,97.3213,0.3266108
54960,100.3654,0.33987100000000003
54990,103.3736,0.35323489999999996
55020,106.3626,0.3664886
55050,109.3711,0.3799517
55080,112.3567,0.39330299999999996
55110,115.4196,0.40678159999999997
55140,118.4116,0.4210008
55170,121.4185,0.43468249999999997
55200,124.409,0.4488952
55230,127.4159,0.46328159999999996
55260,130.4623,0.4787058
55290,133.47,0.49319440000000003
55320,136.459,0.5076653000000001
55350,139.4671,0.5238921999999999
55380,142.4767,0.5386317
55410,145.5198,0.5544234
55440,148.5288,0.5704181
55470,151.5189,0.5852928
55500,154.5261,0.6022291000000001
55530,157.5147,0.6184588000000001
55560,160.578,0.6355745
55590,163.5661,0.6538916
55620,166.5747,0.6707523
55650,169.5656,0.6885965
55680,172.5719,0.7094016999999999
55710,175.6177,0.7262959
55740,178.6249,0.7451811
55770,181.6135,0.7644974999999999
55800,184.6203,0.7810721
55830,187.6242,0.8021173
55860,190.6697,0.8224858
55890,193.6759,0.8397867999999999
55920,196.6651,0.8612669000000001
55950,199.6741,0.8798427999999999
55980,202.6611,0.8994286
56010,205.7249,0.9234864
56040,208.7166,0.9398382
56070,211.7214,0.960884
56100,214.7098,0.9814966999999999
56130,217.7194,0.9994702
56160,220.7628,1.021404
56190,223.7696,1.0413970000000001
56220,226.7697,1.04999
56250,229.186,1.0500019999999999
56280,232.7683,1.048837
56310,235.813,1.069019
56340,238.822,1.088339
56370,241.8107,1.107608
56400,244.8198,1.1270529999999999
56430,247.8095,1.146449
56460,250.8733,1.166736
56490,253.8616,1.186706
56520,256.8708,1.206551
56550,259.8607,1.2263419999999998
56580,262.8631,1.246822
56610,265.9102,1.267677
56640,268.9171,1.28779
56670,271.9264,1.3082610000000001
56700,274.9153,1.3288140000000002
56730,277.9229,1.3496599999999999
56760,280.9685,1.3709019999999998
56790,283.9775,1.392079
56820,286.9667,1.413212
56850,289.9748,1.4346880000000002
56880,292.9648,1.4561149999999998
56910,296.0269,1.4781760000000002
56940,299.0176,1.499854
56970,302.0255,1.521847
57000,305.0154,1.543705
57030,308.0795,1.566277
57060,311.0671,1.5884070000000001
57090,314.0759,1.610796
57120,317.0818,1.63341
57150,320.0714,1.6560169999999999
57180,323.1178,1.679187
57210,326.1233,1.701991
57240,329.1326,1.725106
57270,332.1216,1.7481879999999999
57300,335.1275,1.7715999999999998
57330,338.1722,1.795477
57360,341.176,1.819115
57390,344.1656,1.842768
57420,347.1729,1.866678
57450,350.161,1.890635
57480,353.2242,1.915475
57510,356.2155,1.9397790000000001
57540,359.2213,1.9645130000000002
57570,362.2299,1.9892329999999998
57600,365.2185,2.013905
57630,368.2629,2.039018
57660,371.271,2.0643
57690,374.2779,2.0894120000000003
57720,377.2671,2.1145829999999997
57750,380.2757,2.140397
57780,383.3197,2.1663229999999998
57810,386.3273,2.192548
57840,389.3181,2.218577
57870,392.3264,2.2451380000000003
57900,395.3143,2.271187
57930,398.3808,2.298
57960,401.3693,2.324783
57990,404.3773,2.351771
58020,407.3865,2.378946
58050,410.3738,2.405958
58080,413.4197,2.433689
58110,416.4236,2.46124
58140,419.4331,2.489108
58170,422.4227,2.516797
58200,425.4304,2.5447789999999997
58230,428.4761,2.5735550000000003
58260,431.4824,2.602195
58290,434.4727,2.6307020000000003
58320,437.4828,2.659746
58350,440.4715,2.68838
58380,443.5339,2.7180839999999997
58410,446.5243,2.7474979999999998
58440,449.5307,2.776651
58470,452.5395,2.8064
58500,455.5294,2.836138
58530,458.5727,2.8664140000000002
58560,461.5811,2.8965729999999996
58590,464.5887,2.9272009999999997
58620,467.5773,2.95768
58650,470.5847,2.9884660000000003
58680,473.6307,3.01986
58710,476.6369,3.051
58740,479.628,3.08228
58770,482.6346,3.113869
58800,485.6428,3.145646
58830,488.6856,3.177965
58860,491.6716,3.209933
58890,494.6782,3.2421919999999997
58920,497.685,3.2748559999999998
58950,500.6736,3.307519
58980,503.7195,3.340947
59010,506.7254,3.374068
59040,509.7343,3.40745
59070,512.724,3.440838
59100,515.7313,3.47462
59130,518.7758,3.509138
59160,521.7845,3.54345
59190,524.7727,3.577671
59220,527.7789,3.612345
59250,530.788,3.647238
59280,533.832,3.682909
59310,536.8228,3.71801
59340,539.8315,3.75365
59370,542.8396,3.789409
59400,545.8287,3.825231
59430,548.8762,3.861973
59460,551.8854,3.8985610000000004
59490,554.892,3.9353780000000005
59520,557.8795,3.9722130000000004
59550,560.8907,4.009456
59580,563.9354,4.047346999999999
59610,566.9398,4.085243
59640,569.9288,4.123029000000001
59670,572.9365,4.161434
59700,575.9454,4.200062
59730,578.9911,4.239477
59760,581.9803,4.278326
59790,584.9879,4.317810000000001
59820,587.9982,4.357546999999999
59850,590.9869,4.3974459999999995
59880,594.0339,4.438445000000001
59910,597.0421,4.479203
59940,600.0485,4.5201899999999995
59970,4.014379,0.01056408
60000,7.020506,0.018272160000000003
60030,10.06518,0.02633287
60060,13.05392,0.03421007
60090,16.06286,0.041516010000000006
60120,19.07279,0.04847693
60150,22.05852,0.056369920000000004
60180,25.12108,0.06466957
60210,28.11179,0.07244678
60240,31.11622,0.08035028999999999
60270,34.10721,0.08830799
60300,37.11071,0.09630759
60330,40.15468,0.1045765
60360,43.16366,0.11508800000000001
60390,46.15105,0.1261177
60420,49.15963,0.1373104
60450,52.16576,0.1486081
60480,55.21232,0.1605829
60510,58.21822,0.1675055
60540,61.20676,0.1836839
60570,64.21313,0.19621429999999998
60600,67.20286,0.2084095
60630,70.26404,0.2209744
60660,73.25312,0.2332808
60690,76.26259,0.24561139999999998
60720,79.25222,0.2582597
60750,82.26043,0.271185
60780,85.30558,0.2841772
60810,88.3138,0.29736779999999996
60840,91.30218,0.3104868
60870,94.31254,0.32370340000000003
60900,97.32022,0.3371652
60930,100.3662,0.3508135
60960,103.3738,0.3643964
60990,106.3623,0.3777411
61020,109.3712,0.3918601
61050,112.3569,0.4055881
61080,115.4202,0.4197551
61110,118.4112,0.4339343
61140,121.4193,0.448597
61170,124.4093,0.4632401
61200,127.417,0.47803500000000004
61230,130.4628,0.4935903
61260,133.4715,0.5085784
61290,136.4599,0.5238394
61320,139.4674,0.5403438
61350,142.4755,0.5556882
61380,145.5202,0.5720525
61410,148.5287,0.5888895999999999
61440,151.5199,0.6042856000000001
61470,154.5269,0.6213134
61500,157.5152,0.6385579
61530,160.579,0.6562621999999999
61560,163.5665,0.6736495
61590,166.5751,0.6923296999999999
61620,169.5658,0.7104489
61650,172.5724,0.7323015
61680,175.6176,0.7503578
61710,178.6241,0.7689616
61740,181.6141,0.7898481
61770,184.6197,0.8071891999999999
61800,187.6242,0.827215
61830,190.6692,0.8491748
61860,193.6754,0.8658882
61890,196.6646,0.8870198
61920,199.6737,0.9075993
61950,202.6616,0.926144
61980,205.725,0.9504849999999999
62010,208.7164,0.9683522
62040,211.7229,0.9887153999999999
62070,214.712,1.0105929999999999
62100,217.7186,1.02874
62130,220.7649,1.049982
62160,223.6478,1.049996
62190,225.6756,1.050009
62220,229.7572,1.0585380000000002
62250,232.7671,1.078862
62280,235.8124,1.098672
62310,238.8209,1.118351
62340,241.8106,1.138037
62370,244.8192,1.157894
62400,247.8092,1.17769
62430,250.8733,1.1983
62460,253.8629,1.218489
62490,256.8718,1.2389990000000002
62520,259.8608,1.2593839999999998
62550,262.864,1.279971
62580,265.9103,1.301065
62610,268.918,1.3222
62640,271.9264,1.343274
62670,274.916,1.3643589999999999
62700,277.9242,1.385696
62730,280.9687,1.40751
62760,283.9776,1.429091
62790,286.9668,1.450756
62820,289.9753,1.472686
62850,292.9633,1.494635
62880,296.0272,1.517164
62910,299.0168,1.539213
62940,302.0247,1.561709
62970,305.0154,1.584152
63000,308.0782,1.6072659999999999
63030,311.0673,1.629856
63060,314.0746,1.652746
63090,317.0809,1.6757689999999998
63120,320.0706,1.698758
63150,323.1169,1.722469
63180,326.1231,1.745933
63210,329.1311,1.7696040000000002
63240,332.1198,1.793137
63270,335.1276,1.81703
63300,338.1723,1.8413760000000001
63330,341.1762,1.865532
63360,344.1647,1.889713
63390,347.1734,1.914277
63420,350.1619,1.9386559999999997
63450,353.2243,1.963879
63480,356.2125,1.988618
63510,359.2211,2.013835
63540,362.2302,2.039087
63570,365.2195,2.064254
63600,368.2624,2.090158
63630,371.2708,2.115811
63660,374.2777,2.1417140000000003
63690,377.2668,2.1675940000000002
63720,380.2758,2.1938500000000003
63750,383.3185,2.220471
63780,386.3266,2.246916
63810,389.3177,2.273391
63840,392.3266,2.3003440000000004
63870,395.3155,2.327127
63900,398.3805,2.354881
63930,401.3704,2.381898
63960,404.378,2.409369
63990,407.3852,2.436946
64020,410.3738,2.464632
64050,413.419,2.493169
64080,416.4254,2.521272
64110,419.4332,2.54951
64140,422.4211,2.577789
64170,425.4286,2.606595
64200,428.4762,2.635805
64230,431.4825,2.664841
64260,434.4733,2.6938649999999997
64290,437.4825,2.723145
64320,440.471,2.752512
64350,443.5338,2.7829870000000003
64380,446.524,2.812669
64410,449.5326,2.842755
64440,452.5384,2.8729769999999997
64470,455.5289,2.9032489999999997
64500,458.5729,2.9343690000000002
64530,461.5826,2.965156
64560,464.5891,2.996111
64590,467.5769,3.027121
64620,470.5847,3.058494
64650,473.6304,3.0904640000000003
64680,476.6345,3.122336
64710,479.6263,3.154159
64740,482.6347,3.186358
64770,485.6417,3.2186009999999996
64800,488.6864,3.251493
64830,491.6718,3.2841060000000004
64860,494.6784,3.317172
64890,497.6861,3.350271
64920,500.674,3.3834410000000004
64950,503.7193,3.417425
64980,506.7259,3.451193
65010,509.7334,3.485221
65040,512.7255,3.519331
65070,515.731,3.553702
65100,518.7767,3.58867
65130,521.7838,3.6235410000000003
65160,524.7732,3.658506
65190,527.7792,3.693855
65220,530.7882,3.729337
65250,533.8336,3.7654680000000003
65280,536.8237,3.801156
65310,539.8301,3.8373069999999996
65340,542.8403,3.8738509999999997
65370,545.8309,3.9103209999999997
65400,548.8763,3.9477819999999997
65430,551.8865,3.9848140000000005
65460,554.8923,4.022195
65490,557.8823,4.059741
65520,560.8908,4.09769
65550,563.933,4.136365
65580,566.9405,4.174732
65610,569.9312,4.213216
65640,572.9376,4.2521759999999995
65670,575.9457,4.291440000000001
65700,578.9933,4.331601
65730,581.9814,4.371155
65760,584.9896,4.411284
65790,587.9985,4.451726000000001
65820,590.9882,4.492304
65850,594.035,4.533919999999999
65880,597.0425,4.575319
65910,600.0499,4.616958
65940,4.013053,0.009840659
65970,7.02137,0.01778708
66000,10.06659,0.02584148
66030,13.05473,0.033448080000000005
66060,16.06127,0.040718069999999995
66090,19.07124,0.04783683
66120,22.05884,0.055200889999999996
66150,25.1205,0.06321503
66180,28.11058,0.07118141
66210,31.11847,0.07928732
66240,34.10651,0.08721354
66270,37.11096,0.09500283999999999
66300,40.15577,0.1038007
66330,43.16464,0.1145659
66360,46.15292,0.12559800000000002
66390,49.15956,0.1369908
66420,52.16714,0.14854130000000001
66450,55.21316,0.1606016
66480,58.21852,0.167565
66510,61.20788,0.1840439
66540,64.21401,0.1968307
66570,67.20404,0.209147
66600,70.26603,0.2217613
66630,73.25457,0.23431459999999998
66660,76.26443,0.2470909
66690,79.25313,0.25968600000000003
66720,82.26095,0.27284590000000003
66750,85.30611,0.286154
66780,88.31451,0.2995007
66810,91.30379,0.3127807
66840,94.31343,0.3263738
66870,97.32087,0.3399179
66900,100.3668,0.3537334
66930,103.3732,0.3676205
66960,106.3623,0.3813622
66990,109.3715,0.395604
67020,112.3569,0.4094489
67050,115.4207,0.423968
67080,118.412,0.43852009999999997
67110,121.4196,0.4533148
67140,124.4091,0.4681411
67170,127.4182,0.4832972
67200,130.4625,0.49957930000000006
67230,133.4717,0.5146131
67260,136.4584,0.5301461
67290,139.468,0.5467518
67320,142.4766,0.5622071999999999
67350,145.5194,0.5792098
67380,148.5289,0.5957802999999999
67410,151.5206,0.6116005
67440,154.5274,0.6296888
67470,157.5152,0.6466798
67500,160.5785,0.6658786
67530,163.5669,0.6853289
67560,166.5762,0.7027734999999999
67590,169.5656,0.7213824
67620,172.5735,0.7428598
67650,175.6179,0.7605616000000001
67680,178.6241,0.7800826000000001
67710,181.6135,0.8003003999999999
67740,184.6207,0.8176888999999999
67770,187.6246,0.8394686
67800,190.6708,0.8608782
67830,193.6774,0.8792398
67860,196.6655,0.9013869
67890,199.6752,0.9209381
67920,202.6631,0.940966
67950,205.727,0.9653760000000001
67980,208.7167,0.9821698
68010,211.7236,1.0033720000000002
68040,214.7127,1.024541
68070,217.7203,1.043251
68100,220.6917,1.049992
68130,222.9585,1.050006
68160,226.7519,1.054481
68190,229.7605,1.075051
68220,232.7696,1.0947099999999998
68250,235.8139,1.114763
68280,238.8214,1.134676
68310,241.8125,1.154793
68340,244.8212,1.17503
68370,247.8114,1.195314
68400,250.875,1.216258
68430,253.8628,1.236715
68460,256.8715,1.257369
68490,259.8611,1.278317
68520,262.8639,1.299437
68550,265.9119,1.3208849999999999
68580,268.9192,1.34215
68610,271.9265,1.363615
68640,274.9166,1.385057
68670,277.9241,1.4069209999999999
68700,280.9688,1.429091
68730,283.9781,1.451243
68760,286.967,1.473212
68790,289.9763,1.495418
68820,292.9642,1.517659
68850,296.0277,1.540745
68880,299.018,1.5633050000000002
68910,302.0262,1.586155
68940,305.0165,1.6089609999999999
68970,308.0796,1.6324400000000001
69000,311.0691,1.655385
69030,314.0758,1.678779
69060,317.0835,1.702375
69090,320.0724,1.725879
69120,323.1181,1.749922
69150,326.1242,1.773752
69180,329.1315,1.797811
69210,332.1232,1.8218269999999999
69240,335.1288,1.846208
69270,338.1736,1.8710529999999999
69300,341.1773,1.895713
69330,344.1673,1.9203009999999998
69360,347.1746,1.9452
69390,350.1635,1.9701079999999997
69420,353.2254,1.9959210000000003
69450,356.2159,2.021124
69480,359.2234,2.0467229999999996
69510,362.2315,2.072442
69540,365.2202,2.0981170000000002
69570,368.264,2.124438
69600,371.2718,2.150709
69630,374.278,2.177097
69660,377.2679,2.203516
69690,380.2772,2.230025
69720,383.3216,2.257206
69750,386.3284,2.284252
69780,389.3192,2.311301
69810,392.3283,2.338666
69840,395.3156,2.3660170000000003
69870,398.382,2.394117
69900,401.3705,2.421759
69930,404.3798,2.449729
69960,407.386,2.47802
69990,410.3759,2.506219
70020,413.4233,2.535129
70050,416.4254,2.5637000000000003
70080,419.4334,2.592517
70110,422.4224,2.621397
70140,425.4307,2.650652
70170,428.4766,2.680452
70200,431.4832,2.7100470000000003
70230,434.475,2.739617
70260,437.4834,2.769481
70290,440.4725,2.799374
70320,443.5354,2.830321
70350,446.526,2.860535
70380,449.5332,2.891268
70410,452.5407,2.9221559999999998
70440,455.5312,2.952988
70470,458.5754,2.984632
70500,461.5816,3.016035
70530,464.5901,3.047749
70560,467.5772,3.079234
70590,470.5864,3.1111639999999996
70620,473.631,3.143778
70650,476.6375,3.176267
70680,479.6289,3.208673
70710,482.6356,3.241504
70740,485.6441,3.274402
70770,488.6868,3.307916
70800,491.6728,3.341024
70830,494.6802,3.374714
70860,497.6881,3.4085590000000003
70890,500.6772,3.44239
70920,503.7222,3.4769870000000003
70950,506.7281,3.5113109999999996
70980,509.735,3.545951
71010,512.726,3.580682
71040,515.7321,3.6157660000000003
71070,518.7756,3.651533
71100,521.7838,3.6870399999999997
71130,524.774,3.722484
71160,527.7814,3.758372
71190,530.7892,3.794635
71220,533.834,3.8315989999999998
71250,536.8242,3.8680010000000005
71280,539.8329,3.9048430000000005
71310,542.8409,3.942026
71340,545.8312,3.9790959999999997
71370,548.8768,4.017265
71400,551.8854,4.055179
71430,554.8914,4.093241
71460,557.883,4.131317
71490,560.8912,4.1699139999999995
71520,563.9357,4.209228
71550,566.9419,4.248432
71580,569.9316,4.287592
71610,572.9398,4.3273269999999995
71640,575.9463,4.367281999999999
71670,578.9936,4.407982
71700,581.9795,4.448124
71730,584.9877,4.489148
71760,587.9987,4.530359
71790,590.9894,4.571538
71820,594.0341,4.613787
71850,597.0422,4.655845
71880,600.0497,4.698271
71910,4.015897,0.00983022
71940,7.02268,0.01845188
71970,10.0668,0.026551409999999998
72000,13.05317,0.0343846
72030,16.0622,0.04216585
72060,19.07224,0.049427000000000006
72090,22.05918,0.05655044
72120,25.12156,0.06526372
72150,28.11235,0.07341396
72180,31.11866,0.08171052000000001
72210,34.10773,0.08996309000000001
72240,37.11055,0.0983902
72270,40.15746,0.1068599
72300,43.16391,0.1170225
72330,46.153,0.128225
72360,49.16068,0.1402362
72390,52.16856,0.1524361
72420,55.21344,0.1647556
72450,58.21902,0.1723884
72480,61.20842,0.18934020000000001
72510,64.21497,0.20252879999999998
72540,67.20382,0.2153907
72570,70.26573,0.2287128
72600,73.2551,0.24160009999999998
72630,76.26326,0.2547942
72660,79.25284,0.2682756
72690,82.2616,0.28195000000000003
72720,85.30702,0.2956466
72750,88.31416,0.3096247
72780,91.30453,0.32356589999999996
72810,94.31422,0.337451
72840,97.32166,0.35174279999999997
72870,100.3669,0.36591270000000004
72900,103.3749,0.3802556
72930,106.364,0.3950221
72960,109.3718,0.4090992
72990,112.3577,0.4239212
73020,115.4219,0.4393263
73050,118.4119,0.45465639999999996
73080,121.4199,0.4700615
73110,124.4101,0.48543920000000007
73140,127.4155,0.5016510000000001
73170,130.4636,0.5176725999999999
73200,133.4719,0.5340926
73230,136.46,0.5501718999999999
73260,139.4673,0.5666463
73290,142.477,0.5844271
73320,145.5206,0.6016170000000001
73350,148.5286,0.6186328
73380,151.5198,0.6377895
73410,154.5273,0.654448
73440,157.5159,0.6726251999999999
73470,160.5797,0.6954463
73500,163.568,0.7109234999999999
73530,166.5754,0.7325474
73560,169.5657,0.7517216999999999
73590,172.5731,0.7707308
73620,175.6181,0.7943009000000001
73650,178.6258,0.8123856
73680,181.6146,0.8321051
73710,184.6217,0.8552214
73740,187.6255,0.8738827
73770,190.6705,0.8961231000000001
73800,193.6785,0.9176665
73830,196.6655,0.9355928
73860,199.6736,0.958241
73890,202.6622,0.9794225
73920,205.7264,1.00048
73950,208.7164,1.0215530000000002
73980,211.7233,1.042756
74010,214.7031,1.0499910000000001
74040,216.9267,1.050004
74070,220.7558,1.054079
74100,223.7634,1.075002
74130,226.7528,1.095129
74160,229.7607,1.1155050000000002
74190,232.7698,1.135949
74220,235.8141,1.1567910000000001
74250,238.8221,1.177479
74280,241.8118,1.1982
74310,244.8207,1.219205
74340,247.8105,1.2402950000000001
74370,250.8747,1.26213
74400,253.8638,1.2833320000000001
74430,256.8726,1.30485
74460,259.8604,1.32642
74490,262.8651,1.3483450000000001
74520,265.911,1.3706099999999999
74550,268.9187,1.3927349999999998
74580,271.9279,1.41503
74610,274.9182,1.43736
74640,277.9243,1.459832
74670,280.9703,1.482921
74700,283.9784,1.505838
74730,286.9676,1.528707
74760,289.9764,1.5517539999999999
74790,292.9644,1.574874
74820,296.028,1.598711
74850,299.0178,1.622142
74880,302.0268,1.645886
74910,305.0173,1.669506
74940,308.079,1.693859
74970,311.0688,1.717707
75000,314.0758,1.741951
75030,317.0819,1.76638
75060,320.0729,1.7908300000000001
75090,323.1188,1.8157780000000001
75120,326.1253,1.840441
75150,329.1325,1.8654430000000002
75180,332.1226,1.8904539999999999
75210,335.1285,1.915661
75240,338.1742,1.941466
75270,341.1777,1.967022
75300,344.1659,1.992493
75330,347.1735,2.018276
75360,350.1631,2.044181
75390,353.2248,2.070927
75420,356.215,2.097154
75450,359.2236,2.123714
75480,362.2311,2.150381
75510,365.2202,2.176999
75540,368.2634,2.204368
75570,371.2715,2.231513
75600,374.2786,2.258936
75630,377.2682,2.286301
75660,380.2762,2.313841
75690,383.3198,2.342051
75720,386.3275,2.370159
75750,389.3183,2.39813
75780,392.3266,2.426456
75810,395.3164,2.454806
75840,398.3817,2.4840880000000003
75870,401.3705,2.512667
75900,404.3782,2.541798
75930,407.386,2.571106
75960,410.3756,2.600351
75990,413.4214,2.6302030000000003
76020,416.4247,2.659809
76050,419.433,2.6898519999999997
76080,422.4235,2.719976
76110,425.4315,2.750293
76140,428.4767,2.781251
76170,431.4853,2.811938
76200,434.4735,2.842476
76230,437.4818,2.873528
76260,440.4706,2.904681
76290,443.5342,2.9368279999999998
76320,446.5256,2.968181
76350,449.532,2.999928
76380,452.5378,3.031897
76410,455.5302,3.064067
76440,458.5743,3.096806
76470,461.5837,3.12937
76500,464.59,3.1621620000000004
76530,467.5774,3.194972
76560,470.5858,3.228115
76590,473.6317,3.262018
76620,476.6376,3.295633
76650,479.6272,3.32913
76680,482.6364,3.363118
76710,485.6433,3.3973340000000003
76740,488.6864,3.432172
76770,491.6707,3.466524
76800,494.6802,3.501444
76830,497.6864,3.536594
76860,500.6755,3.571521
76890,503.7197,3.607425
76920,506.7277,3.643148
76950,509.7359,3.679206
76980,512.7259,3.715227
77010,515.7334,3.751594
77040,518.7778,3.7886219999999997
77070,521.7832,3.8254099999999998
77100,524.774,3.86231
77130,527.7805,3.8996519999999997
77160,530.7897,3.93731
77190,533.8348,3.9754799999999997
77220,536.8237,4.0131879999999995
77250,539.8311,4.051487000000001
77280,542.8399,4.090105
77310,545.8296,4.128668
77340,548.8778,4.168224
77370,551.8848,4.207446
77400,554.8925,4.246916000000001
77430,557.8824,4.286579
77460,560.8908,4.326631
77490,563.9354,4.367496
77520,566.9401,4.408059
77550,569.9302,4.448519
77580,572.9379,4.489742000000001
77610,575.9465,4.531231
77640,578.9929,4.573512
77670,581.9805,4.615144
77700,584.9906,4.657427
77730,587.9993,4.700119
77760,590.9878,4.742776
77790,594.0336,4.786655
77820,597.0399,4.830273
77850,600.0491,4.874208
77880,4.015024,0.01094856
77910,7.022121,0.02058608
77940,10.06691,0.02971239
77970,13.05416,0.03844694
78000,16.06346,0.046755200000000004
78030,19.07312,0.05456187
78060,22.06026,0.06253938
78090,25.12144,0.07163259
78120,28.11222,0.08045553000000001
78150,31.11825,0.08954067
78180,34.10609,0.09848969
78210,37.11422,0.10776619999999999
78240,40.1585,0.1170524
78270,43.16336,0.12702270000000002
78300,46.15178,0.13912860000000002
78330,49.15986,0.15212399999999998
78360,52.16902,0.1650829
78390,55.21332,0.178323
78420,58.21883,0.18677549999999998
78450,61.20882,0.2048621
78480,64.21468,0.2189553
78510,67.20325,0.2327145
78540,70.2659,0.24686550000000002
78570,73.25584,0.2608604
78600,76.26483,0.27516619999999997
78630,79.2529,0.2895226
78660,82.26219,0.3041233
78690,85.30803,0.3187678
78720,88.31457,0.33351610000000004
78750,91.30419,0.34851689999999996
78780,94.31487,0.3631619
78810,97.32106,0.37817839999999997
78840,100.3666,0.39334759999999996
78870,103.3747,0.408698
78900,106.363,0.4243766
78930,109.3723,0.4400719
78960,112.3578,0.4561187
78990,115.4224,0.47272569999999997
79020,118.4116,0.489023
79050,121.4199,0.5057075
79080,124.4102,0.5222977
79110,127.4164,0.5400111000000001
79140,130.4626,0.5571356
79170,133.4717,0.5744197
79200,136.4598,0.5926357
79230,139.4676,0.6099108
79260,142.4774,0.6290027
79290,145.5216,0.6488374
79320,148.5293,0.6662199
79350,151.5202,0.6881392000000001
79380,154.5279,0.7076108999999999
79410,157.5164,0.7266891
79440,160.5797,0.7513810999999999
79470,163.5682,0.7690973999999999
79500,166.5756,0.7905869999999999
79530,169.5663,0.8123513
79560,172.5737,0.8314045999999999
79590,175.6182,0.8551257999999999
79620,178.6257,0.8760238
79650,181.615,0.8952366
79680,184.6221,0.9194708
79710,187.6257,0.9403891
79740,190.6708,0.9627078
79770,193.6776,0.986373
79800,196.6659,1.00619
79830,199.6748,1.0271949999999999
79860,202.6662,1.049983
79890,205.592,1.049998
79920,208.7091,1.042344
79950,211.7144,1.063904
79980,214.7037,1.0845960000000001
80010,217.7115,1.105437
80040,220.7557,1.126832
80070,223.7628,1.1481169999999998
80100,226.752,1.169395
80130,229.76,1.1908230000000002
80160,232.7679,1.212487
80190,235.8132,1.234572
80220,238.8207,1.2565590000000002
80250,241.8112,1.278595
80280,244.8202,1.3008680000000001
80310,247.8107,1.323013
80340,250.8737,1.34587
80370,253.8633,1.368505
80400,256.8716,1.39142
80430,259.8604,1.4142810000000001
80460,262.8655,1.437349
80490,265.9115,1.460864
80520,268.9177,1.484262
80550,271.9269,1.5078960000000001
80580,274.9169,1.531434
80610,277.924,1.555353
80640,280.969,1.579635
80670,283.9783,1.603733
80700,286.9675,1.6278569999999999
80730,289.9762,1.6523569999999999
80760,292.9647,1.6768100000000001
80790,296.0281,1.701917
80820,299.0194,1.7265169999999999
80850,302.0269,1.751522
80880,305.016,1.776389
80910,308.0794,1.802322
80940,311.0689,1.827528
80970,314.0756,1.8530300000000002
81000,317.0829,1.878651
81030,320.071,1.904335
81060,323.117,1.9307150000000002
81090,326.1243,1.9569299999999998
81120,329.1321,1.9831999999999999
81150,332.1208,2.0094600000000002
81180,335.1275,2.036091
81210,338.1715,2.063089
81240,341.1754,2.0898689999999998
81270,344.1656,2.117009
81300,347.1743,2.144292
81330,350.1621,2.171507
81360,353.2254,2.199535
81390,356.214,2.227055
81420,359.2229,2.255043
81450,362.2293,2.283136
81480,365.2193,2.311197
81510,368.2622,2.339938
81540,371.2705,2.368576
81570,374.2771,2.397228
81600,377.2657,2.426061
81630,380.2751,2.455187
81660,383.3196,2.484859
81690,386.3275,2.5142610000000003
81720,389.3185,2.543682
81750,392.3257,2.573468
81780,395.3159,2.6033079999999997
81810,398.3805,2.6341170000000003
81840,401.3709,2.664302
81870,404.3786,2.6947900000000002
81900,407.3861,2.7255079999999996
81930,410.3736,2.756139
81960,413.4208,2.787729
81990,416.4257,2.8189919999999997
82020,419.4338,2.850461
82050,422.4229,2.881879
82080,425.4302,2.913729
82110,428.4771,2.9461559999999998
82140,431.4837,2.978412
82170,434.4745,3.010665
82200,437.4813,3.043221
82230,440.4716,3.075716
82260,443.534,3.109316
82290,446.5248,3.1424939999999997
82320,449.5323,3.1758729999999997
82350,452.5391,3.209444
82380,455.5309,3.242958
82410,458.5737,3.277368
82440,461.5819,3.311619
82470,464.5886,3.345968
82500,467.5772,3.380508
82530,470.5859,3.415239
82560,473.6306,3.4506219999999996
82590,476.6382,3.48581
82620,479.6278,3.52106
82650,482.6346,3.5568
82680,485.6434,3.592592
82710,488.6876,3.629137
82740,491.6729,3.6651089999999997
82770,494.6791,3.701537
82800,497.6866,3.738242
82830,500.6747,3.7749379999999997
82860,503.7213,3.8126379999999997
82890,506.7277,3.849861
82920,509.7339,3.887445
82950,512.725,3.9250560000000005
82980,515.7327,3.9631350000000003
83010,518.7761,4.001899000000001
83040,521.7842,4.040375999999999
83070,524.7748,4.078849
83100,527.7811,4.117841
83130,530.7879,4.157101
83160,533.834,4.197076999999999
83190,536.8242,4.236559
83220,539.832,4.276494
83250,542.8397,4.316674
83280,545.8299,4.3569450000000005
83310,548.8768,4.398328
83340,551.8856,4.439351
83370,554.8937,4.480647
83400,557.8829,4.5219
83430,560.8914,4.563656
83460,563.9342,4.606286
83490,566.9387,4.648703
83520,569.9316,4.691167
83550,572.9365,4.734096
83580,575.9468,4.777251
83610,578.9915,4.821358999999999
83640,581.9809,4.865066
83670,584.9894,4.909276
83700,587.9982,4.953728
83730,590.9865,4.998166
83760,594.0339,5.0439430000000005
83790,597.0427,5.089414
83820,600.0501,5.135415
83850,4.012281,0.01358145
83880,7.020814,0.023558779999999998
83910,10.06658,0.03421513
83940,13.05446,0.04441893
83970,16.06085,0.05416006
84000,19.07078,0.06355791
84030,22.05949,0.07276733
84060,25.12176,0.08284838
84090,28.11285,0.09303398
84120,31.11967,0.1035571
84150,34.10802,0.114091
84180,37.11229,0.12481569999999999
84210,40.1552,0.1356651
84240,43.16524,0.1464734
84270,46.15321,0.1595355
84300,49.16015,0.1740961
84330,52.16872,0.1891947
84360,55.21524,0.2045768
84390,58.21903,0.2145781
84420,61.20731,0.234874
84450,64.21429,0.251201
84480,67.20446,0.26699900000000004
84510,70.2651,0.2833
84540,73.25491,0.2994784
84570,76.26373,0.315771
84600,79.2533,0.3319203
84630,82.26139,0.3485036
84660,85.3083,0.3651279
84690,88.31368,0.38171320000000003
84720,91.30457,0.3988201
84750,94.31507,0.4153895
84780,97.32165,0.4327528
84810,100.3663,0.4506397
84840,103.3756,0.4688777
84870,106.3642,0.48654580000000003
84900,109.3727,0.5047973
84930,112.3577,0.5230876999999999
84960,115.4224,0.5419822
84990,118.4127,0.5609820000000001
85020,121.4204,0.5802746
85050,124.4104,0.5990139
85080,127.4179,0.6203944
85110,130.4638,0.6407701
85140,133.4732,0.6609475
85170,136.4611,0.6844685
85200,139.4683,0.7034744
85230,142.4773,0.7263504000000001
85260,145.5223,0.7513162
85290,148.529,0.7705346999999999
85320,151.5201,0.7940806
85350,154.5276,0.8173499
85380,157.5165,0.8380921
85410,160.5804,0.8651714
85440,163.5686,0.8856993000000001
85470,166.5768,0.9091726
85500,169.5653,0.9341991000000001
85530,172.573,0.9562333
85560,175.6187,0.9807231
85590,178.6271,1.0048549999999998
85620,181.6158,1.024818
85650,184.6236,1.0499779999999999
85680,187.481,1.049997
85710,190.6631,1.0451810000000001
85740,193.6697,1.068125
85770,196.6588,1.090269
85800,199.6663,1.112662
85830,202.6537,1.135009
85860,205.719,1.158251
85890,208.7084,1.180878
85920,211.7149,1.2038170000000001
85950,214.7041,1.226797
85980,217.7115,1.250199
86010,220.7566,1.274018
86040,223.7634,1.297574
86070,226.7533,1.3211570000000001
86100,229.7597,1.3450579999999999
86130,232.7699,1.3691440000000001
86160,235.8144,1.393757
86190,238.8232,1.418206
86220,241.8126,1.442596
86250,244.821,1.467218
86280,247.8106,1.4918170000000002
86310,250.8754,1.517472
86340,253.8638,1.542421
86370,256.8719,1.567784
86400,259.8615,1.5930790000000001
86430,262.8658,1.618681
86460,265.9127,1.644744
86490,268.9184,1.6706750000000001
86520,271.9262,1.696785
86550,274.9172,1.722897
86580,277.9242,1.749286
86610,280.969,1.7760710000000002
86640,283.9771,1.802735
86670,286.9673,1.829494
86700,289.9755,1.8565
86730,292.9646,1.883427
86760,296.0277,1.911191
86790,299.0181,1.938404
86820,302.0266,1.9660420000000003
86850,305.0172,1.993623
86880,308.0792,2.0221519999999997
86910,311.0677,2.049847
86940,314.0766,2.077913
86970,317.0831,2.106128
87000,320.0719,2.1345430000000003
87030,323.1176,2.1635530000000003
87060,326.1249,2.192256
87090,329.134,2.221155
87120,332.1229,2.2500839999999998
87150,335.1285,2.279266
87180,338.1738,2.3090919999999997
87210,341.1768,2.338693
87240,344.1678,2.368356
87270,347.1738,2.398192
87300,350.1632,2.428043
87330,353.2261,2.458844
87360,356.2155,2.4892190000000003
87390,359.2244,2.5198859999999996
87420,362.232,2.550676
87450,365.2211,2.581366
87480,368.2641,2.612865
87510,371.2719,2.6441310000000002
87540,374.2789,2.675797
87570,377.267,2.707287
87600,380.2772,2.739055
87630,383.3192,2.771459
87660,386.3293,2.803677
87690,389.3196,2.835978
87720,392.3271,2.868619
87750,395.3162,2.9012599999999997
87780,398.3823,2.9348199999999998
87810,401.3698,2.96769
87840,404.3788,3.001041
87870,407.3869,3.0346699999999998
87900,410.3759,3.068227
87930,413.4218,3.102601
87960,416.4254,3.136692
87990,419.4335,3.170957
88020,422.4222,3.2052519999999998
88050,425.4301,3.240024
88080,428.4761,3.2753810000000003
88110,431.4845,3.310596
88140,434.4753,3.345659
88170,437.4832,3.38111
88200,440.4724,3.4167359999999998
88230,443.5339,3.453407
88260,446.525,3.489326
88290,449.5312,3.525608
88320,452.5391,3.562182
88350,455.5305,3.598803
88380,458.5734,3.636309
88410,461.5835,3.673533
88440,464.5891,3.710902
88470,467.5773,3.7481850000000003
88500,470.5847,3.78594
88530,473.6311,3.824523
88560,476.6393,3.862921
88590,479.6296,3.9011720000000003
88620,482.635,3.9397539999999998
88650,485.6428,3.97866
88680,488.6867,4.018249
88710,491.6723,4.057404
88740,494.6806,4.097001000000001
88770,497.6875,4.136847
88800,500.6758,4.176653
88830,503.7221,4.217404
88860,506.7285,4.257783
88890,509.735,4.2986130000000005
88920,512.7256,4.339481
88950,515.7316,4.380661
88980,518.7781,4.422664
89010,521.7836,4.464386
89040,524.775,4.506089
89070,527.7822,4.54847
89100,530.7896,4.591001
89130,533.8356,4.6342550000000005
89160,536.8257,4.676974
89190,539.8322,4.720271
89220,542.8412,4.763872
89250,545.8303,4.80752
89280,548.8772,4.852241
89310,551.8864,4.896624
89340,554.8954,4.941298
89370,557.8839,4.98599
89400,560.8912,5.031176
89430,563.9356,5.077392
89460,566.9402,5.123272
89490,569.931,5.169168
89520,572.9379,5.2155759999999995
89550,575.9489,5.262287
89580,578.9938,5.310143999999999
89610,581.9819,5.357212
89640,584.9907,5.404994
89670,587.9995,5.453107999999999
89700,590.9893,5.501252
89730,594.0342,5.550597
89760,597.0428,5.59982
89790,600.0515,5.649597999999999
89820,4.015242,0.011924190000000001
89850,7.021354,0.02153863
89880,10.06668,0.03224528
89910,13.0541,0.04348786
89940,16.06289,0.05446751
89970,19.07222,0.06509699
90000,22.05966,0.07573403
90030,25.12174,0.0865374
90060,28.11145,0.09705063
90090,31.11989,0.1077245
90120,34.1067,0.11822360000000001
90150,37.11211,0.1287529
90180,40.1565,0.1420364
90210,43.16354,0.1562675
90240,46.15384,0.1706981
90270,49.1595,0.18544
90300,52.1684,0.20052709999999999
90330,55.21433,0.215747
90360,58.21918,0.22571460000000002
90390,61.20933,0.2461557
90420,64.21519,0.26235379999999997
90450,67.20391,0.2780422
90480,70.26678,0.29419330000000005
90510,73.25574,0.3103595
90540,76.26479,0.3263924
90570,79.25364,0.3425607
90600,82.26159,0.35898050000000004
90630,85.30788,0.3752146
90660,88.31525,0.392233
90690,91.30473,0.40853249999999997
90720,94.31502,0.4255583
90750,97.32279,0.4427753
90780,100.3679,0.4608974
90810,103.3764,0.47847069999999997
90840,106.3653,0.49617269999999997
90870,109.3729,0.5148617999999999
90900,112.3588,0.53267
90930,115.4225,0.5521196
90960,118.4133,0.5703872999999999
90990,121.4214,0.5890906
91020,124.4103,0.6090042
91050,127.4177,0.6291586
91080,130.4642,0.6491973999999999
91110,133.4729,0.6720341
91140,136.4612,0.691731
91170,139.4691,0.7136327
91200,142.4788,0.7374828
91230,145.5228,0.7581662
91260,148.5296,0.7807744
91290,151.5213,0.8037114
91320,154.5277,0.8242231999999999
91350,157.5174,0.8478642999999999
91380,160.5809,0.8726394
91410,163.5688,0.8925502999999999
91440,166.5763,0.9183449
91470,169.5667,0.9398415
91500,172.5746,0.9628266000000001
91530,175.6203,0.9896805000000001
91560,178.6263,1.010155
91590,181.6152,1.031671
91620,184.6379,1.049987
91650,187.2482,1.0500019999999999
91680,190.6637,1.050893
91710,193.6697,1.0737160000000001
91740,196.658,1.095634
91770,199.6661,1.1179430000000001
91800,202.6562,1.1401830000000002
91830,205.7189,1.163105
91860,208.709,1.185541
91890,211.7153,1.2083750000000002
91920,214.7048,1.231333
91950,217.712,1.254494
91980,220.7558,1.2780179999999999
92010,223.7634,1.30139
92040,226.7521,1.32489
92070,229.7596,1.348509
92100,232.7687,1.372554
92130,235.8137,1.39682
92160,238.8226,1.4211090000000002
92190,241.8117,1.4451980000000002
92220,244.8197,1.469728
92250,247.8111,1.494311
92280,250.8733,1.519641
92310,253.8634,1.5444289999999998
92340,256.8712,1.569499
92370,259.8607,1.5946
92400,262.8648,1.6199670000000002
92430,265.9109,1.645978
92460,268.9189,1.6717199999999999
92490,271.9274,1.697668
92520,274.9166,1.7234530000000001
92550,277.9238,1.7495880000000001
92580,280.9686,1.776294
92610,283.9783,1.802881
92640,286.9675,1.8294039999999998
92670,289.9763,1.8561910000000001
92700,292.9653,1.882968
92730,296.028,1.910548
92760,299.0185,1.93759
92790,302.0271,1.9650389999999998
92820,305.0156,1.992454
92850,308.0788,2.0206530000000003
92880,311.0689,2.048213
92910,314.0757,2.076172
92940,317.0822,2.1044169999999998
92970,320.0733,2.132515
93000,323.1187,2.161272
93030,326.1248,2.189786
93060,329.1322,2.218589
93090,332.1218,2.24734
93120,335.1288,2.276522
93150,338.1744,2.3061830000000003
93180,341.1772,2.335546
93210,344.1662,2.3648830000000003
93240,347.1735,2.394585
93270,350.1629,2.4244130000000004
93300,353.2252,2.455062
93330,356.2155,2.485226
93360,359.223,2.51567
93390,362.2314,2.5462700000000003
93420,365.2204,2.5767569999999997
93450,368.2636,2.60823
93480,371.2728,2.639462
93510,374.2789,2.670795
93540,377.2687,2.702082
93570,380.2753,2.733688
93600,383.3205,2.765949
93630,386.3282,2.7981770000000004
93660,389.3195,2.830206
93690,392.3279,2.8626899999999997
93720,395.3157,2.8950440000000004
93750,398.3816,2.928545
93780,401.3698,2.961286
93810,404.3789,2.994599
93840,407.3871,3.0280679999999998
93870,410.3758,3.061383
93900,413.4218,3.095491
93930,416.4254,3.129442
93960,419.434,3.163642
93990,422.4227,3.197815
94020,425.4317,3.232428
94050,428.4766,3.2677289999999997
94080,431.4837,3.3026299999999997
94110,434.4738,3.337491
94140,437.4825,3.372743
94170,440.4725,3.408283
94200,443.535,3.444791
94230,446.5255,3.48044
94260,449.5321,3.516549
94290,452.5388,3.552966
94320,455.5297,3.5892910000000002
94350,458.5744,3.626589
94380,461.5812,3.663668
94410,464.5896,3.700971
94440,467.5781,3.73803
94470,470.5871,3.775672
94500,473.6311,3.814121
94530,476.6382,3.852216
94560,479.6282,3.8902639999999997
94590,482.6351,3.928865
94620,485.644,3.967533
94650,488.6873,4.007011
94680,491.6731,4.0459130000000005
94710,494.6817,4.085442
94740,497.6884,4.125127999999999
94770,500.6768,4.164744
94800,503.7217,4.205324
94830,506.7263,4.245620000000001
94860,509.7332,4.286284
94890,512.7255,4.326946
94920,515.734,4.368069
94950,518.7776,4.409936
94980,521.7861,4.45143
95010,524.7746,4.49302
95040,527.781,4.5351680000000005
95070,530.7899,4.577558
95100,533.834,4.620703000000001
95130,536.8251,4.663226
95160,539.8325,4.706385
95190,542.8408,4.749638
95220,545.832,4.793101
95250,548.877,4.837542
95280,551.8862,4.881824999999999
95310,554.8933,4.926189
95340,557.8818,4.970573
95370,560.8923,5.015612999999999
95400,563.9379,5.061448
95430,566.9413,5.10704
95460,569.9321,5.152594
95490,572.9405,5.19873
95520,575.9488,5.245157
95550,578.9943,5.29261
95580,581.9825,5.339421
95610,584.9906,5.386995
95640,587.9991,5.434655
95670,590.9882,5.482361
95700,594.0346,5.531445
95730,597.043,5.58045
95760,600.0506,5.629739
95790,4.014414,0.011715020000000001
95820,7.021349,0.02115759
95850,10.06573,0.030492409999999998
95880,13.0539,0.03959349
95910,16.062,0.04836987
95940,19.07244,0.056772159999999995
95970,22.0593,0.06530316
96000,25.12334,0.07439642
96030,28.11165,0.08357205999999999
96060,31.11891,0.09316521
96090,34.10778,0.10293
96120,37.11263,0.1129256
96150,40.15538,0.1228885
96180,43.16444,0.1329953
96210,46.15395,0.14332550000000002
96240,49.15927,0.1564015
96270,52.16866,0.17026180000000002
96300,55.21457,0.18453730000000002
96330,58.21934,0.193468
96360,61.20736,0.21253329999999998
96390,64.21482,0.227928
96420,67.20341,0.24265950000000003
96450,70.26582,0.2577891
96480,73.2544,0.27282059999999997
96510,76.26381,0.2880946
96540,79.25285,0.3032623
96570,82.2609,0.3187335
96600,85.30744,0.334485
96630,88.31499,0.3499059
96660,91.30428,0.3659893
96690,94.31493,0.3818412
96720,97.32191,0.3975904
96750,100.3663,0.4139768
96780,103.3745,0.4304342
96810,106.3633,0.4474548
96840,109.3713,0.4641643
96870,112.3578,0.481197
96900,115.4212,0.49890389999999996
96930,118.4124,0.516435
96960,121.4191,0.5348526
96990,124.4102,0.5515518
97020,127.4174,0.5704408
97050,130.4638,0.5896776
97080,133.4723,0.6072930999999999
97110,136.4611,0.6271528
97140,139.4679,0.6463788
97170,142.4771,0.6656547
97200,145.5215,0.6909034
97230,148.5289,0.7092904
97260,151.5204,0.7300648999999999
97290,154.5277,0.7535199
97320,157.5166,0.7718631
97350,160.5799,0.7966019000000001
97380,163.5685,0.8173535
97410,166.5766,0.837648
97440,169.5659,0.8612188000000001
97470,172.5741,0.8831646
97500,175.619,0.9056963
97530,178.6264,0.9302285
97560,181.6154,0.9507372999999999
97590,184.6223,0.9736602
97620,187.626,0.997768
97650,190.6718,1.0187080000000002
97680,193.6776,1.040282
97710,196.6502,1.049992
97740,198.8874,1.050005
97770,202.6541,1.0562960000000001
97800,205.7189,1.0791110000000002
97830,208.709,1.100536
97860,211.7163,1.122163
97890,214.7039,1.143855
97920,217.7124,1.165827
97950,220.7558,1.18811
97980,223.7626,1.2103169999999999
98010,226.7524,1.2327249999999998
98040,229.7597,1.2551409999999998
98070,232.7688,1.277816
98100,235.8138,1.300896
98130,238.8216,1.323879
98160,241.8115,1.3468589999999998
98190,244.8195,1.370222
98220,247.8104,1.393557
98250,250.8742,1.4176199999999999
98280,253.8642,1.4410830000000001
98310,256.8733,1.464886
98340,259.8611,1.488793
98370,262.8654,1.513021
98400,265.912,1.537649
98430,268.9191,1.562033
98460,271.9274,1.586588
98490,274.9169,1.6111520000000001
98520,277.9247,1.636124
98550,280.9695,1.66152
98580,283.9789,1.686734
98610,286.9669,1.711846
98640,289.975,1.737241
98670,292.9648,1.7627009999999999
98700,296.0279,1.789099
98730,299.0193,1.814734
98760,302.0272,1.840792
98790,305.0161,1.866749
98820,308.0798,1.893593
98850,311.0683,1.9196689999999998
98880,314.0759,1.946539
98910,317.0839,1.973303
98940,320.0732,1.9999620000000002
98970,323.1189,2.027181
99000,326.1256,2.054352
99030,329.1324,2.081794
99060,332.1221,2.1091089999999997
99090,335.1287,2.136829
99120,338.1722,2.165007
99150,341.1785,2.1928840000000003
99180,344.1669,2.220707
99210,347.1742,2.249094
99240,350.1628,2.277327
99270,353.2249,2.306533
99300,356.2162,2.335075
99330,359.2234,2.3640320000000004
99360,362.2324,2.393108
99390,365.2205,2.422273
99420,368.2646,2.452019
99450,371.2726,2.481651
99480,374.2784,2.511378
99510,377.2668,2.5411070000000002
99540,380.2764,2.571295
99570,383.3196,2.602047
99600,386.3296,2.6325920000000003
99630,389.3202,2.6629400000000003
99660,392.3272,2.69368
99690,395.3164,2.724583
99720,398.3827,2.7563530000000003
99750,401.3701,2.7875710000000002
99780,404.3795,2.819139
99810,407.3871,2.85086
99840,410.3748,2.88244
99870,413.4211,2.9148609999999997
99900,416.4257,2.947151
99930,419.4344,2.979634
99960,422.4225,3.0120970000000002
99990,425.4304,3.044934
100020,428.477,3.078262
100050,431.4838,3.11143
100080,434.4737,3.144594
100110,437.4833,3.178256
100140,440.4708,3.211788
100170,443.535,3.246328
100200,446.5243,3.280135
100230,449.5311,3.314385
100260,452.5388,3.349033
100290,455.5294,3.383548
100320,458.574,3.4189
100350,461.5843,3.453961
100380,464.5884,3.48916
100410,467.5774,3.524385
100440,470.5853,3.560263
100470,473.6311,3.5968220000000004
100500,476.6389,3.6327930000000004
100530,479.6285,3.668815
100560,482.6353,3.705375
100590,485.6433,3.7421499999999996
100620,488.686,3.779599
100650,491.6722,3.8164179999999996
100680,494.6809,3.853824
100710,497.687,3.89144
100740,500.6755,3.9289169999999998
100770,503.7208,3.9675179999999997
100800,506.7275,4.005858
100830,509.7341,4.044335
100860,512.7268,4.082655
100890,515.7341,4.121586
100920,518.7777,4.161403
100950,521.7848,4.200775999999999
100980,524.7747,4.240191
101010,527.7818,4.28002
101040,530.7886,4.320095
101070,533.8338,4.360915
101100,536.8257,4.401297
101130,539.8328,4.442188
101160,542.842,4.4831959999999995
101190,545.8305,4.524089
101220,548.8766,4.566163
101250,551.8849,4.608059
101280,554.8926,4.65014
101310,557.8831,4.692279
101340,560.8922,4.734916
101370,563.9357,4.778338000000001
101400,566.9416,4.821368
101430,569.9313,4.864644999999999
101460,572.941,4.908449
101490,575.9473,4.952403
101520,578.9924,4.997173
101550,581.9824,5.041525
101580,584.9897,5.086524
101610,587.9995,5.131855
101640,590.9898,5.177124
101670,594.0356,5.223522999999999
101700,597.0429,5.269817
101730,600.0486,5.316336000000001
101760,4.014631,0.01702018
101790,7.020627,0.02039558
101820,10.06596,0.02977444
101850,13.05463,0.03842579
101880,16.06282,0.04641344
101910,19.07124,0.054228
101940,22.05974,0.06272526
101970,25.1209,0.07138306
102000,28.11295,0.07939161
102030,31.11876,0.08753804
102060,34.10784,0.0956386
102090,37.11048,0.1038585
102120,40.1562,0.11385540000000001
102150,43.16347,0.12481380000000002
102180,46.15283,0.1359884
102210,49.15826,0.14739560000000002
102240,52.16698,0.1588892
102270,55.21314,0.170795
102300,58.21897,0.1777822
102330,61.20714,0.19397119999999998
102360,64.21354,0.2064751
102390,67.20379,0.2186262
102420,70.26599,0.23132129999999998
102450,73.25542,0.24359799999999998
102480,76.2642,0.2561455
102510,79.25333,0.2687364
102540,82.2603,0.2814569
102570,85.30717,0.2944731
102600,88.31448,0.30757019999999996
102630,91.30342,0.3206834
102660,94.31345,0.33373590000000003
102690,97.32155,0.34714449999999997
102720,100.3668,0.36061580000000004
102750,103.3743,0.37389999999999995
102780,106.3626,0.3877061
102810,109.3715,0.4011812
102840,112.3576,0.4145063
102870,115.4209,0.42915990000000004
102900,118.4122,0.44316639999999996
102930,121.4185,0.4576746
102960,124.4092,0.4720959
102990,127.417,0.4872625
103020,130.4625,0.502598
103050,133.4701,0.5172869999999999
103080,136.459,0.5328297
103110,139.467,0.5484116
103140,142.4759,0.5638785
103170,145.5201,0.5806269
103200,148.5289,0.5958591
103230,151.5196,0.6126158
103260,154.5265,0.6297611
103290,157.516,0.6451518
103320,160.5794,0.6656508
103350,163.5669,0.6817806
103380,166.5748,0.6993592000000001
103410,169.5657,0.7199639999999999
103440,172.5722,0.7370252
103470,175.6172,0.7562173999999999
103500,178.6233,0.7776677999999999
103530,181.6121,0.7938111
103560,184.6201,0.8138894999999999
103590,187.6253,0.8344507
103620,190.6704,0.852394
103650,193.6775,0.8725727
103680,196.6655,0.8921243
103710,199.6752,0.9104912
103740,202.6619,0.9320002000000001
103770,205.7266,0.9534819999999999
103800,208.7173,0.971574
103830,211.7227,0.9941606999999999
103860,214.7119,1.011877
103890,217.7199,1.0316020000000001
103920,220.7779,1.049985
103950,223.6278,1.049997
103980,226.7523,1.040737
104010,229.7605,1.060665
104040,232.7693,1.079814
104070,235.8135,1.099359
104100,238.821,1.118615
104130,241.8115,1.13798
104160,244.82,1.157546
104190,247.8105,1.177254
104220,250.8746,1.197485
104250,253.8638,1.217403
104280,256.8713,1.237569
104310,259.8604,1.2576289999999999
104340,262.8652,1.2779850000000001
104370,265.9116,1.298787
104400,268.9182,1.3195700000000001
104430,271.9268,1.340383
104460,274.9168,1.3611330000000001
104490,277.9238,1.382145
104520,280.9691,1.403616
104550,283.977,1.425025
104580,286.9669,1.4463860000000002
104610,289.9764,1.468059
104640,292.9644,1.4895619999999998
104670,296.0282,1.511884
104700,299.0177,1.533606
104730,302.0267,1.5558560000000001
104760,305.0159,1.5779880000000002
104790,308.0798,1.600812
104820,311.0677,1.6230909999999998
104850,314.0755,1.645709
104880,317.0819,1.668404
104910,320.0717,1.691187
104940,323.118,1.714563
104970,326.1247,1.737683
105000,329.1329,1.761012
105030,332.121,1.784133
105060,335.1267,1.8077089999999998
105090,338.1725,1.831758
105120,341.178,1.855623
105150,344.1657,1.8793900000000001
105180,347.174,1.9035840000000002
105210,350.1632,1.927676
105240,353.2248,1.952475
105270,356.2139,1.976958
105300,359.2235,2.0017139999999998
105330,362.2319,2.026664
105360,365.2197,2.051477
105390,368.264,2.076976
105420,371.2722,2.1021780000000003
105450,374.2784,2.127761
105480,377.2675,2.153296
105510,380.2764,2.179139
105540,383.3207,2.205372
105570,386.3283,2.231416
105600,389.3189,2.2574959999999997
105630,392.3264,2.284039
105660,395.3161,2.310572
105690,398.3818,2.337859
105720,401.3705,2.364572
105750,404.3794,2.391698
105780,407.3848,2.418988
105810,410.3746,2.4462770000000003
105840,413.4195,2.474299
105870,416.4249,2.5021
105900,419.4317,2.530016
105930,422.4221,2.557858
105960,425.4305,2.5862689999999997
105990,428.4749,2.615206
106020,431.4843,2.64383
106050,434.4734,2.672838
106080,437.4836,2.701918
106110,440.4711,2.730489
106140,443.5341,2.7598670000000003
106170,446.5253,2.789733
106200,449.5316,2.8196079999999997
106230,452.5387,2.8495220000000003
106260,455.5299,2.879445
106290,458.5721,2.910141
106320,461.5814,2.940677
106350,464.587,2.971365
106380,467.5766,3.002049
106410,470.5859,3.033143
106440,473.6292,3.064783
106470,476.6374,3.096172
106500,479.6273,3.1277429999999997
106530,482.6342,3.159669
106560,485.6425,3.191733
106590,488.6867,3.224349
106620,491.6729,3.25653
106650,494.6797,3.2892639999999997
106680,497.6881,3.322152
106710,500.6767,3.355092
106740,503.7217,3.388839
106770,506.7283,3.422345
106800,509.7339,3.4560049999999998
106830,512.7268,3.489839
106860,515.7335,3.5240449999999996
106890,518.7773,3.558952
106920,521.785,3.593505
106950,524.7745,3.628187
106980,527.7812,3.663238
107010,530.7889,3.6986399999999997
107040,533.8348,3.734608
107070,536.8255,3.7701710000000004
107100,539.8333,3.8062329999999998
107130,542.8406,3.8424300000000002
107160,545.8304,3.8787230000000004
107190,548.8775,3.9160850000000003
107220,551.8862,3.953197
107250,554.8941,3.9904589999999995
107280,557.8821,4.027674
107310,560.8928,4.065603
107340,563.9351,4.104188
107370,566.9412,4.142631
107400,569.9302,4.181059
107430,572.9393,4.220085
107460,575.9449,4.259278
107490,578.9943,4.299366
107520,581.9823,4.339041
107550,584.9889,4.379291
107580,587.9995,4.419938999999999
107610,590.9874,4.460531
107640,594.0354,4.502362
107670,597.0422,4.544082
107700,600.0508,4.586193000000001
107730,4.014134,0.01636147
107760,7.021126,0.01944022
107790,10.06633,0.0280282
107820,13.05407,0.036005209999999996
107850,16.06322,0.04352708
107880,19.07052,0.051461570000000005
107910,22.06009,0.05942352
107940,25.12227,0.06744325
107970,28.11242,0.07524095
108000,31.11838,0.08301992999999999
108030,34.10751,0.09073782
108060,37.11238,0.09873336999999999
108090,40.15577,0.1088169
108120,43.16315,0.1193202
108150,46.15201,0.1297062
108180,49.15947,0.1408097
108210,52.1684,0.1519018
108240,55.21374,0.163092
108270,58.2182,0.1692568
108300,61.20783,0.1859717
108330,64.21501,0.1974351
108360,67.20397,0.2089723
108390,70.26566,0.21977850000000002
108420,73.25541,0.232711
108450,76.26415,0.24446289999999998
108480,79.25269,0.25684260000000003
108510,82.26171,0.2691838
108540,85.30608,0.2819291
108570,88.31392,0.2938348
108600,91.30312,0.30578690000000003
108630,94.31435,0.3190789
108660,97.3212,0.33188599999999996
108690,100.3666,0.3444115
108720,103.3741,0.3578694
108750,106.3638,0.3705642
108780,109.3717,0.3832931
108810,112.3571,0.3967554
108840,115.4213,0.409557
108870,118.4121,0.42280619999999997
108900,121.4184,0.4361916
108930,124.41,0.4509058
108960,127.4164,0.46526399999999996
108990,130.4637,0.4798624
109020,133.472,0.4949954
109050,136.4603,0.5092587000000001
109080,139.4676,0.5237868
109110,142.4765,0.5390999999999999
109140,145.5205,0.5540005
109170,148.5288,0.5695437
109200,151.5192,0.5849085
109230,154.5264,0.5999281000000001
109260,157.5157,0.616576
109290,160.5784,0.6341559999999999
109320,163.5677,0.6491287
109350,166.5757,0.6691257
109380,169.5649,0.6843887000000001
109410,172.5717,0.702095
109440,175.6185,0.7237379
109470,178.6251,0.7389102
109500,181.6135,0.75744
109530,184.6214,0.7770816
109560,187.625,0.7935467
109590,190.6698,0.8149938
109620,193.6765,0.8329002
109650,196.6653,0.8501989
109680,199.6742,0.8719020000000001
109710,202.6614,0.8899087
109740,205.7254,0.9110307
109770,208.7167,0.9314829
109800,211.7231,0.948947
109830,214.7126,0.9686587999999999
109860,217.7197,0.9899816
109890,220.7629,1.007915
109920,223.7714,1.027448
109950,226.7593,1.049368
109980,229.7223,1.0499939999999999
110010,231.8265,1.050006
110040,235.8144,1.054224
110070,238.8227,1.0739480000000001
110100,241.8125,1.092713
110130,244.8207,1.111698
110160,247.8099,1.130585
110190,250.8729,1.150228
110220,253.8628,1.1695250000000001
110250,256.8723,1.1889669999999999
110280,259.8613,1.208437
110310,262.8646,1.228188
110340,265.9112,1.248256
110370,268.9191,1.268343
110400,271.926,1.288453
110430,274.9166,1.3086339999999999
110460,277.9237,1.328999
110490,280.9688,1.34975
110520,283.9777,1.37042
110550,286.9668,1.3912689999999999
110580,289.9761,1.412187
110610,292.9644,1.4331319999999999
110640,296.0283,1.454651
110670,299.0179,1.475797
110700,302.0267,1.497336
110730,305.017,1.518787
110760,308.0802,1.5410490000000001
110790,311.0685,1.562599
110820,314.0758,1.5845710000000002
110850,317.0826,1.606684
110880,320.0729,1.628894
110910,323.1194,1.6514810000000002
110940,326.1248,1.673858
110970,329.1325,1.6965279999999998
111000,332.1215,1.7191720000000001
111030,335.1277,1.742066
111060,338.1727,1.765413
111090,341.1768,1.7885900000000001
111120,344.166,1.811666
111150,347.1742,1.835062
111180,350.1625,1.8584939999999999
111210,353.226,1.882849
111240,356.2157,1.906603
111270,359.2231,1.9306409999999998
111300,362.2306,1.9547970000000001
111330,365.2208,1.978968
111360,368.2638,2.003818
111390,371.2731,2.028496
111420,374.2784,2.053277
111450,377.2679,2.077999
111480,380.2768,2.103135
111510,383.3216,2.128852
111540,386.3284,2.1542890000000003
111570,389.3206,2.17979
111600,392.3262,2.205491
111630,395.3157,2.231271
111660,398.3823,2.257854
111690,401.3701,2.283897
111720,404.3786,2.3103990000000003
111750,407.386,2.337068
111780,410.3757,2.363617
111810,413.4208,2.3907599999999998
111840,416.4245,2.417873
111870,419.4335,2.445293
111900,422.4231,2.472577
111930,425.4316,2.500092
111960,428.4754,2.528289
111990,431.4839,2.556216
112020,434.4744,2.584219
112050,437.4823,2.612546
112080,440.4717,2.6408869999999998
112110,443.5347,2.6701379999999997
112140,446.5247,2.6987780000000003
112170,449.5312,2.7278930000000003
112200,452.5394,2.757338
112230,455.5303,2.7866519999999997
112260,458.5731,2.816506
112290,461.5823,2.846238
112320,464.5891,2.8762600000000003
112350,467.5783,2.906179
112380,470.5852,2.936711
112410,473.6307,2.9678560000000003
112440,476.6378,2.998843
112470,479.629,3.029344
112500,482.6349,3.0604139999999997
112530,485.6429,3.091842
112560,488.6873,3.123765
112590,491.6733,3.155217
112620,494.6802,3.1876729999999998
112650,497.6866,3.219973
112680,500.6763,3.2520029999999998
112710,503.7202,3.284839
112740,506.728,3.3176799999999997
112770,509.7347,3.350898
112800,512.7255,3.384029
112830,515.7315,3.4174539999999998
112860,518.7773,3.451614
112890,521.7837,3.485346
112920,524.7734,3.519514
112950,527.7812,3.554243
112980,530.7899,3.589067
113010,533.834,3.624311
113040,536.8237,3.6589050000000003
113070,539.8323,3.69453
113100,542.8419,3.730413
113130,545.831,3.7662060000000004
113160,548.8765,3.8049549999999996
113190,551.8849,3.8391710000000003
113220,554.8925,3.875779
113250,557.8817,3.912535
113280,560.891,3.9499720000000003
113310,563.9349,3.987836
113340,566.9404,4.025925
113370,569.9312,4.064516
113400,572.9376,4.103048
113430,575.9457,4.141738999999999
113460,578.9921,4.1805
113490,581.9814,4.220098
113520,584.9898,4.260595
113550,587.9993,4.3007290000000005
113580,590.9899,4.3409439999999995
113610,594.0338,4.3826789999999995
113640,597.0428,4.424245
113670,600.0509,4.466114999999999
