time_minutes,Gate_Voltage,Collector_Current
0,2.020181,5.885971e-09
30,2.040083,5.927931e-09
60,2.060686,5.913162e-09
90,2.080598,5.896354e-09
120,2.100827,6.043535e-09
150,2.120736,6.093506e-09
180,2.140708,6.155923e-09
210,2.16128,6.243973e-09
240,2.181162,6.336607e-09
270,2.201077,6.347744e-09
300,2.22133,6.37071e-09
330,2.241278,6.374451e-09
360,2.261826,6.421188e-09
390,2.281733,6.446693e-09
420,2.301644,6.547081e-09
450,2.321592,6.615557e-09
480,2.341828,6.68259e-09
510,2.362436,6.727488e-09
540,2.382347,6.82072e-09
570,2.402278,6.82271e-09
600,2.422204,6.848469e-09
630,2.442444,6.909388e-09
660,2.462646,6.942586e-09
690,2.482916,6.996744e-09
720,2.502876,7.109372e-09
750,2.522765,7.156558e-09
780,2.542662,7.190762e-09
810,2.563241,7.301348e-09
840,2.583183,7.343627e-09
870,2.60342,7.390949e-09
900,2.623317,7.421384e-09
930,2.643224,7.463645e-09
960,2.663872,7.567867e-09
990,2.683764,7.626402e-09
1020,2.703671,7.702425e-09
1050,2.723915,7.811567e-09
1080,2.743845,7.886849e-09
1110,2.764418,7.934679e-09
1140,2.784321,8.067293e-09
1170,2.804224,8.132816e-09
1200,2.824494,8.236526e-09
1230,2.844408,8.321841e-09
1260,2.864987,8.406808e-09
1290,2.884911,8.539979e-09
1320,2.904808,8.667569e-09
1350,2.924711,8.810221e-09
1380,2.944949,8.985344e-09
1410,2.965188,9.122741e-09
1440,2.985443,9.239135e-09
1470,3.005338,9.461737e-09
1500,3.025241,9.636961e-09
1530,3.045179,9.868346e-09
1560,3.065782,1.011025e-08
1590,3.085688,1.035504e-08
1620,3.105939,1.065105e-08
1650,3.125844,1.10004e-08
1680,3.145763,1.134306e-08
1710,3.166373,1.175388e-08
1740,3.186239,1.216911e-08
1770,3.206169,1.25878e-08
1800,3.226378,1.314971e-08
1830,3.246276,1.372879e-08
1860,3.266917,1.441803e-08
1890,3.286784,1.516142e-08
1920,3.30672,1.596355e-08
1950,3.326917,1.687039e-08
1980,3.346847,1.797592e-08
2010,3.36748,1.908025e-08
2040,3.387353,2.036123e-08
2070,3.407206,2.174692e-08
2100,3.427127,2.337556e-08
2130,3.447392,2.523178e-08
2160,3.467632,2.732391e-08
2190,3.487849,2.966355e-08
2220,3.507804,3.225354e-08
2250,3.527704,3.515483e-08
2280,3.547589,3.840051e-08
2310,3.568141,4.223531e-08
2340,3.588107,4.641059e-08
2370,3.608337,5.119299e-08
2400,3.628252,5.655226e-08
2430,3.648158,6.25061e-08
2460,3.668743,6.953003e-08
2490,3.68866,7.723263e-08
2520,3.70891,8.608259e-08
2550,3.728804,9.590725e-08
2580,3.749405,1.074481e-07
2610,3.769345,1.200821e-07
2640,3.789271,1.3441e-07
2670,3.809168,1.50599e-07
2700,3.829384,1.692584e-07
2730,3.849644,1.904574e-07
2760,3.869921,2.145298e-07
2790,3.889823,2.413483e-07
2820,3.909735,2.71792e-07
2850,3.929634,3.06281e-07
2880,3.95024,3.468321e-07
2910,3.97019,3.915252e-07
2940,3.990417,4.429806e-07
2970,4.010337,5.006106e-07
3000,4.030266,5.660706e-07
3030,4.050858,6.430846e-07
3060,4.070786,7.278886e-07
3090,4.090693,8.24227e-07
3120,4.110976,9.357886e-07
3150,4.13073,1.059607e-06
3180,4.151372,1.206586e-06
3210,4.17125,1.368376e-06
3240,4.191178,1.552554e-06
3270,4.211425,1.766159e-06
3300,4.231336,2.005032e-06
3330,4.251933,2.287071e-06
3360,4.271846,2.598056e-06
3390,4.291782,2.952445e-06
3420,4.311717,3.356128e-06
3450,4.331992,3.824122e-06
3480,4.352223,4.357703e-06
3510,4.37242,4.967564e-06
3540,4.392414,5.651659e-06
3570,4.412311,6.43147e-06
3600,4.432258,7.320898e-06
3630,4.452907,8.370708e-06
3660,4.472833,9.53287e-06
3690,4.492962,1.085799e-05
3720,4.512863,1.236599e-05
3750,4.532762,1.40847e-05
3780,4.553361,1.611418e-05
3810,4.573306,1.835832e-05
3840,4.59353,2.09599e-05
3870,4.613455,2.388206e-05
3900,4.63335,2.72086e-05
3930,4.654008,3.114604e-05
3960,4.673873,3.548721e-05
3990,4.693801,4.043015e-05
4020,4.714057,4.617216e-05
4050,4.734005,5.261518e-05
4080,4.754614,6.022027e-05
4110,4.774482,6.858341e-05
4140,4.794396,7.813604e-05
4170,4.814296,8.901392e-05
4200,4.834622,0.0001016271
4230,4.854628,0.0001157151
4260,4.874881,0.0001320859
4290,4.894793,0.0001503502
4320,4.914711,0.0001711426
4350,4.934645,0.00019474
4380,4.955229,0.0002224701
4410,4.973337,0.0002500224
4440,4.973408,0.0002500241
4470,4.973413,0.0002500246
4500,4.973471,0.0002500243
4530,4.973481,0.0002500223
4560,4.973468,0.0002500233
4590,4.973508,0.0002500238
4620,4.973548,0.0002500236
4650,4.97353,0.0002500217
4680,4.973585,0.0002500233
4710,4.973554,0.0002500218
4740,4.973597,0.0002500228
4770,4.973607,0.0002500238
4800,4.973621,0.0002500228
4830,4.973601,0.0002500219
4860,4.973613,0.0002500218
4890,4.973647,0.0002500229
4920,4.97368,0.0002500245
4950,4.973681,0.0002500242
4980,4.973691,0.0002500229
5010,4.973719,0.0002500238
5040,4.973693,0.0002500228
5070,4.973739,0.0002500231
5100,4.973757,0.0002500239
5130,4.973729,0.0002500225
5160,4.973772,0.000250025
5190,4.973725,0.0002500218
5220,4.973768,0.000250023
5250,4.973743,0.0002500217
5280,4.973767,0.000250023
5310,4.973807,0.0002500237
5340,4.973799,0.0002500229
5370,4.973803,0.0002500214
5400,4.97383,0.0002500236
5430,4.973805,0.0002500212
5460,4.973841,0.000250023
5490,4.973825,0.0002500213
5520,4.973832,0.0002500223
5550,4.973884,0.0002500236
5580,4.973903,0.0002500249
5610,4.973851,0.0002500214
5640,4.973894,0.0002500228
5670,4.973917,0.0002500227
5700,4.973933,0.0002500246
5730,4.973966,0.0002500231
5760,4.973927,0.0002500219
5790,4.973969,0.0002500227
5820,4.973979,0.0002500241
5850,4.974007,0.0002500233
5880,4.973997,0.0002500234
5910,4.97398,0.0002500214
5940,4.973998,0.0002500234
5970,2.020185,5.937019e-09
6000,2.040109,5.982865e-09
6030,2.060709,6.046867e-09
6060,2.080625,6.068394e-09
6090,2.100849,6.097084e-09
6120,2.120785,6.197827e-09
6150,2.140717,6.255649e-09
6180,2.161309,6.323225e-09
6210,2.181186,6.384388e-09
6240,2.201116,6.387733e-09
6270,2.221345,6.45072e-09
6300,2.24127,6.430928e-09
6330,2.26187,6.534908e-09
6360,2.281753,6.601775e-09
6390,2.301692,6.646041e-09
6420,2.321605,6.66872e-09
6450,2.341841,6.764535e-09
6480,2.362457,6.827032e-09
6510,2.382367,6.878748e-09
6540,2.402282,6.937266e-09
6570,2.422213,6.967157e-09
6600,2.44243,7.003254e-09
6630,2.462684,7.077736e-09
6660,2.482938,7.120348e-09
6690,2.502881,7.187975e-09
6720,2.522763,7.232274e-09
6750,2.542677,7.278423e-09
6780,2.563251,7.372099e-09
6810,2.583211,7.435702e-09
6840,2.603438,7.475129e-09
6870,2.623329,7.55132e-09
6900,2.643255,7.57737e-09
6930,2.663819,7.6218e-09
6960,2.683763,7.714565e-09
6990,2.703653,7.769031e-09
7020,2.723923,7.854377e-09
7050,2.743816,7.940836e-09
7080,2.764441,8.007216e-09
7110,2.784364,8.076691e-09
7140,2.804224,8.16634e-09
7170,2.824497,8.23287e-09
7200,2.844419,8.3361e-09
7230,2.864985,8.419628e-09
7260,2.8849,8.501236e-09
7290,2.904806,8.620668e-09
7320,2.924726,8.731551e-09
7350,2.944955,8.847162e-09
7380,2.965205,8.990162e-09
7410,2.985433,9.090797e-09
7440,3.005328,9.2448e-09
7470,3.025263,9.409778e-09
7500,3.04518,9.586202e-09
7530,3.065786,9.76896e-09
7560,3.085695,9.987857e-09
7590,3.105977,1.018478e-08
7620,3.125852,1.044324e-08
7650,3.145758,1.071946e-08
7680,3.16635,1.099861e-08
7710,3.186263,1.133673e-08
7740,3.206146,1.163761e-08
7770,3.226403,1.19912e-08
7800,3.246316,1.233643e-08
7830,3.266887,1.284523e-08
7860,3.286824,1.337328e-08
7890,3.30671,1.398664e-08
7920,3.326956,1.467085e-08
7950,3.346868,1.546033e-08
7980,3.36744,1.632441e-08
8010,3.387345,1.719275e-08
8040,3.407194,1.866173e-08
8070,3.427105,1.9891e-08
8100,3.447376,2.106801e-08
8130,3.467619,2.247159e-08
8160,3.487844,2.410499e-08
8190,3.507747,2.591871e-08
8220,3.527687,2.802287e-08
8250,3.547559,3.033222e-08
8280,3.568156,3.30464e-08
8310,3.588054,3.603518e-08
8340,3.608339,3.940201e-08
8370,3.628231,4.320945e-08
8400,3.648121,4.748048e-08
8430,3.668727,5.247721e-08
8460,3.688624,5.791179e-08
8490,3.708904,6.42394e-08
8520,3.728798,7.117086e-08
8550,3.749431,7.936299e-08
8580,3.76932,8.830844e-08
8610,3.789272,9.842006e-08
8640,3.809168,1.098845e-07
8670,3.829392,1.22979e-07
8700,3.849643,1.380122e-07
8730,3.869892,1.549925e-07
8760,3.889839,1.738828e-07
8790,3.909698,1.952703e-07
8820,3.929646,2.1961e-07
8850,3.950241,2.481323e-07
8880,3.970165,2.795746e-07
8910,3.990398,3.15803e-07
8940,4.010274,3.562843e-07
8970,4.03023,4.02261e-07
9000,4.05081,4.563627e-07
9030,4.07072,5.15886e-07
9060,4.090615,5.83456e-07
9090,4.11089,6.617244e-07
9120,4.130885,7.493292e-07
9150,4.151466,8.525172e-07
9180,4.171378,9.661456e-07
9210,4.191173,1.094357e-06
9240,4.211406,1.244042e-06
9270,4.231318,1.411534e-06
9300,4.251912,1.609098e-06
9330,4.271837,1.82717e-06
9360,4.291775,2.075381e-06
9390,4.311714,2.358115e-06
9420,4.331966,2.685918e-06
9450,4.352195,3.059954e-06
9480,4.37247,3.487e-06
9510,4.392389,3.966135e-06
9540,4.412268,4.512429e-06
9570,4.432243,5.135228e-06
9600,4.452852,5.871483e-06
9630,4.47277,6.684734e-06
9660,4.49303,7.628552e-06
9690,4.512951,8.687192e-06
9720,4.532932,9.894758e-06
9750,4.55336,1.130031e-05
9780,4.573287,1.28773e-05
9810,4.593503,1.47037e-05
9840,4.61346,1.67563e-05
9870,4.633363,1.909462e-05
9900,4.653964,2.18604e-05
9930,4.673826,2.491193e-05
9960,4.69378,2.839235e-05
9990,4.71403,3.243939e-05
10020,4.733975,3.697383e-05
10050,4.754569,4.233795e-05
10080,4.774413,4.824065e-05
10110,4.794353,5.49928e-05
10140,4.814272,6.268083e-05
10170,4.834523,7.16028e-05
10200,4.854828,8.178193e-05
10230,4.875076,9.339567e-05
10260,4.894764,0.0001061556
10290,4.914696,0.0001209904
10320,4.934626,0.0001378053
10350,4.955226,0.0001576099
10380,4.975142,0.0001794314
10410,4.995404,0.0002046854
10440,5.015338,0.0002328968
10470,5.026341,0.0002500229
10500,5.02636,0.0002500225
10530,5.026377,0.0002500214
10560,5.026386,0.0002500225
10590,5.026391,0.0002500214
10620,5.026462,0.0002500228
10650,5.026486,0.0002500236
10680,5.026518,0.0002500233
10710,5.026484,0.0002500213
10740,5.026502,0.0002500222
10770,5.026524,0.000250022
10800,5.026556,0.0002500229
10830,5.026555,0.0002500229
10860,5.026521,0.0002500212
10890,5.026549,0.0002500211
10920,5.026565,0.0002500226
10950,5.02659,0.0002500228
10980,5.026588,0.0002500232
11010,5.026583,0.0002500216
11040,5.026625,0.0002500233
11070,5.026577,0.0002500218
11100,5.026642,0.0002500246
11130,5.026607,0.0002500225
11160,5.026602,0.0002500237
11190,5.026622,0.0002500233
11220,5.026619,0.0002500219
11250,5.026649,0.0002500222
11280,5.026671,0.0002500229
11310,5.026646,0.0002500228
11340,5.026642,0.0002500224
11370,5.026695,0.0002500238
11400,5.026671,0.0002500223
11430,5.026676,0.0002500238
11460,5.026677,0.0002500223
11490,5.026693,0.0002500229
11520,5.026697,0.0002500234
11550,5.026658,0.0002500221
11580,5.026699,0.0002500234
11610,5.026698,0.0002500229
11640,5.026704,0.0002500228
11670,5.026714,0.0002500225
11700,5.026714,0.0002500227
11730,5.026754,0.0002500234
11760,5.026746,0.0002500227
11790,5.026745,0.0002500232
11820,5.026767,0.0002500231
11850,5.026755,0.0002500247
11880,5.02677,0.0002500233
11910,5.026754,0.0002500228
11940,2.020205,6.093055e-09
11970,2.040105,6.148801e-09
12000,2.060691,6.189122e-09
12030,2.080598,6.236554e-09
12060,2.100851,6.293348e-09
12090,2.12077,6.313526e-09
12120,2.140715,6.376477e-09
12150,2.161283,6.424606e-09
12180,2.181167,6.447779e-09
12210,2.201076,6.53062e-09
12240,2.22135,6.573287e-09
12270,2.241273,6.604808e-09
12300,2.261842,6.677446e-09
12330,2.281755,6.730556e-09
12360,2.301654,6.752682e-09
12390,2.321578,6.815085e-09
12420,2.341845,6.850014e-09
12450,2.362453,6.883754e-09
12480,2.38237,6.971034e-09
12510,2.402262,7.00349e-09
12540,2.422202,7.063467e-09
12570,2.442431,7.140979e-09
12600,2.462685,7.162962e-09
12630,2.482913,7.225895e-09
12660,2.50286,7.279856e-09
12690,2.522732,7.319084e-09
12720,2.542704,7.375781e-09
12750,2.563264,7.42118e-09
12780,2.58315,7.455323e-09
12810,2.603449,7.545733e-09
12840,2.623302,7.593352e-09
12870,2.643246,7.659592e-09
12900,2.663854,7.740699e-09
12930,2.683764,7.76452e-09
12960,2.703647,7.81956e-09
12990,2.723943,7.917968e-09
13020,2.743802,7.955338e-09
13050,2.7644,8.047885e-09
13080,2.78432,8.119741e-09
13110,2.804225,8.169915e-09
13140,2.824493,8.272999e-09
13170,2.844417,8.350316e-09
13200,2.864977,8.427683e-09
13230,2.884893,8.54677e-09
13260,2.904813,8.610415e-09
13290,2.924705,8.684736e-09
13320,2.944973,8.827677e-09
13350,2.965217,8.923073e-09
13380,2.985457,9.063297e-09
13410,3.005382,9.212414e-09
13440,3.025268,9.335289e-09
13470,3.045171,9.479434e-09
13500,3.065762,9.672267e-09
13530,3.085688,9.837699e-09
13560,3.105926,1.004254e-08
13590,3.125831,1.025213e-08
13620,3.145752,1.046436e-08
13650,3.166339,1.075724e-08
13680,3.186249,1.10258e-08
13710,3.206146,1.13387e-08
13740,3.226408,1.170946e-08
13770,3.246306,1.205758e-08
13800,3.266904,1.248986e-08
13830,3.286824,1.297721e-08
13860,3.306745,1.349549e-08
13890,3.326962,1.408371e-08
13920,3.346868,1.475264e-08
13950,3.367443,1.547755e-08
13980,3.387337,1.629699e-08
14010,3.407223,1.719631e-08
14040,3.427101,1.819192e-08
14070,3.447393,1.936856e-08
14100,3.467643,2.063575e-08
14130,3.487854,2.206754e-08
14160,3.507745,2.369205e-08
14190,3.527694,2.549227e-08
14220,3.547586,2.750819e-08
14250,3.568178,2.987056e-08
14280,3.588099,3.24237e-08
14310,3.608368,3.536891e-08
14340,3.628261,3.865194e-08
14370,3.648157,4.231658e-08
14400,3.668736,4.661932e-08
14430,3.68863,5.131661e-08
14460,3.708895,5.670271e-08
14490,3.728811,6.270694e-08
14520,3.749422,6.975529e-08
14550,3.769358,7.744129e-08
14580,3.789271,8.615071e-08
14610,3.809155,9.59715e-08
14640,3.829425,1.072737e-07
14670,3.849653,1.201432e-07
14700,3.869908,1.347161e-07
14730,3.889815,1.509563e-07
14760,3.909697,1.693457e-07
14790,3.929613,1.901957e-07
14820,3.950226,2.146792e-07
14850,3.97014,2.416498e-07
14880,3.990395,2.727132e-07
14910,4.010305,3.07415e-07
14940,4.030215,3.468218e-07
14970,4.050796,3.931825e-07
15000,4.070696,4.44172e-07
15030,4.090622,5.020777e-07
15060,4.110912,5.691878e-07
15090,4.13085,6.443036e-07
15120,4.151479,7.326236e-07
15150,4.171385,8.298695e-07
15180,4.191319,9.407655e-07
15210,4.211432,1.067989e-06
15240,4.231354,1.211605e-06
15270,4.25192,1.380697e-06
15300,4.271856,1.567367e-06
15330,4.291736,1.779743e-06
15360,4.31166,2.021837e-06
15390,4.331937,2.302044e-06
15420,4.35218,2.622267e-06
15450,4.372438,2.987823e-06
15480,4.392344,3.398212e-06
15510,4.412277,3.865729e-06
15540,4.432236,4.398818e-06
15570,4.45285,5.029303e-06
15600,4.472771,5.724989e-06
15630,4.493041,6.533616e-06
15660,4.512972,7.440794e-06
15690,4.532885,8.474368e-06
15720,4.553511,9.696988e-06
15750,4.573308,1.10309e-05
15780,4.593537,1.259791e-05
15810,4.613452,1.435745e-05
15840,4.633333,1.636247e-05
15870,4.653977,1.873703e-05
15900,4.673865,2.135624e-05
15930,4.693785,2.434149e-05
15960,4.714026,2.781317e-05
15990,4.733955,3.171038e-05
16020,4.754577,3.631664e-05
16050,4.774438,4.138837e-05
16080,4.794311,4.718663e-05
16110,4.814288,5.379589e-05
16140,4.834542,6.147419e-05
16170,4.854812,7.02411e-05
16200,4.875074,8.023181e-05
16230,4.894981,9.144277e-05
16260,4.914944,0.0001042304
16290,4.934638,0.0001184951
16320,4.955209,0.000135603
16350,4.975132,0.0001544568
16380,4.99542,0.000176269
16410,5.015312,0.0002006444
16440,5.035233,0.0002283407
16470,5.049236,0.0002500228
16500,5.049306,0.0002500231
16530,5.049335,0.000250023
16560,5.049379,0.0002500232
16590,5.049396,0.0002500248
16620,5.049417,0.0002500236
16650,5.049425,0.0002500228
16680,5.049462,0.0002500232
16710,5.049483,0.0002500228
16740,5.049456,0.0002500216
16770,5.049492,0.0002500213
16800,5.0495,0.0002500217
16830,5.049489,0.0002500221
16860,5.049524,0.000250023
16890,5.049533,0.000250024
16920,5.049563,0.0002500234
16950,5.049531,0.0002500224
16980,5.049573,0.0002500238
17010,5.049564,0.000250023
17040,5.049589,0.0002500241
17070,5.049551,0.0002500208
17100,5.049583,0.0002500219
17130,5.049606,0.0002500233
17160,5.049638,0.0002500233
17190,5.049632,0.0002500232
17220,5.049632,0.0002500226
17250,5.049647,0.0002500225
17280,5.049616,0.0002500212
17310,5.049636,0.0002500221
17340,5.049677,0.0002500241
17370,5.049656,0.0002500218
17400,5.049674,0.0002500229
17430,5.049685,0.0002500228
17460,5.049705,0.0002500236
17490,5.04973,0.0002500244
17520,5.049723,0.000250023
17550,5.049716,0.000250023
17580,5.049679,0.0002500213
17610,5.049712,0.0002500213
17640,5.049737,0.0002500228
17670,5.049736,0.0002500225
17700,5.049733,0.0002500237
17730,5.04974,0.0002500232
17760,5.049746,0.0002500238
17790,5.049738,0.0002500226
17820,5.049742,0.0002500229
17850,5.049729,0.0002500217
17880,5.049754,0.0002500246
17910,2.020159,6.105468e-09
17940,2.040094,6.178072e-09
17970,2.060699,6.236743e-09
18000,2.080637,6.261514e-09
18030,2.100831,6.306798e-09
18060,2.120746,6.380238e-09
18090,2.140675,6.404697e-09
18120,2.161292,6.45664e-09
18150,2.181175,6.52937e-09
18180,2.201065,6.548802e-09
18210,2.221344,6.623494e-09
18240,2.241262,6.687338e-09
18270,2.261858,6.742682e-09
18300,2.281728,6.781067e-09
18330,2.30166,6.845406e-09
18360,2.321609,6.887681e-09
18390,2.341855,6.952816e-09
18420,2.362435,6.990847e-09
18450,2.382366,7.02253e-09
18480,2.402285,7.098752e-09
18510,2.422209,7.135656e-09
18540,2.44241,7.209583e-09
18570,2.462675,7.274681e-09
18600,2.482931,7.312172e-09
18630,2.502823,7.343733e-09
18660,2.52277,7.418993e-09
18690,2.54265,7.466413e-09
18720,2.563222,7.52508e-09
18750,2.583176,7.591962e-09
18780,2.603454,7.635573e-09
18810,2.62333,7.71483e-09
18840,2.643234,7.752177e-09
18870,2.663835,7.82596e-09
18900,2.683743,7.897225e-09
18930,2.703647,7.954288e-09
18960,2.723896,7.979609e-09
18990,2.743861,8.079166e-09
19020,2.76442,8.146233e-09
19050,2.784355,8.214106e-09
19080,2.804262,8.296297e-09
19110,2.824489,8.359996e-09
19140,2.844433,8.43801e-09
19170,2.864982,8.519355e-09
19200,2.884902,8.615229e-09
19230,2.904793,8.714518e-09
19260,2.924734,8.81419e-09
19290,2.944962,8.874789e-09
19320,2.96517,9.004407e-09
19350,2.985458,9.12013e-09
19380,3.00536,9.235634e-09
19410,3.025258,9.388432e-09
19440,3.045166,9.513272e-09
19470,3.065769,9.656593e-09
19500,3.085703,9.802089e-09
19530,3.105948,9.985215e-09
19560,3.125872,1.0168e-08
19590,3.145741,1.04058e-08
19620,3.166308,1.061158e-08
19650,3.186275,1.086723e-08
19680,3.206161,1.114124e-08
19710,3.226402,1.144103e-08
19740,3.246301,1.178304e-08
19770,3.266912,1.21475e-08
19800,3.286783,1.252593e-08
19830,3.306696,1.299121e-08
19860,3.326961,1.349362e-08
19890,3.346846,1.402638e-08
19920,3.36746,1.467768e-08
19950,3.387387,1.534107e-08
19980,3.407211,1.609347e-08
20010,3.427124,1.695788e-08
20040,3.447398,1.791886e-08
20070,3.467647,1.900222e-08
20100,3.487873,2.021553e-08
20130,3.507785,2.153322e-08
20160,3.527693,2.303872e-08
20190,3.547606,2.4728e-08
20220,3.568171,2.667383e-08
20250,3.588091,2.881284e-08
20280,3.608354,3.12435e-08
20310,3.628251,3.391209e-08
20340,3.648161,3.697012e-08
20370,3.668725,4.052112e-08
20400,3.688646,4.438086e-08
20430,3.708911,4.883312e-08
20460,3.728807,5.374415e-08
20490,3.749431,5.950713e-08
20520,3.769319,6.584248e-08
20550,3.789237,7.294568e-08
20580,3.809135,8.100402e-08
20610,3.829401,9.027516e-08
20640,3.849649,1.007296e-07
20670,3.869918,1.12646e-07
20700,3.889809,1.25893e-07
20730,3.909685,1.408506e-07
20760,3.929621,1.578489e-07
20790,3.95022,1.77756e-07
20820,3.970141,1.99621e-07
20850,3.990375,2.24867e-07
20880,4.010316,2.530006e-07
20910,4.030214,2.849537e-07
20940,4.050776,3.22506e-07
20970,4.07069,3.637391e-07
21000,4.090621,4.105635e-07
21030,4.110876,4.647963e-07
21060,4.13083,5.253883e-07
21090,4.151438,5.967314e-07
21120,4.171345,6.7514e-07
21150,4.191283,7.643753e-07
21180,4.211563,8.677268e-07
21210,4.231524,9.833228e-07
21240,4.251889,1.118292e-06
21270,4.27184,1.268326e-06
21300,4.29177,1.438922e-06
21330,4.311698,1.633282e-06
21360,4.331947,1.858042e-06
21390,4.3522,2.114745e-06
21420,4.372428,2.407313e-06
21450,4.392328,2.735948e-06
21480,4.412296,3.110079e-06
21510,4.432197,3.536485e-06
21540,4.452838,4.039845e-06
21570,4.472763,4.595689e-06
21600,4.493034,5.241133e-06
21630,4.512929,5.964736e-06
21660,4.532858,6.788553e-06
21690,4.553482,7.763403e-06
21720,4.573436,8.841564e-06
21750,4.593692,1.009199e-05
21780,4.613443,1.147556e-05
21810,4.633348,1.307337e-05
21840,4.653964,1.496124e-05
21870,4.673876,1.7047e-05
21900,4.693788,1.942222e-05
21930,4.714024,2.218197e-05
21960,4.733964,2.528369e-05
21990,4.754553,2.89396e-05
22020,4.774406,3.297351e-05
22050,4.794333,3.758554e-05
22080,4.814245,4.283859e-05
22110,4.834527,4.894134e-05
22140,4.854743,5.590104e-05
22170,4.87503,6.385354e-05
22200,4.894976,7.276946e-05
22230,4.914921,8.293997e-05
22260,4.934835,9.450383e-05
22290,4.955215,0.0001078759
22320,4.975141,0.0001229343
22350,4.995436,0.0001403221
22380,5.015324,0.0001597552
22410,5.03522,0.0001818214
22440,5.055822,0.0002078337
22470,5.075696,0.0002364791
22500,5.084399,0.0002500222
22530,5.084464,0.0002500242
22560,5.084477,0.0002500229
22590,5.084483,0.0002500215
22620,5.084543,0.0002500229
22650,5.084558,0.0002500237
22680,5.084587,0.0002500227
22710,5.084593,0.0002500232
22740,5.08462,0.0002500239
22770,5.084623,0.000250023
22800,5.084628,0.0002500229
22830,5.084618,0.0002500221
22860,5.084668,0.0002500238
22890,5.084635,0.000250021
22920,5.084682,0.0002500236
22950,5.0847,0.0002500241
22980,5.084691,0.0002500232
23010,5.08471,0.0002500242
23040,5.084737,0.0002500225
23070,5.084723,0.0002500234
23100,5.084735,0.0002500234
23130,5.084747,0.0002500223
23160,5.084745,0.0002500221
23190,5.084748,0.0002500218
23220,5.084735,0.000250022
23250,5.084766,0.0002500231
23280,5.084786,0.0002500228
23310,5.084742,0.0002500211
23340,5.084786,0.0002500232
23370,5.084756,0.0002500217
23400,5.0848,0.0002500236
23430,5.084772,0.0002500222
23460,5.084805,0.0002500228
23490,5.08477,0.0002500222
23520,5.084787,0.000250023
23550,5.084769,0.0002500219
23580,5.08481,0.0002500244
23610,5.084781,0.0002500214
23640,5.084798,0.0002500245
23670,5.08482,0.0002500234
23700,5.084843,0.0002500227
23730,5.084822,0.0002500228
23760,5.084798,0.0002500215
23790,5.084847,0.0002500229
23820,5.084807,0.0002500218
23850,5.084841,0.0002500228
23880,2.020186,6.623396e-09
23910,2.040115,6.66844e-09
23940,2.0607,6.691665e-09
23970,2.080607,6.743723e-09
24000,2.100878,6.826225e-09
24030,2.120754,6.869827e-09
24060,2.140698,6.93834e-09
24090,2.161277,7.007823e-09
24120,2.181177,7.036216e-09
24150,2.201123,7.091097e-09
24180,2.221352,7.14341e-09
24210,2.241285,7.190644e-09
24240,2.261859,7.260409e-09
24270,2.281734,7.295253e-09
24300,2.301634,7.331804e-09
24330,2.321573,7.417975e-09
24360,2.34181,7.460253e-09
24390,2.362392,7.516171e-09
24420,2.382356,7.582571e-09
24450,2.402267,7.612655e-09
24480,2.422147,7.665703e-09
24510,2.442442,7.766892e-09
24540,2.462668,7.803635e-09
24570,2.48292,7.877725e-09
24600,2.502847,7.92298e-09
24630,2.522756,7.948872e-09
24660,2.542671,8.029697e-09
24690,2.563224,8.077029e-09
24720,2.583155,8.136224e-09
24750,2.603418,8.223903e-09
24780,2.623313,8.272078e-09
24810,2.643214,8.302696e-09
24840,2.663844,8.394352e-09
24870,2.683729,8.444278e-09
24900,2.703673,8.521996e-09
24930,2.723924,8.590964e-09
24960,2.743867,8.650681e-09
24990,2.764453,8.719868e-09
25020,2.784337,8.807464e-09
25050,2.804215,8.87119e-09
25080,2.824485,8.971148e-09
25110,2.844411,9.030437e-09
25140,2.864992,9.087905e-09
25170,2.884911,9.198456e-09
25200,2.904813,9.296338e-09
25230,2.924721,9.371575e-09
25260,2.944975,9.501545e-09
25290,2.965223,9.586588e-09
25320,2.985419,9.698681e-09
25350,3.005366,9.831412e-09
25380,3.025287,9.944887e-09
25410,3.045192,1.008779e-08
25440,3.06578,1.026421e-08
25470,3.085712,1.040055e-08
25500,3.10598,1.058742e-08
25530,3.125897,1.077577e-08
25560,3.145789,1.096857e-08
25590,3.16637,1.121548e-08
25620,3.186238,1.144374e-08
25650,3.206149,1.168838e-08
25680,3.226402,1.201053e-08
25710,3.246336,1.232827e-08
25740,3.266912,1.269471e-08
25770,3.286813,1.308816e-08
25800,3.306713,1.35008e-08
25830,3.326977,1.39925e-08
25860,3.346874,1.45433e-08
25890,3.36745,1.512858e-08
25920,3.387366,1.579234e-08
25950,3.407212,1.653049e-08
25980,3.427112,1.732728e-08
26010,3.447379,1.82632e-08
26040,3.467652,1.930871e-08
26070,3.487896,2.046175e-08
26100,3.507773,2.174644e-08
26130,3.527685,2.315965e-08
26160,3.54764,2.475699e-08
26190,3.568173,2.665034e-08
26220,3.588096,2.866778e-08
26250,3.608321,3.101237e-08
26280,3.628229,3.358939e-08
26310,3.648131,3.645368e-08
26340,3.668749,3.982237e-08
26370,3.68865,4.352594e-08
26400,3.70889,4.774201e-08
26430,3.728798,5.243421e-08
26460,3.749428,5.791846e-08
26490,3.769315,6.387405e-08
26520,3.789253,7.064295e-08
26550,3.809163,7.826605e-08
26580,3.8294,8.702707e-08
26610,3.849638,9.69622e-08
26640,3.869887,1.081929e-07
26670,3.889817,1.206995e-07
26700,3.909725,1.348804e-07
26730,3.929644,1.508901e-07
26760,3.950199,1.69688e-07
26790,3.970158,1.90353e-07
26820,3.990419,2.141203e-07
26850,4.010287,2.406036e-07
26880,4.030185,2.706668e-07
26910,4.050773,3.059871e-07
26940,4.070743,3.448192e-07
26970,4.090605,3.888362e-07
27000,4.110864,4.396803e-07
27030,4.130852,4.966607e-07
27060,4.151404,5.635156e-07
27090,4.171344,6.370949e-07
27120,4.191272,7.207242e-07
27150,4.211548,8.175792e-07
27180,4.231496,9.258075e-07
27210,4.251928,1.051959e-06
27240,4.27186,1.19244e-06
27270,4.29176,1.351938e-06
27300,4.311694,1.533504e-06
27330,4.331955,1.74355e-06
27360,4.352196,1.983154e-06
27390,4.37245,2.256279e-06
27420,4.392365,2.562633e-06
27450,4.412279,2.911141e-06
27480,4.432198,3.308453e-06
27510,4.452818,3.776855e-06
27540,4.47277,4.294835e-06
27570,4.493027,4.894778e-06
27600,4.512947,5.567429e-06
27630,4.532861,6.334131e-06
27660,4.55347,7.239329e-06
27690,4.573394,8.240803e-06
27720,4.593665,9.402213e-06
27750,4.613446,1.068552e-05
27780,4.633372,1.21682e-05
27810,4.653994,1.392114e-05
27840,4.673872,1.585409e-05
27870,4.693789,1.805817e-05
27900,4.714041,2.061735e-05
27930,4.733971,2.3488e-05
27960,4.754558,2.687734e-05
27990,4.774399,3.061052e-05
28020,4.79435,3.487926e-05
28050,4.814244,3.973452e-05
28080,4.834527,4.538435e-05
28110,4.854784,5.182192e-05
28140,4.875045,5.916835e-05
28170,4.894964,6.741752e-05
28200,4.914872,7.681004e-05
28230,4.934859,8.74996e-05
28260,4.955418,0.0001000938
28290,4.975126,0.0001137151
28320,4.995391,0.0001298197
28350,5.015306,0.0001477788
28380,5.035208,0.0001681862
28410,5.055807,0.000192224
28440,5.075762,0.0002186712
28470,5.095985,0.0002493174
28500,5.096558,0.000250023
28530,5.096608,0.0002500244
28560,5.096615,0.0002500219
28590,5.096641,0.000250023
28620,5.096666,0.0002500234
28650,5.09671,0.0002500234
28680,5.096734,0.0002500241
28710,5.096725,0.0002500236
28740,5.096733,0.0002500225
28770,5.096735,0.000250023
28800,5.096789,0.0002500239
28830,5.096794,0.0002500229
28860,5.09681,0.0002500232
28890,5.096833,0.000250023
28920,5.096821,0.000250022
28950,5.096869,0.0002500228
28980,5.096842,0.0002500214
29010,5.096884,0.0002500231
29040,5.096881,0.0002500231
29070,5.096865,0.0002500226
29100,5.096911,0.0002500233
29130,5.096894,0.0002500219
29160,5.096932,0.0002500233
29190,5.096963,0.0002500234
29220,5.096937,0.0002500239
29250,5.096966,0.0002500235
29280,5.096972,0.0002500228
29310,5.096964,0.0002500223
29340,5.096997,0.0002500237
29370,5.096996,0.0002500243
29400,5.097017,0.0002500244
29430,5.097002,0.0002500223
29460,5.097039,0.0002500238
29490,5.097032,0.0002500229
29520,5.097053,0.000250024
29550,5.097055,0.0002500241
29580,5.097064,0.000250024
29610,5.09707,0.0002500234
29640,5.097048,0.0002500225
29670,5.09706,0.0002500233
29700,5.097091,0.0002500246
29730,5.097084,0.0002500223
29760,5.097081,0.0002500235
29790,5.09712,0.0002500253
29820,5.097116,0.0002500229
29850,2.020182,7.062614e-09
29880,2.040097,7.228279e-09
29910,2.060707,7.21709e-09
29940,2.080626,7.288752e-09
29970,2.100876,7.2635e-09
30000,2.120766,7.471233e-09
30030,2.140698,7.546413e-09
30060,2.161262,7.546369e-09
30090,2.181163,7.581875e-09
30120,2.2011,7.371281e-09
30150,2.221362,8.047582e-09
30180,2.241249,7.829533e-09
30210,2.261864,7.655014e-09
30240,2.28178,8.120085e-09
30270,2.301668,8.076372e-09
30300,2.321606,8.012025e-09
30330,2.341807,7.986856e-09
30360,2.362403,7.90322e-09
30390,2.382371,8.683699e-09
30420,2.402289,8.355868e-09
30450,2.422205,8.30679e-09
30480,2.442397,7.748127e-09
30510,2.462686,8.850515e-09
30540,2.48295,8.553614e-09
30570,2.502868,8.532731e-09
30600,2.522758,7.858925e-09
30630,2.542663,9.161233e-09
30660,2.563268,8.854198e-09
30690,2.58319,8.847148e-09
30720,2.603452,8.651824e-09
30750,2.623337,9.835579e-09
30780,2.643257,8.949361e-09
30810,2.663844,8.906858e-09
30840,2.683748,9.406175e-09
30870,2.703661,9.277183e-09
30900,2.723923,9.232886e-09
30930,2.743848,9.353071e-09
30960,2.764419,9.652972e-09
30990,2.78435,9.599852e-09
31020,2.804204,9.574937e-09
31050,2.824466,9.368236e-09
31080,2.844411,1.003791e-08
31110,2.864959,9.148107e-09
31140,2.884894,1.029076e-08
31170,2.904813,9.531886e-09
31200,2.924736,1.060547e-08
31230,2.945001,1.016401e-08
31260,2.965204,1.027515e-08
31290,2.985456,1.047491e-08
31320,3.005369,1.048825e-08
31350,3.025281,1.011579e-08
31380,3.04519,1.167439e-08
31410,3.065781,1.095875e-08
31440,3.085724,1.105518e-08
31470,3.105938,1.084801e-08
31500,3.125843,1.186079e-08
31530,3.145765,1.173021e-08
31560,3.166356,1.181363e-08
31590,3.186221,1.163741e-08
31620,3.206143,1.290741e-08
31650,3.226399,1.266665e-08
31680,3.24631,1.279698e-08
31710,3.266914,1.317953e-08
31740,3.286815,1.390518e-08
31770,3.306703,1.411516e-08
31800,3.326972,1.440866e-08
31830,3.34687,1.439686e-08
31860,3.36746,1.598865e-08
31890,3.387387,1.608899e-08
31920,3.407204,1.651495e-08
31950,3.427145,1.726574e-08
31980,3.447403,1.843466e-08
32010,3.467638,1.914729e-08
32040,3.487867,2.006658e-08
32070,3.507774,2.056074e-08
32100,3.527713,2.290473e-08
32130,3.547591,2.397673e-08
32160,3.568146,2.547095e-08
32190,3.588111,2.632953e-08
32220,3.608362,2.974925e-08
32250,3.628285,3.154506e-08
32280,3.648164,3.403233e-08
32310,3.668751,3.658127e-08
32340,3.688621,4.042913e-08
32370,3.70891,4.377387e-08
32400,3.728831,4.774984e-08
32430,3.749422,5.229994e-08
32460,3.769331,5.700279e-08
32490,3.789237,6.393812e-08
32520,3.809176,6.978831e-08
32550,3.829388,7.715621e-08
32580,3.849602,8.514607e-08
32610,3.869883,9.539636e-08
32640,3.88983,1.058606e-07
32670,3.90971,1.177442e-07
32700,3.929617,1.300931e-07
32730,3.950185,1.475645e-07
32760,3.970136,1.645458e-07
32790,3.99039,1.84543e-07
32820,4.010285,2.061476e-07
32850,4.030199,2.326053e-07
32880,4.050798,2.616898e-07
32910,4.070709,2.941314e-07
32940,4.09061,3.302977e-07
32970,4.110887,3.740221e-07
33000,4.130849,4.20887e-07
33030,4.151414,4.765173e-07
33060,4.171314,5.369921e-07
33090,4.191285,6.078058e-07
33120,4.211536,6.875305e-07
33150,4.231447,7.771659e-07
33180,4.252049,8.82012e-07
33210,4.272003,9.992992e-07
33240,4.291748,1.129466e-06
33270,4.311666,1.279173e-06
33300,4.331941,1.452095e-06
33330,4.352178,1.648877e-06
33360,4.372458,1.8739e-06
33390,4.39235,2.125127e-06
33420,4.412267,2.410662e-06
33450,4.432215,2.7359e-06
33480,4.452819,3.119585e-06
33510,4.472741,3.542019e-06
33540,4.493008,4.031722e-06
33570,4.512917,4.579806e-06
33600,4.532827,5.203103e-06
33630,4.553383,5.938946e-06
33660,4.573411,6.75248e-06
33690,4.593649,7.693214e-06
33720,4.613562,8.749028e-06
33750,4.633497,9.952026e-06
33780,4.653962,1.13507e-05
33810,4.673824,1.291285e-05
33840,4.693751,1.469214e-05
33870,4.714008,1.675474e-05
33900,4.733938,1.906551e-05
33930,4.754479,2.17927e-05
33960,4.774402,2.47947e-05
33990,4.794327,2.822359e-05
34020,4.814225,3.212032e-05
34050,4.834505,3.664353e-05
34080,4.854771,4.179668e-05
34110,4.875039,4.767521e-05
34140,4.894942,5.426241e-05
34170,4.914892,6.176338e-05
34200,4.934793,7.029079e-05
34230,4.955402,8.032658e-05
34260,4.975329,9.139017e-05
34290,4.995609,0.0001042138
34320,5.015293,0.0001182467
34350,5.035222,0.0001344994
34380,5.055818,0.0001536026
34410,5.075734,0.0001745942
34440,5.095956,0.0001988552
34470,5.115856,0.0002259051
34500,5.131761,0.0002500221
34530,5.131822,0.0002500222
34560,5.131911,0.0002500229
34590,5.131911,0.0002500218
34620,5.131964,0.0002500232
34650,5.131971,0.000250022
34680,5.13203,0.0002500236
34710,5.132082,0.0002500228
34740,5.132075,0.0002500226
34770,5.132112,0.0002500233
34800,5.132159,0.0002500237
34830,5.132189,0.0002500254
34860,5.132157,0.0002500228
34890,5.132184,0.0002500226
34920,5.132202,0.0002500216
34950,5.132232,0.0002500236
34980,5.132272,0.0002500237
35010,5.132294,0.0002500252
35040,5.132333,0.0002500232
35070,5.13232,0.0002500229
35100,5.132357,0.0002500234
35130,5.132388,0.000250024
35160,5.13238,0.0002500223
35190,5.13241,0.0002500242
35220,5.132418,0.0002500239
35250,5.132423,0.0002500238
35280,5.132459,0.000250022
35310,5.132495,0.0002500235
35340,5.132511,0.0002500237
35370,5.132516,0.0002500236
35400,5.132562,0.0002500239
35430,5.132538,0.0002500223
35460,5.132565,0.0002500228
35490,5.132575,0.0002500219
35520,5.132587,0.0002500218
35550,5.132671,0.0002500241
35580,5.132691,0.0002500249
35610,5.132692,0.0002500246
35640,5.132702,0.0002500246
35670,5.132687,0.0002500225
35700,5.132754,0.000250024
35730,5.132745,0.0002500236
35760,5.132765,0.0002500244
35790,5.132773,0.0002500248
35820,2.020198,6.591616e-09
35850,2.040108,6.653169e-09
35880,2.060729,6.71688e-09
35910,2.080614,6.738249e-09
35940,2.100865,6.837197e-09
35970,2.120795,6.868543e-09
36000,2.140707,6.919104e-09
36030,2.161295,7.004821e-09
36060,2.181185,7.048385e-09
36090,2.201075,7.104761e-09
36120,2.221386,7.187309e-09
36150,2.241288,7.215415e-09
36180,2.261847,7.289978e-09
36210,2.281798,7.354675e-09
36240,2.301682,7.401365e-09
36270,2.321619,7.479982e-09
36300,2.34183,7.520063e-09
36330,2.362447,7.567645e-09
36360,2.382365,7.647056e-09
36390,2.402292,7.696722e-09
36420,2.422202,7.744156e-09
36450,2.44242,7.824497e-09
36480,2.462698,7.853351e-09
36510,2.482964,7.918796e-09
36540,2.502858,8.007164e-09
36570,2.522738,8.05025e-09
36600,2.542696,8.13141e-09
36630,2.563257,8.201458e-09
36660,2.583191,8.235029e-09
36690,2.603448,8.314688e-09
36720,2.623339,8.383457e-09
36750,2.643252,8.439742e-09
36780,2.663838,8.523574e-09
36810,2.683788,8.577877e-09
36840,2.703673,8.631369e-09
36870,2.723925,8.716653e-09
36900,2.743855,8.795985e-09
36930,2.764448,8.874919e-09
36960,2.784347,8.967609e-09
36990,2.804268,9.023752e-09
37020,2.824483,9.10768e-09
37050,2.844426,9.224975e-09
37080,2.865004,9.307226e-09
37110,2.884906,9.411498e-09
37140,2.90481,9.502906e-09
37170,2.924721,9.590208e-09
37200,2.944948,9.715346e-09
37230,2.965219,9.836133e-09
37260,2.985466,9.965508e-09
37290,3.005387,1.010653e-08
37320,3.025275,1.023019e-08
37350,3.045213,1.03641e-08
37380,3.065781,1.055355e-08
37410,3.085683,1.07151e-08
37440,3.10598,1.092817e-08
37470,3.125864,1.114763e-08
37500,3.145799,1.135981e-08
37530,3.166358,1.160685e-08
37560,3.186282,1.189096e-08
37590,3.20618,1.217262e-08
37620,3.226429,1.252698e-08
37650,3.246327,1.287191e-08
37680,3.266922,1.32731e-08
37710,3.286852,1.371612e-08
37740,3.30671,1.419066e-08
37770,3.326966,1.473142e-08
37800,3.346891,1.535035e-08
37830,3.367485,1.601281e-08
37860,3.387374,1.674269e-08
37890,3.407228,1.758427e-08
37920,3.427122,1.850049e-08
37950,3.447352,1.953909e-08
37980,3.467654,2.073767e-08
38010,3.487888,2.203829e-08
38040,3.507771,2.348596e-08
38070,3.527711,2.511096e-08
38100,3.547594,2.692785e-08
38130,3.568198,2.906141e-08
38160,3.588109,3.134804e-08
38190,3.608355,3.398153e-08
38220,3.628277,3.692473e-08
38250,3.648144,4.02097e-08
38280,3.668751,4.403753e-08
38310,3.688643,4.82407e-08
38340,3.708884,5.303894e-08
38370,3.728824,5.836452e-08
38400,3.749416,6.464366e-08
38430,3.769355,7.146059e-08
38460,3.789243,7.917209e-08
38490,3.809166,8.790311e-08
38520,3.8294,9.789549e-08
38550,3.849684,1.0927e-07
38580,3.869936,1.221524e-07
38610,3.889809,1.36481e-07
38640,3.909714,1.527186e-07
38670,3.929633,1.71071e-07
38700,3.950234,1.926062e-07
38730,3.970164,2.163163e-07
38760,3.990392,2.43635e-07
38790,4.010287,2.74091e-07
38820,4.03022,3.086778e-07
38850,4.050811,3.493065e-07
38880,4.070725,3.939706e-07
38910,4.09063,4.446329e-07
38940,4.110909,5.032888e-07
38970,4.130825,5.688764e-07
39000,4.151442,6.460688e-07
39030,4.171356,7.309766e-07
39060,4.191295,8.276201e-07
39090,4.211565,9.394936e-07
39120,4.231353,1.063258e-06
39150,4.251917,1.210574e-06
39180,4.271846,1.372789e-06
39210,4.291763,1.557521e-06
39240,4.311666,1.767739e-06
39270,4.331947,2.01129e-06
39300,4.352205,2.288988e-06
39330,4.372448,2.605995e-06
39360,4.392381,2.961559e-06
39390,4.412249,3.366161e-06
39420,4.432246,3.827452e-06
39450,4.452842,4.37181e-06
39480,4.47278,4.973509e-06
39510,4.493051,5.671204e-06
39540,4.512941,6.453567e-06
39570,4.532897,7.345247e-06
39600,4.553484,8.398773e-06
39630,4.573411,9.564277e-06
39660,4.593557,1.089519e-05
39690,4.613443,1.240994e-05
39720,4.633364,1.413515e-05
39750,4.653954,1.617646e-05
39780,4.67389,1.842706e-05
39810,4.693789,2.099358e-05
39840,4.71403,2.397201e-05
39870,4.733979,2.731695e-05
39900,4.75459,3.126523e-05
39930,4.774433,3.561314e-05
39960,4.794347,4.058288e-05
39990,4.814281,4.624228e-05
40020,4.834548,5.28137e-05
40050,4.854775,6.030592e-05
40080,4.875068,6.886604e-05
40110,4.894984,7.84581e-05
40140,4.914953,8.93882e-05
40170,4.934881,0.0001018158
40200,4.955237,0.0001161672
40230,4.975151,0.0001323256
40260,4.995403,0.000150965
40290,5.015308,0.0001717975
40320,5.035215,0.0001954523
40350,5.055812,0.0002233124
40380,5.073394,0.0002500236
40410,5.073385,0.0002500219
40440,5.073399,0.0002500221
40470,5.07349,0.0002500237
40500,5.073487,0.000250023
40530,5.073487,0.0002500215
40560,5.073569,0.000250024
40590,5.073561,0.0002500229
40620,5.0736,0.0002500238
40650,5.073613,0.0002500231
40680,5.073624,0.0002500231
40710,5.073646,0.0002500228
40740,5.073625,0.0002500214
40770,5.07366,0.0002500222
40800,5.073691,0.0002500226
40830,5.073721,0.0002500232
40860,5.07373,0.000250025
40890,5.073739,0.0002500227
40920,5.07375,0.0002500235
40950,5.073768,0.000250023
40980,5.073781,0.0002500236
41010,5.073795,0.0002500239
41040,5.073794,0.0002500215
41070,5.073817,0.000250023
41100,5.073807,0.0002500225
41130,5.073827,0.0002500239
41160,5.073824,0.000250023
41190,5.07382,0.000250022
41220,5.073875,0.0002500234
41250,5.073831,0.0002500225
41280,5.073866,0.0002500233
41310,5.073862,0.0002500216
41340,5.073906,0.0002500236
41370,5.073886,0.0002500217
41400,5.073944,0.0002500229
41430,5.073953,0.0002500238
41460,5.073909,0.0002500216
41490,5.073957,0.0002500217
41520,5.073979,0.0002500237
41550,5.073982,0.0002500234
41580,5.073989,0.0002500235
41610,5.073957,0.0002500224
41640,5.074008,0.0002500233
41670,5.074,0.0002500228
41700,5.074069,0.000250023
41730,5.074024,0.0002500216
41760,5.074033,0.0002500214
41790,2.020194,6.645762e-09
41820,2.040098,6.695688e-09
41850,2.060709,6.724878e-09
41880,2.080606,7.000784e-09
41910,2.100846,7.250208e-09
41940,2.120767,7.320464e-09
41970,2.140688,7.057128e-09
42000,2.161261,6.587623e-09
42030,2.181137,7.246161e-09
42060,2.201093,7.22305e-09
42090,2.22134,7.310666e-09
42120,2.24127,7.359849e-09
42150,2.261839,7.462917e-09
42180,2.281741,7.484701e-09
42210,2.301658,7.547398e-09
42240,2.321585,7.609902e-09
42270,2.341844,7.639289e-09
42300,2.362443,7.743068e-09
42330,2.38236,7.795462e-09
42360,2.402287,7.811635e-09
42390,2.422193,7.943948e-09
42420,2.442418,7.971688e-09
42450,2.462668,8.009276e-09
42480,2.482937,8.040064e-09
42510,2.502866,8.185949e-09
42540,2.522792,8.233337e-09
42570,2.542662,8.287279e-09
42600,2.563275,8.292155e-09
42630,2.583185,8.412148e-09
42660,2.603453,8.475339e-09
42690,2.623342,8.520892e-09
42720,2.643235,8.606603e-09
42750,2.663858,8.700001e-09
42780,2.683758,8.702352e-09
42810,2.703653,8.818587e-09
42840,2.723922,8.874918e-09
42870,2.743848,8.90122e-09
42900,2.764424,9.054124e-09
42930,2.784309,9.078283e-09
42960,2.804256,9.137964e-09
42990,2.824491,9.257346e-09
43020,2.844411,9.327054e-09
43050,2.864964,9.415359e-09
43080,2.884896,9.51377e-09
43110,2.904811,9.583031e-09
43140,2.924729,9.702971e-09
43170,2.944967,9.797192e-09
43200,2.965176,9.864566e-09
43230,2.985477,1.00397e-08
43260,3.005383,1.012577e-08
43290,3.025276,1.022086e-08
43320,3.045171,1.037069e-08
43350,3.065784,1.052833e-08
43380,3.085716,1.069158e-08
43410,3.105965,1.085814e-08
43440,3.125849,1.099806e-08
43470,3.145749,1.116022e-08
43500,3.166353,1.144965e-08
43530,3.186263,1.165168e-08
43560,3.206166,1.188446e-08
43590,3.226392,1.21808e-08
43620,3.246305,1.242351e-08
43650,3.26693,1.279214e-08
43680,3.286828,1.312108e-08
43710,3.306706,1.349032e-08
43740,3.326945,1.398905e-08
43770,3.346895,1.444023e-08
43800,3.367457,1.49462e-08
43830,3.387347,1.559948e-08
43860,3.407224,1.620123e-08
43890,3.427113,1.694147e-08
43920,3.447367,1.777825e-08
43950,3.467607,1.867284e-08
43980,3.487882,1.970269e-08
44010,3.507781,2.08815e-08
44040,3.527683,2.213674e-08
44070,3.547599,2.355389e-08
44100,3.568192,2.518384e-08
44130,3.588087,2.699045e-08
44160,3.608345,2.905101e-08
44190,3.628266,3.129967e-08
44220,3.648151,3.38326e-08
44250,3.66872,3.684663e-08
44280,3.688627,4.005181e-08
44310,3.708897,4.374109e-08
44340,3.728825,4.790041e-08
44370,3.749424,5.268523e-08
44400,3.769339,5.791491e-08
44430,3.78926,6.39019e-08
44460,3.809152,7.05537e-08
44490,3.829391,7.824868e-08
44520,3.84965,8.694865e-08
44550,3.869927,9.682267e-08
44580,3.8898,1.077819e-07
44610,3.909703,1.201367e-07
44640,3.929649,1.341817e-07
44670,3.950212,1.506565e-07
44700,3.970151,1.686327e-07
44730,3.990361,1.894409e-07
44760,4.010299,2.126308e-07
44790,4.030207,2.388258e-07
44820,4.050791,2.697688e-07
44850,4.070695,3.036246e-07
44880,4.090594,3.420857e-07
44910,4.110874,3.8656e-07
44940,4.130824,4.36276e-07
44970,4.151419,4.946563e-07
45000,4.171306,5.588311e-07
45030,4.191281,6.319167e-07
45060,4.211538,7.162559e-07
45090,4.231481,8.10853e-07
45120,4.252072,9.220163e-07
45150,4.272012,1.044432e-06
45180,4.291758,1.182478e-06
45210,4.311701,1.340973e-06
45240,4.33195,1.524209e-06
45270,4.352161,1.733062e-06
45300,4.372436,1.971214e-06
45330,4.392358,2.238435e-06
45360,4.412271,2.542483e-06
45390,4.432197,2.888727e-06
45420,4.452817,3.297607e-06
45450,4.472751,3.748504e-06
45480,4.493006,4.271553e-06
45510,4.512947,4.8581e-06
45540,4.532856,5.526959e-06
45570,4.553452,6.316224e-06
45600,4.573354,7.189229e-06
45630,4.593645,8.200882e-06
45660,4.613598,9.337201e-06
45690,4.633358,1.061389e-05
45720,4.653981,1.214353e-05
45750,4.67388,1.383e-05
45780,4.693768,1.575154e-05
45810,4.714045,1.798458e-05
45840,4.733922,2.048976e-05
45870,4.754529,2.344453e-05
45900,4.774395,2.670338e-05
45930,4.794315,3.043087e-05
45960,4.814239,3.467556e-05
45990,4.834513,3.960823e-05
46020,4.854761,4.523032e-05
46050,4.875008,5.164738e-05
46080,4.894932,5.885526e-05
46110,4.914915,6.706526e-05
46140,4.934837,7.640491e-05
46170,4.955357,8.741912e-05
46200,4.975307,9.958272e-05
46230,4.995373,0.000113405
46260,5.015293,0.0001291814
46290,5.035207,0.0001470434
46320,5.055779,0.0001681092
46350,5.075747,0.0001913015
46380,5.095992,0.0002181313
46410,5.11588,0.0002480735
46440,5.11717,0.0002500233
46470,5.117189,0.000250022
46500,5.117207,0.0002500215
46530,5.117259,0.0002500231
46560,5.117301,0.0002500241
46590,5.117311,0.0002500241
46620,5.117318,0.0002500218
46650,5.11733,0.0002500214
46680,5.117382,0.0002500226
46710,5.117383,0.0002500214
46740,5.117407,0.0002500232
46770,5.117414,0.0002500232
46800,5.117404,0.0002500222
46830,5.11741,0.0002500223
46860,5.117437,0.0002500226
46890,5.117414,0.0002500225
46920,5.117428,0.0002500209
46950,5.117476,0.0002500232
46980,5.117483,0.0002500228
47010,5.117482,0.0002500217
47040,5.117476,0.0002500217
47070,5.117511,0.0002500232
47100,5.117497,0.0002500204
47130,5.117563,0.0002500225
47160,5.117499,0.0002500215
47190,5.117559,0.000250023
47220,5.117581,0.0002500237
47250,5.117564,0.000250023
47280,5.117571,0.0002500218
47310,5.117552,0.0002500212
47340,5.117558,0.0002500216
47370,5.117577,0.0002500229
47400,5.117582,0.0002500213
47430,5.117586,0.0002500218
47460,5.1176,0.0002500225
47490,5.117579,0.0002500216
47520,5.117606,0.0002500237
47550,5.11759,0.0002500217
47580,5.117603,0.0002500213
47610,5.117651,0.0002500236
47640,5.117651,0.0002500231
47670,5.117644,0.0002500229
47700,5.117647,0.0002500221
47730,5.117679,0.0002500237
47760,2.020174,6.572256e-09
47790,2.040119,6.714274e-09
47820,2.060722,6.728953e-09
47850,2.080614,6.10402e-09
47880,2.100862,6.604636e-09
47910,2.120747,7.160579e-09
47940,2.140683,7.015754e-09
47970,2.161286,6.509518e-09
48000,2.181199,6.8373e-09
48030,2.201113,6.913967e-09
48060,2.221373,6.976516e-09
48090,2.241292,7.044853e-09
48120,2.261853,7.104199e-09
48150,2.281766,7.112107e-09
48180,2.301688,7.188393e-09
48210,2.321609,7.249648e-09
48240,2.341835,7.305788e-09
48270,2.362475,7.354916e-09
48300,2.382365,7.433867e-09
48330,2.402293,7.469183e-09
48360,2.422175,7.52368e-09
48390,2.442456,7.60647e-09
48420,2.462691,7.662062e-09
48450,2.482926,7.736826e-09
48480,2.502842,7.801238e-09
48510,2.522745,7.850395e-09
48540,2.542682,7.926536e-09
48570,2.563266,7.997644e-09
48600,2.583192,8.062982e-09
48630,2.603435,8.161628e-09
48660,2.623326,8.224385e-09
48690,2.643238,8.287627e-09
48720,2.663823,8.400539e-09
48750,2.683757,8.488163e-09
48780,2.703671,8.579951e-09
48810,2.723929,8.677165e-09
48840,2.743847,8.763737e-09
48870,2.764445,8.874087e-09
48900,2.784337,9.007535e-09
48930,2.804239,9.120745e-09
48960,2.824507,9.258734e-09
48990,2.844424,9.402639e-09
49020,2.864995,9.538341e-09
49050,2.884902,9.718674e-09
49080,2.904809,9.8937e-09
49110,2.92472,1.008345e-08
49140,2.945005,1.030825e-08
49170,2.965215,1.052694e-08
49200,2.985455,1.075328e-08
49230,3.005375,1.105034e-08
49260,3.025291,1.135009e-08
49290,3.045209,1.169364e-08
49320,3.06576,1.20764e-08
49350,3.085725,1.246354e-08
49380,3.105985,1.290915e-08
49410,3.125858,1.343436e-08
49440,3.145725,1.396393e-08
49470,3.166327,1.461436e-08
49500,3.186265,1.529298e-08
49530,3.206165,1.603275e-08
49560,3.226421,1.690572e-08
49590,3.246349,1.785286e-08
49620,3.266903,1.89407e-08
49650,3.286819,2.014088e-08
49680,3.3067,2.145228e-08
49710,3.326978,2.295495e-08
49740,3.346871,2.463596e-08
49770,3.36748,2.656856e-08
49800,3.387382,2.868111e-08
49830,3.407213,3.105952e-08
49860,3.427146,3.369888e-08
49890,3.4474,3.673473e-08
49920,3.467642,4.016932e-08
49950,3.487855,4.40122e-08
49980,3.507761,4.831508e-08
50010,3.527717,5.312694e-08
50040,3.54762,5.854737e-08
50070,3.568207,6.491544e-08
50100,3.58811,7.185417e-08
50130,3.608368,7.983036e-08
50160,3.628287,8.869298e-08
50190,3.648178,9.859956e-08
50220,3.668754,1.103574e-07
50250,3.688684,1.231957e-07
50280,3.708916,1.37935e-07
50310,3.728844,1.54344e-07
50340,3.749437,1.736229e-07
50370,3.769375,1.946959e-07
50400,3.78928,2.185955e-07
50430,3.809193,2.456435e-07
50460,3.82945,2.767949e-07
50490,3.849692,3.121675e-07
50520,3.869951,3.524089e-07
50550,3.889873,3.972e-07
50580,3.909772,4.48029e-07
50610,3.929691,5.057053e-07
50640,3.950279,5.734444e-07
50670,3.970258,6.480778e-07
50700,3.990484,7.341728e-07
50730,4.010428,8.30413e-07
50760,4.030346,9.397651e-07
50790,4.050745,1.067061e-06
50820,4.070685,1.208549e-06
50850,4.090585,1.369193e-06
50880,4.11084,1.555085e-06
50910,4.130778,1.76327e-06
50940,4.15134,2.008325e-06
50970,4.171272,2.278286e-06
51000,4.191213,2.58573e-06
51030,4.211458,2.941583e-06
51060,4.231359,3.340037e-06
51090,4.251948,3.810015e-06
51120,4.271913,4.328574e-06
51150,4.291816,4.918392e-06
51180,4.311757,5.591244e-06
51210,4.332004,6.369122e-06
51240,4.352263,7.257811e-06
51270,4.372548,8.27214e-06
51300,4.392468,9.409844e-06
51330,4.412248,1.06832e-05
51360,4.43218,1.215686e-05
51390,4.452783,1.389411e-05
51420,4.472733,1.581216e-05
51450,4.493001,1.803615e-05
51480,4.512879,2.052783e-05
51510,4.532797,2.336422e-05
51540,4.553385,2.671145e-05
51570,4.573324,3.041239e-05
51600,4.593548,3.469627e-05
51630,4.61351,3.949851e-05
51660,4.633393,4.496787e-05
51690,4.65403,5.142451e-05
51720,4.673943,5.854107e-05
51750,4.693863,6.663493e-05
51780,4.714157,7.60172e-05
51810,4.73407,8.653178e-05
51840,4.754655,9.890892e-05
51870,4.774291,0.00011222
51900,4.794242,0.0001277436
51930,4.814094,0.000145298
51960,4.834361,0.0001656063
51990,4.854634,0.0001886907
52020,4.874894,0.0002149443
52050,4.89481,0.0002442326
52080,4.898515,0.0002500218
52110,4.898566,0.0002500243
52140,4.898647,0.0002500229
52170,4.898675,0.0002500246
52200,4.898718,0.000250023
52230,4.898752,0.0002500232
52260,4.898752,0.0002500234
52290,4.898761,0.0002500222
52320,4.898812,0.0002500242
52350,4.898833,0.000250025
52380,4.898833,0.0002500216
52410,4.898872,0.0002500244
52440,4.898865,0.0002500216
52470,4.898896,0.0002500228
52500,4.898921,0.0002500219
52530,4.898981,0.0002500238
52560,4.898988,0.0002500222
52590,4.899013,0.0002500232
52620,4.89903,0.0002500235
52650,4.899035,0.0002500238
52680,4.899028,0.0002500218
52710,4.899051,0.000250022
52740,4.899096,0.0002500232
52770,4.899131,0.0002500243
52800,4.89913,0.0002500223
52830,4.899154,0.0002500234
52860,4.899175,0.0002500245
52890,4.899154,0.0002500214
52920,4.899199,0.0002500227
52950,4.89921,0.0002500231
52980,4.899182,0.0002500215
53010,4.899225,0.0002500225
53040,4.899246,0.000250023
53070,4.89924,0.0002500213
53100,4.899295,0.0002500238
53130,4.899299,0.0002500234
53160,4.899279,0.000250021
53190,4.899332,0.0002500228
53220,4.89935,0.0002500236
53250,4.899352,0.0002500238
53280,4.899325,0.0002500215
53310,4.899384,0.000250024
53340,4.899374,0.0002500234
53370,4.899376,0.0002500216
53400,4.899392,0.0002500219
53430,4.899386,0.0002500216
53460,4.899426,0.0002500232
53490,4.899407,0.000250023
53520,4.899411,0.0002500226
53550,4.899466,0.0002500241
53580,4.899477,0.0002500232
53610,4.899504,0.000250024
53640,4.89951,0.0002500232
53670,4.899506,0.0002500234
53700,4.899527,0.0002500241
53730,2.020198,6.271783e-09
53760,2.040119,6.365163e-09
53790,2.060716,6.372074e-09
53820,2.080646,6.302166e-09
53850,2.100861,6.486737e-09
53880,2.120776,6.502706e-09
53910,2.140705,6.55342e-09
53940,2.161291,6.625767e-09
53970,2.181185,6.650229e-09
54000,2.201122,6.70249e-09
54030,2.221355,6.796903e-09
54060,2.241287,6.826304e-09
54090,2.261831,6.885758e-09
54120,2.28179,6.973083e-09
54150,2.301684,6.967015e-09
54180,2.321608,7.032254e-09
54210,2.341823,7.053934e-09
54240,2.362423,7.133925e-09
54270,2.382356,7.251929e-09
54300,2.402278,7.245684e-09
54330,2.422197,7.206933e-09
54360,2.442437,7.355563e-09
54390,2.462681,7.428802e-09
54420,2.482937,7.475233e-09
54450,2.502851,7.537744e-09
54480,2.522773,7.555761e-09
54510,2.542694,7.586872e-09
54540,2.563232,7.637234e-09
54570,2.583183,7.680545e-09
54600,2.603443,7.770771e-09
54630,2.623329,7.802485e-09
54660,2.643253,7.843792e-09
54690,2.663842,7.939309e-09
54720,2.683751,7.98207e-09
54750,2.703666,8.04209e-09
54780,2.723923,8.110063e-09
54810,2.743861,8.154066e-09
54840,2.764427,8.216469e-09
54870,2.784329,8.305415e-09
54900,2.804247,8.364283e-09
54930,2.824485,8.439384e-09
54960,2.844407,8.524063e-09
54990,2.864958,8.582486e-09
55020,2.884897,8.682923e-09
55050,2.904804,8.7602e-09
55080,2.924709,8.854819e-09
55110,2.944992,8.969727e-09
55140,2.965196,9.050675e-09
55170,2.98546,9.143916e-09
55200,3.005376,9.289055e-09
55230,3.025273,9.41267e-09
55260,3.045212,9.55766e-09
55290,3.065767,9.720796e-09
55320,3.085712,9.868988e-09
55350,3.105971,1.004352e-08
55380,3.125875,1.026777e-08
55410,3.145785,1.047955e-08
55440,3.166323,1.073599e-08
55470,3.186251,1.099482e-08
55500,3.206172,1.127959e-08
55530,3.226418,1.164096e-08
55560,3.246306,1.200165e-08
55590,3.266903,1.242825e-08
55620,3.286821,1.291172e-08
55650,3.306691,1.341307e-08
55680,3.326964,1.399542e-08
55710,3.346857,1.467665e-08
55740,3.367469,1.545511e-08
55770,3.387346,1.62021e-08
55800,3.407238,1.726742e-08
55830,3.427164,1.833413e-08
55860,3.447402,1.947324e-08
55890,3.467619,2.099758e-08
55920,3.48782,2.245092e-08
55950,3.507792,2.437493e-08
55980,3.527688,2.63164e-08
56010,3.547631,2.86107e-08
56040,3.568189,3.113389e-08
56070,3.588114,3.420007e-08
56100,3.608338,3.698395e-08
56130,3.628289,4.073454e-08
56160,3.64816,4.440117e-08
56190,3.668727,4.87066e-08
56220,3.688643,5.428246e-08
56250,3.708906,6.033239e-08
56280,3.728794,6.63788e-08
56310,3.749432,7.39899e-08
56340,3.769342,8.184657e-08
56370,3.789248,9.121335e-08
56400,3.809175,1.013675e-07
56430,3.829408,1.126138e-07
56460,3.849654,1.253952e-07
56490,3.869922,1.397464e-07
56520,3.88983,1.554178e-07
56550,3.909732,1.732351e-07
56580,3.929633,1.928438e-07
56610,3.950215,2.151535e-07
56640,3.97017,2.389629e-07
56670,3.99038,2.661538e-07
56700,4.010287,2.954356e-07
56730,4.030209,3.281733e-07
56760,4.050805,3.657151e-07
56790,4.070728,4.056846e-07
56820,4.090635,4.498473e-07
56850,4.110902,4.998062e-07
56880,4.13083,5.541794e-07
56910,4.151449,6.160491e-07
56940,4.171361,6.827311e-07
56970,4.191271,7.566185e-07
57000,4.211543,8.401454e-07
57030,4.231494,9.310799e-07
57060,4.252119,1.035796e-06
57090,4.271844,1.147197e-06
57120,4.291767,1.272437e-06
57150,4.311699,1.41179e-06
57180,4.331906,1.569508e-06
57210,4.352186,1.745727e-06
57240,4.372431,1.942699e-06
57270,4.39235,2.159672e-06
57300,4.412283,2.402244e-06
57330,4.432201,2.674112e-06
57360,4.452837,2.989314e-06
57390,4.472772,3.331814e-06
57420,4.492984,3.722706e-06
57450,4.512912,4.154422e-06
57480,4.532829,4.639817e-06
57510,4.553436,5.205764e-06
57540,4.573377,5.824353e-06
57570,4.593636,6.53252e-06
57600,4.61353,7.316455e-06
57630,4.633466,8.203031e-06
57660,4.654111,9.238757e-06
57690,4.674007,1.036932e-05
57720,4.693736,1.162444e-05
57750,4.714042,1.309271e-05
57780,4.733962,1.472303e-05
57810,4.754546,1.663422e-05
57840,4.774397,1.871756e-05
57870,4.79433,2.108269e-05
57900,4.81423,2.37456e-05
57930,4.834504,2.681951e-05
57960,4.854743,3.030173e-05
57990,4.874985,3.424033e-05
58020,4.894923,3.862815e-05
58050,4.914851,4.358647e-05
58080,4.934783,4.918249e-05
58110,4.95537,5.57342e-05
58140,4.975268,6.290086e-05
58170,4.995566,7.115367e-05
58200,5.015507,8.03052e-05
58230,5.035407,9.062683e-05
58260,5.056031,0.0001026938
58290,5.075716,0.0001155872
58320,5.095993,0.0001307026
58350,5.115871,0.0001473806
58380,5.13582,0.0001661783
58410,5.156436,0.0001880363
58440,5.176319,0.0002118295
58470,5.196236,0.0002385009
58500,5.204255,0.0002500225
58530,5.204343,0.0002500234
58560,5.204375,0.0002500245
58590,5.204414,0.000250024
58620,5.204452,0.0002500238
58650,5.204488,0.0002500234
58680,5.204519,0.0002500248
58710,5.204544,0.0002500231
58740,5.204541,0.0002500219
58770,5.204607,0.0002500237
58800,5.204592,0.0002500221
58830,5.204666,0.0002500233
58860,5.204663,0.0002500229
58890,5.204651,0.0002500218
58920,5.204765,0.0002500237
58950,5.204741,0.000250023
58980,5.20473,0.0002500224
59010,5.204762,0.0002500224
59040,5.204782,0.0002500231
59070,5.204836,0.0002500238
59100,5.204823,0.0002500232
59130,5.204813,0.0002500211
59160,5.204847,0.0002500223
59190,5.204866,0.0002500226
59220,5.204885,0.0002500222
59250,5.2049,0.0002500228
59280,5.204908,0.0002500222
59310,5.204935,0.0002500235
59340,5.204963,0.0002500235
59370,5.204976,0.0002500239
59400,5.20496,0.0002500237
59430,5.204949,0.0002500216
59460,5.204999,0.0002500231
59490,5.204982,0.0002500225
59520,5.205034,0.0002500234
59550,5.205013,0.0002500231
59580,5.205044,0.000250024
59610,5.205053,0.0002500234
59640,5.205057,0.0002500221
59670,5.205097,0.0002500241
59700,2.000314,6.02e-09
59730,2.020142,6.09e-09
59760,2.040041,6.2e-09
59790,2.060655,6.25e-09
59820,2.080559,6.26e-09
59850,2.100824,6.33e-09
59880,2.120714,6.35e-09
59910,2.140643,6.94e-09
59940,2.16124,6.68e-09
59970,2.181121,6.39e-09
60000,2.201073,6.03e-09
60030,2.221281,6.93e-09
60060,2.241253,7.29e-09
60090,2.261847,6.9e-09
60120,2.281695,6.37e-09
60150,2.301652,6.39e-09
60180,2.321572,6.86e-09
60210,2.34178,7.82e-09
60240,2.3624,7.47e-09
60270,2.382311,6.96e-09
60300,2.402271,7.11e-09
60330,2.422186,7.24e-09
60360,2.442399,7.37e-09
60390,2.46263,7.27e-09
60420,2.482907,7.18e-09
60450,2.502831,6.63e-09
60480,2.522742,7.77e-09
60510,2.542678,7.65e-09
60540,2.563222,7.52e-09
60570,2.583133,7.2e-09
60600,2.603417,4.43e-09
60630,2.623293,7.65e-09
60660,2.643226,8.33e-09
60690,2.663819,7.99e-09
60720,2.683751,7.66e-09
60750,2.703639,6.53e-09
60780,2.723909,7.96e-09
60810,2.743825,8.71e-09
60840,2.764405,8.33e-09
60870,2.784327,8.24e-09
60900,2.804216,8.08e-09
60930,2.824478,7.03e-09
60960,2.844412,8.3e-09
60990,2.864953,9.8e-09
61020,2.884861,8.84e-09
61050,2.904804,8.58e-09
61080,2.924686,7.88e-09
61110,2.944924,8.5e-09
61140,2.965167,9.72e-09
61170,2.985421,9.4e-09
61200,3.005306,9.12e-09
61230,3.025241,8.34e-09
61260,3.045149,9.33e-09
61290,3.065716,9.5e-09
61320,3.085625,9.68e-09
61350,3.105892,9.85e-09
61380,3.125819,1.01e-08
61410,3.145763,1.03e-08
61440,3.166317,1.05e-08
61470,3.186223,1.08e-08
61500,3.206127,1.11e-08
61530,3.226353,1.15e-08
61560,3.246275,1.18e-08
61590,3.266842,1.22e-08
61620,3.286779,1.27e-08
61650,3.306667,1.32e-08
61680,3.32691,1.37e-08
61710,3.346821,1.43e-08
61740,3.367412,1.5e-08
61770,3.387304,1.58e-08
61800,3.407138,1.66e-08
61830,3.42704,1.76e-08
61860,3.447315,1.87e-08
61890,3.467565,1.99e-08
61920,3.487807,2.12e-08
61950,3.507709,2.27e-08
61980,3.527655,2.45e-08
62010,3.547551,2.64e-08
62040,3.568105,2.86e-08
62070,3.588028,3.1e-08
62100,3.608269,3.37e-08
62130,3.628198,3.68e-08
62160,3.648081,4.03e-08
62190,3.668668,4.43e-08
62220,3.68856,4.87e-08
62250,3.708828,5.38e-08
62280,3.728729,5.94e-08
62310,3.749372,6.61e-08
62340,3.769256,7.33e-08
62370,3.789173,8.15e-08
62400,3.80908,9.07e-08
62430,3.82932,1.01e-07
62460,3.849599,1.15e-07
62490,3.869837,1.27e-07
62520,3.889727,1.42e-07
62550,3.909635,1.59e-07
62580,3.929554,1.79e-07
62610,3.950118,2.02e-07
62640,3.970093,2.29e-07
62670,3.990302,2.57e-07
62700,4.010217,2.89e-07
62730,4.030109,3.26e-07
62760,4.050718,3.68e-07
62790,4.070653,4.19e-07
62820,4.090558,4.72e-07
62850,4.110783,5.35e-07
62880,4.130754,6.06e-07
62910,4.151357,6.89e-07
62940,4.171272,7.8e-07
62970,4.191218,8.84e-07
63000,4.211474,1e-06
63030,4.23127,1.14e-06
63060,4.251851,1.3e-06
63090,4.271746,1.47e-06
63120,4.291684,1.67e-06
63150,4.31161,1.9e-06
63180,4.331866,2.16e-06
63210,4.352103,2.46e-06
63240,4.372351,2.81e-06
63270,4.392334,3.19e-06
63300,4.412211,3.63e-06
63330,4.432158,4.13e-06
63360,4.452751,4.72e-06
63390,4.472697,5.38e-06
63420,4.492956,6.14e-06
63450,4.512857,6.99e-06
63480,4.532781,7.96e-06
63510,4.553427,9.11e-06
63540,4.57338,1.04e-05
63570,4.593426,1.18e-05
63600,4.61337,1.35e-05
63630,4.633303,1.54e-05
63660,4.653932,1.76e-05
63690,4.673798,2.01e-05
63720,4.69373,2.29e-05
63750,4.713958,2.61e-05
63780,4.733892,2.98e-05
63810,4.754479,3.41e-05
63840,4.774323,3.89e-05
63870,4.794296,4.43e-05
63900,4.8142,5.05e-05
63930,4.834492,5.77e-05
63960,4.854772,6.6e-05
63990,4.874996,7.54e-05
64020,4.894923,8.59e-05
64050,4.914927,9.79e-05
64080,4.934603,0.000111319
64110,4.955174,0.000127407
64140,4.975077,0.000145113
64170,4.995345,0.000165636
64200,5.01529,0.000188589
64230,5.035182,0.000214628
64260,5.055738,0.000245279
64290,5.05881,0.000250024
64320,5.05882,0.000250023
64350,5.058857,0.000250023
64380,5.058882,0.000250023
64410,5.058901,0.000250025
64440,5.058925,0.000250023
64470,5.058934,0.000250023
64500,5.058951,0.000250023
64530,5.058979,0.000250023
64560,5.058977,0.000250023
64590,5.058984,0.000250023
64620,5.058979,0.000250022
64650,5.059037,0.000250023
64680,5.059015,0.000250023
64710,5.059034,0.000250023
64740,5.059032,0.000250022
64770,5.059043,0.000250022
64800,5.059089,0.000250023
64830,5.059063,0.000250023
64860,5.059114,0.000250023
64890,5.059108,0.000250024
64920,5.059091,0.000250022
64950,5.059129,0.000250023
64980,5.059139,0.000250024
65010,5.05914,0.000250024
65040,5.059133,0.000250023
65070,5.059152,0.000250023
65100,5.059119,0.000250022
65130,5.059161,0.000250024
65160,5.059158,0.000250023
65190,5.059148,0.000250023
65220,5.059147,0.000250022
65250,5.059195,0.000250024
65280,5.059183,0.000250023
65310,5.059191,0.000250024
65340,5.059164,0.000250022
65370,5.0592,0.000250023
65400,5.059207,0.000250023
65430,5.059197,0.000250023
65460,5.059249,0.000250024
65490,5.059178,0.000250023
65520,5.059219,0.000250024
65550,5.059222,0.000250023
65580,5.059232,0.000250024
65610,5.059236,0.000250023
65640,5.059252,0.000250024
65670,5.059238,0.000250024
65700,2.000283,5.19e-09
65730,2.020194,5.06e-09
65760,2.040055,5.39e-09
65790,2.060647,6.18e-09
65820,2.080593,6.93e-09
65850,2.100829,6.74e-09
65880,2.120714,6.11e-09
65910,2.140652,6.24e-09
65940,2.161273,6.8e-09
65970,2.181124,6.14e-09
66000,2.201068,6.19e-09
66030,2.221345,6.35e-09
66060,2.241201,6.48e-09
66090,2.261837,6.58e-09
66120,2.281729,6.65e-09
66150,2.301622,6.73e-09
66180,2.321565,6.77e-09
66210,2.341808,6.85e-09
66240,2.362419,6.97e-09
66270,2.382342,7.26e-09
66300,2.402257,7.54e-09
66330,2.422133,7.42e-09
66360,2.442363,6.95e-09
66390,2.462656,6.91e-09
66420,2.482887,7.21e-09
66450,2.502807,7.09e-09
66480,2.522758,7.07e-09
66510,2.54266,7.26e-09
66540,2.563239,7.37e-09
66570,2.583185,7.57e-09
66600,2.603417,7.58e-09
66630,2.623317,7.62e-09
66660,2.64324,7.66e-09
66690,2.663846,7.71e-09
66720,2.683735,7.75e-09
66750,2.703662,7.66e-09
66780,2.723913,7.89e-09
66810,2.743829,7.95e-09
66840,2.764413,8.01e-09
66870,2.784298,8.05e-09
66900,2.804205,8.16e-09
66930,2.824436,8.25e-09
66960,2.844376,8.31e-09
66990,2.864954,8.43e-09
67020,2.884861,8.51e-09
67050,2.904812,8.58e-09
67080,2.924675,8.69e-09
67110,2.944951,8.8e-09
67140,2.965183,8.93e-09
67170,2.985417,9.06e-09
67200,3.00535,9.18e-09
67230,3.025212,9.32e-09
67260,3.045155,9.49e-09
67290,3.065769,9.67e-09
67320,3.085663,9.86e-09
67350,3.105916,1.01e-08
67380,3.125809,1.02e-08
67410,3.14571,1.05e-08
67440,3.166294,1.07e-08
67470,3.186204,1.1e-08
67500,3.206132,1.13e-08
67530,3.226398,1.17e-08
67560,3.246281,1.21e-08
67590,3.266894,1.25e-08
67620,3.286766,1.31e-08
67650,3.306683,1.38e-08
67680,3.326904,1.4e-08
67710,3.346832,1.48e-08
67740,3.367423,1.56e-08
67770,3.387327,1.64e-08
67800,3.407173,1.73e-08
67830,3.427107,1.82e-08
67860,3.447364,1.95e-08
67890,3.467592,2.08e-08
67920,3.487834,2.23e-08
67950,3.507732,2.4e-08
67980,3.527656,2.57e-08
68010,3.547575,2.78e-08
68040,3.56813,3.02e-08
68070,3.588062,3.28e-08
68100,3.60828,3.59e-08
68130,3.628219,3.92e-08
68160,3.648085,4.29e-08
68190,3.668691,4.73e-08
68220,3.68856,5.21e-08
68250,3.708853,5.76e-08
68280,3.728734,6.37e-08
68310,3.749352,7.09e-08
68340,3.769311,7.87e-08
68370,3.789185,8.75e-08
68400,3.809068,9.75e-08
68430,3.829358,1.09e-07
68460,3.84959,1.22e-07
68490,3.869848,1.37e-07
68520,3.889755,1.53e-07
68550,3.909674,1.72e-07
68580,3.929598,1.93e-07
68610,3.950148,2.18e-07
68640,3.970096,2.45e-07
68670,3.99035,2.77e-07
68700,4.010216,3.12e-07
68730,4.030135,3.52e-07
68760,4.050756,3.99e-07
68790,4.070664,4.5e-07
68820,4.090561,5.09e-07
68850,4.110855,5.77e-07
68880,4.130791,6.53e-07
68910,4.151413,7.42e-07
68940,4.171313,8.4e-07
68970,4.191211,9.52e-07
69000,4.211402,1.08e-06
69030,4.231289,1.23e-06
69060,4.251809,1.4e-06
69090,4.271798,1.58e-06
69120,4.29172,1.8e-06
69150,4.311615,2.04e-06
69180,4.331886,2.33e-06
69210,4.352134,2.65e-06
69240,4.372395,3.02e-06
69270,4.392352,3.43e-06
69300,4.412234,3.9e-06
69330,4.43217,4.44e-06
69360,4.452771,5.07e-06
69390,4.472743,5.77e-06
69420,4.493009,6.58e-06
69450,4.512914,7.49e-06
69480,4.532824,8.53e-06
69510,4.553454,9.76e-06
69540,4.573241,1.11e-05
69570,4.59346,1.27e-05
69600,4.613396,1.44e-05
69630,4.633295,1.64e-05
69660,4.653955,1.88e-05
69690,4.673804,2.14e-05
69720,4.693748,2.44e-05
69750,4.71401,2.79e-05
69780,4.733937,3.18e-05
69810,4.75453,3.64e-05
69840,4.774402,4.15e-05
69870,4.794284,4.73e-05
69900,4.814257,5.39e-05
69930,4.834507,6.15e-05
69960,4.854771,7.03e-05
69990,4.875047,8.03e-05
70020,4.894989,9.14e-05
70050,4.914915,0.000104177
70080,4.934637,0.000118367
70110,4.955194,0.00013541
70140,4.975097,0.000154173
70170,4.995341,0.000175881
70200,5.015278,0.000200146
70230,5.035181,0.000227674
70260,5.049725,0.000250024
70290,5.049765,0.000250023
70320,5.049807,0.000250023
70350,5.04986,0.000250023
70380,5.049884,0.000250023
70410,5.0499,0.000250023
70440,5.049921,0.000250025
70470,5.049944,0.000250022
70500,5.049963,0.000250023
70530,5.049992,0.000250023
70560,5.050017,0.000250023
70590,5.050033,0.000250023
70620,5.050031,0.000250022
70650,5.050071,0.000250023
70680,5.050064,0.000250024
70710,5.050057,0.000250023
70740,5.050073,0.000250022
70770,5.050106,0.000250023
70800,5.050126,0.000250023
70830,5.050148,0.000250023
70860,5.050154,0.000250024
70890,5.050127,0.000250021
70920,5.050176,0.000250022
70950,5.050187,0.000250023
70980,5.050212,0.000250024
71010,5.050251,0.000250024
71040,5.050218,0.000250025
71070,5.050276,0.000250024
71100,5.050232,0.000250022
71130,5.050274,0.000250023
71160,5.050294,0.000250023
71190,5.050294,0.000250023
71220,5.050299,0.000250023
71250,5.050289,0.000250023
71280,5.050318,0.000250023
71310,5.050347,0.000250023
71340,5.050349,0.000250023
71370,5.050322,0.000250022
71400,5.050366,0.000250023
71430,5.050381,0.000250023
71460,5.050389,0.000250023
71490,5.050378,0.000250021
71520,5.050436,0.000250023
71550,5.050431,0.000250024
71580,5.050456,0.000250024
71610,5.05043,0.000250023
71640,5.050457,0.000250023
71670,5.05046,0.000250023
71700,2.000331,5.74e-09
71730,2.020157,5.86e-09
71760,2.04007,5.9e-09
71790,2.060687,5.91e-09
71820,2.080591,5.93e-09
71850,2.100828,5.94e-09
71880,2.120723,5.88e-09
71910,2.140659,5.96e-09
71940,2.161246,6.05e-09
71970,2.181166,6.17e-09
72000,2.201071,6.25e-09
72030,2.221315,6.28e-09
72060,2.241264,6.32e-09
72090,2.261851,6.34e-09
72120,2.28173,6.29e-09
72150,2.301651,6.35e-09
72180,2.321585,6.5e-09
72210,2.341844,6.47e-09
72240,2.362425,6.54e-09
72270,2.382352,6.64e-09
72300,2.402253,6.7e-09
72330,2.422172,6.77e-09
72360,2.442403,6.79e-09
72390,2.46268,6.83e-09
72420,2.482908,6.88e-09
72450,2.502841,6.86e-09
72480,2.522758,6.98e-09
72510,2.542687,7e-09
72540,2.56325,7.06e-09
72570,2.583185,7.12e-09
72600,2.60342,7.23e-09
72630,2.623319,7.28e-09
72660,2.643203,7.31e-09
72690,2.66381,7.34e-09
72720,2.683744,7.38e-09
72750,2.703699,7.51e-09
72780,2.723883,7.52e-09
72810,2.743833,7.62e-09
72840,2.76443,7.71e-09
72870,2.784342,7.78e-09
72900,2.804234,7.87e-09
72930,2.824445,7.96e-09
72960,2.844393,8.02e-09
72990,2.86498,8.15e-09
73020,2.884892,8.24e-09
73050,2.904788,8.32e-09
73080,2.924713,8.49e-09
73110,2.944934,8.61e-09
73140,2.965155,8.73e-09
73170,2.985426,8.93e-09
73200,3.005367,9.05e-09
73230,3.025278,9.2e-09
73260,3.04518,9.39e-09
73290,3.065768,9.59e-09
73320,3.085698,9.82e-09
73350,3.105968,1.01e-08
73380,3.125857,1.03e-08
73410,3.145755,1.06e-08
73440,3.166327,1.1e-08
73470,3.186262,1.13e-08
73500,3.206131,1.17e-08
73530,3.226391,1.21e-08
73560,3.24632,1.26e-08
73590,3.266895,1.32e-08
73620,3.286827,1.38e-08
73650,3.306676,1.45e-08
73680,3.326969,1.53e-08
73710,3.346836,1.61e-08
73740,3.367444,1.71e-08
73770,3.387347,1.82e-08
73800,3.407193,1.93e-08
73830,3.427132,2.07e-08
73860,3.447384,2.22e-08
73890,3.467612,2.39e-08
73920,3.487818,2.58e-08
73950,3.507744,2.8e-08
73980,3.5277,3.04e-08
74010,3.547583,3.31e-08
74040,3.568186,3.62e-08
74070,3.588091,3.97e-08
74100,3.608333,4.36e-08
74130,3.628222,4.8e-08
74160,3.648151,5.3e-08
74190,3.668715,5.87e-08
74220,3.688652,6.51e-08
74250,3.708884,7.24e-08
74280,3.728796,8.05e-08
74310,3.749383,9e-08
74340,3.769306,1e-07
74370,3.789244,1.12e-07
74400,3.809149,1.25e-07
74430,3.82938,1.41e-07
74460,3.849607,1.58e-07
74490,3.869859,1.78e-07
74520,3.889784,2e-07
74550,3.909696,2.25e-07
74580,3.929626,2.54e-07
74610,3.95019,2.87e-07
74640,3.970112,3.24e-07
74670,3.990365,3.66e-07
74700,4.010271,4.13e-07
74730,4.030164,4.67e-07
74760,4.050794,5.31e-07
74790,4.070703,6e-07
74820,4.090622,6.8e-07
74850,4.110885,7.71e-07
74880,4.13085,8.74e-07
74910,4.151458,9.95e-07
74940,4.171193,1.13e-06
74970,4.191119,1.28e-06
75000,4.211372,1.46e-06
75030,4.231294,1.65e-06
75060,4.251896,1.88e-06
75090,4.271811,2.14e-06
75120,4.291727,2.43e-06
75150,4.311638,2.77e-06
75180,4.331889,3.15e-06
75210,4.352176,3.59e-06
75240,4.372415,4.09e-06
75270,4.392358,4.66e-06
75300,4.412265,5.3e-06
75330,4.432237,6.04e-06
75360,4.452837,6.9e-06
75390,4.472788,7.86e-06
75420,4.493056,8.97e-06
75450,4.512966,1.02e-05
75480,4.532732,1.16e-05
75510,4.55333,1.33e-05
75540,4.573263,1.52e-05
75570,4.593524,1.73e-05
75600,4.613395,1.97e-05
75630,4.633349,2.25e-05
75660,4.653929,2.58e-05
75690,4.673851,2.94e-05
75720,4.693803,3.35e-05
75750,4.714046,3.82e-05
75780,4.733978,4.36e-05
75810,4.754543,4.99e-05
75840,4.774417,5.68e-05
75870,4.794349,6.48e-05
75900,4.814265,7.38e-05
75930,4.834586,8.43e-05
75960,4.854824,9.63e-05
75990,4.87486,0.000109712
76020,4.894765,0.000125006
76050,4.914685,0.000142384
76080,4.934613,0.000162112
76110,4.955211,0.000185323
76140,4.975137,0.000210901
76170,4.995393,0.00024049
76200,5.001474,0.000250025
76230,5.001504,0.000250024
76260,5.001503,0.000250023
76290,5.001549,0.000250024
76320,5.001575,0.000250024
76350,5.001578,0.000250023
76380,5.001625,0.000250024
76410,5.001632,0.000250024
76440,5.001623,0.000250022
76470,5.00166,0.000250024
76500,5.001667,0.000250024
76530,5.001685,0.000250024
76560,5.001649,0.000250022
76590,5.001688,0.000250024
76620,5.00166,0.000250023
76650,5.001694,0.000250023
76680,5.001706,0.000250023
76710,5.001674,0.000250023
76740,5.001729,0.000250023
76770,5.001736,0.000250024
76800,5.001734,0.000250024
76830,5.001745,0.000250025
76860,5.001708,0.000250022
76890,5.001759,0.000250023
76920,5.001755,0.000250022
76950,5.001753,0.000250023
76980,5.001766,0.000250025
77010,5.001763,0.000250023
77040,5.001777,0.000250024
77070,5.001761,0.000250023
77100,5.001778,0.000250023
77130,5.001793,0.000250023
77160,5.00177,0.000250022
77190,5.001784,0.000250024
77220,5.001793,0.000250022
77250,5.001815,0.000250024
77280,5.001809,0.000250023
77310,5.00179,0.000250022
77340,5.001821,0.000250023
77370,5.00183,0.000250023
77400,5.001841,0.000250023
77430,5.00184,0.000250024
77460,5.001832,0.000250023
77490,5.001831,0.000250022
77520,5.001848,0.000250023
77550,5.001856,0.000250022
77580,5.001863,0.000250024
77610,5.001861,0.000250023
77640,5.001878,0.000250025
77670,5.001894,0.000250024
77700,2.000308,5.95e-09
77730,2.020158,5.91e-09
77760,2.040077,5.83e-09
77790,2.060678,5.76e-09
77820,2.080602,5.77e-09
77850,2.100831,5.85e-09
77880,2.120711,5.99e-09
77910,2.140648,6.05e-09
77940,2.161234,6.14e-09
77970,2.181138,6.22e-09
78000,2.201088,6.23e-09
78030,2.221318,6.3e-09
78060,2.241248,6.35e-09
78090,2.261832,6.36e-09
78120,2.281739,6.39e-09
78150,2.30164,6.39e-09
78180,2.321598,6.41e-09
78210,2.341805,6.54e-09
78240,2.362431,6.62e-09
78270,2.382358,6.7e-09
78300,2.402272,6.81e-09
78330,2.42215,6.81e-09
78360,2.442414,6.8e-09
78390,2.462672,6.85e-09
78420,2.482896,6.87e-09
78450,2.502837,6.95e-09
78480,2.52273,7.04e-09
78510,2.542663,7.1e-09
78540,2.563231,7.2e-09
78570,2.583125,7.26e-09
78600,2.603428,7.31e-09
78630,2.623311,7.38e-09
78660,2.643211,7.4e-09
78690,2.663832,7.43e-09
78720,2.683728,7.52e-09
78750,2.703651,7.61e-09
78780,2.723884,7.69e-09
78810,2.743842,7.8e-09
78840,2.764415,7.9e-09
78870,2.784312,7.97e-09
78900,2.804226,8.08e-09
78930,2.824504,8.15e-09
78960,2.844377,8.25e-09
78990,2.864949,8.33e-09
79020,2.884877,8.44e-09
79050,2.904779,8.59e-09
79080,2.924693,8.74e-09
79110,2.944948,8.89e-09
79140,2.965186,9.07e-09
79170,2.985428,9.22e-09
79200,3.00536,9.39e-09
79230,3.025249,9.6e-09
79260,3.045167,9.81e-09
79290,3.065754,1.01e-08
79320,3.085664,1.04e-08
79350,3.105938,1.06e-08
79380,3.125827,1.1e-08
79410,3.145706,1.13e-08
79440,3.166273,1.17e-08
79470,3.186263,1.22e-08
79500,3.206125,1.27e-08
79530,3.226375,1.32e-08
79560,3.246275,1.38e-08
79590,3.266888,1.45e-08
79620,3.286789,1.53e-08
79650,3.306672,1.61e-08
79680,3.326921,1.71e-08
79710,3.346827,1.81e-08
79740,3.367433,1.94e-08
79770,3.387312,2.07e-08
79800,3.407198,2.22e-08
79830,3.427095,2.38e-08
79860,3.447361,2.57e-08
79890,3.467613,2.79e-08
79920,3.487843,3.03e-08
79950,3.507727,3.3e-08
79980,3.527664,3.6e-08
80010,3.547582,3.94e-08
80040,3.568155,4.34e-08
80070,3.588073,4.77e-08
80100,3.608313,5.27e-08
80130,3.628241,5.82e-08
80160,3.648134,6.45e-08
80190,3.668703,7.17e-08
80220,3.688612,7.97e-08
80250,3.708854,8.89e-08
80280,3.728781,9.91e-08
80310,3.749379,1.11e-07
80340,3.769285,1.24e-07
80370,3.789212,1.39e-07
80400,3.809134,1.56e-07
80430,3.829386,1.75e-07
80460,3.8496,1.97e-07
80490,3.869885,2.22e-07
80520,3.889745,2.5e-07
80550,3.909698,2.82e-07
80580,3.929621,3.17e-07
80610,3.950166,3.6e-07
80640,3.970143,4.06e-07
80670,3.99035,4.59e-07
80700,4.010265,5.19e-07
80730,4.030159,5.87e-07
80760,4.050835,6.67e-07
80790,4.070717,7.55e-07
80820,4.090642,8.55e-07
80850,4.110905,9.71e-07
80880,4.130713,1.1e-06
80910,4.151293,1.25e-06
80940,4.171202,1.42e-06
80970,4.191119,1.61e-06
81000,4.211394,1.83e-06
81030,4.231299,2.08e-06
81060,4.251891,2.37e-06
81090,4.271805,2.69e-06
81120,4.291716,3.06e-06
81150,4.311646,3.48e-06
81180,4.331896,3.97e-06
81210,4.352153,4.52e-06
81240,4.372438,5.15e-06
81270,4.392367,5.86e-06
81300,4.412312,6.67e-06
81330,4.432212,7.59e-06
81360,4.452847,8.68e-06
81390,4.472793,9.88e-06
81420,4.49291,1.13e-05
81450,4.512838,1.28e-05
81480,4.532707,1.46e-05
81510,4.553308,1.67e-05
81540,4.573247,1.9e-05
81570,4.593499,2.17e-05
81600,4.613431,2.48e-05
81630,4.633327,2.82e-05
81660,4.653936,3.23e-05
81690,4.67386,3.68e-05
81720,4.693806,4.19e-05
81750,4.71402,4.78e-05
81780,4.733957,5.45e-05
81810,4.754567,6.24e-05
81840,4.774435,7.1e-05
81870,4.794369,8.09e-05
81900,4.814281,9.22e-05
81930,4.83434,0.000104961
81960,4.854601,0.000119837
81990,4.87485,0.000136713
82020,4.894772,0.000155617
82050,4.914712,0.0001771
82080,4.934588,0.000201496
82110,4.9552,0.000230146
82140,4.968073,0.000250024
82170,4.968137,0.000250024
82200,4.96816,0.000250023
82230,4.968173,0.000250021
82260,4.968171,0.000250023
82290,4.968228,0.000250023
82320,4.968234,0.000250022
82350,4.968255,0.000250022
82380,4.968307,0.000250023
82410,4.968307,0.000250023
82440,4.968335,0.000250024
82470,4.968343,0.000250023
82500,4.968351,0.000250023
82530,4.96839,0.000250022
82560,4.968374,0.000250021
82590,4.968359,0.000250022
82620,4.968411,0.000250023
82650,4.968419,0.000250023
82680,4.968427,0.000250023
82710,4.968429,0.000250024
82740,4.968464,0.000250024
82770,4.968457,0.000250024
82800,4.968453,0.000250022
82830,4.968486,0.000250025
82860,4.968481,0.000250023
82890,4.968521,0.000250023
82920,4.968515,0.000250023
82950,4.968561,0.000250023
82980,4.968548,0.000250024
83010,4.968538,0.000250024
83040,4.96852,0.000250022
83070,4.968543,0.000250021
83100,4.968555,0.000250022
83130,4.968602,0.000250024
83160,4.968623,0.000250023
83190,4.968616,0.000250023
83220,4.968653,0.000250023
83250,4.968645,0.000250023
83280,4.968668,0.000250023
83310,4.968659,0.000250023
83340,4.968677,0.000250023
83370,4.968665,0.000250023
83400,4.96869,0.000250023
83430,4.968699,0.000250024
83460,4.968738,0.000250023
83490,4.968742,0.000250024
83520,4.968723,0.000250023
83550,4.968738,0.000250023
83580,4.96875,0.000250023
83610,4.968784,0.000250022
83640,4.968804,0.000250023
83670,4.968779,0.000250021
83700,2.00031,5.47e-09
83730,2.020188,5.58e-09
83760,2.040083,5.83e-09
83790,2.060676,6.04e-09
83820,2.080587,6.08e-09
83850,2.100828,5.94e-09
83880,2.12075,5.81e-09
83910,2.140663,5.92e-09
83940,2.161252,6.68e-09
83970,2.181175,6.12e-09
84000,2.201067,6.13e-09
84030,2.221319,6.16e-09
84060,2.241252,6.18e-09
84090,2.261818,6.17e-09
84120,2.281769,6.23e-09
84150,2.301649,6.31e-09
84180,2.32157,6.35e-09
84210,2.34183,6.39e-09
84240,2.362426,6.42e-09
84270,2.382338,6.52e-09
84300,2.402289,6.56e-09
84330,2.422165,6.61e-09
84360,2.442411,6.68e-09
84390,2.462668,6.7e-09
84420,2.482936,6.78e-09
84450,2.502846,6.85e-09
84480,2.522737,6.97e-09
84510,2.54266,7.26e-09
84540,2.563212,6.72e-09
84570,2.583141,6.97e-09
84600,2.60339,7.1e-09
84630,2.623321,7.14e-09
84660,2.64323,7.17e-09
84690,2.663811,7.25e-09
84720,2.683735,7.31e-09
84750,2.703629,7.39e-09
84780,2.723862,7.5e-09
84810,2.743807,7.58e-09
84840,2.764414,7.69e-09
84870,2.784315,7.77e-09
84900,2.804203,7.84e-09
84930,2.824448,7.97e-09
84960,2.844384,8.06e-09
84990,2.864963,8.15e-09
85020,2.884857,8.29e-09
85050,2.904767,8.4e-09
85080,2.924703,8.55e-09
85110,2.944942,8.77e-09
85140,2.965124,8.95e-09
85170,2.985417,9.14e-09
85200,3.005338,9.39e-09
85230,3.025248,9.33e-09
85260,3.045154,8.12e-09
85290,3.065771,9.39e-09
85320,3.085631,1.01e-08
85350,3.105904,1.04e-08
85380,3.125834,9.99e-09
85410,3.145717,1.14e-08
85440,3.1663,1.12e-08
85470,3.186228,1.14e-08
85500,3.20612,1.23e-08
85530,3.22637,1.3e-08
85560,3.246288,1.34e-08
85590,3.266883,1.42e-08
85620,3.286819,1.5e-08
85650,3.306693,1.59e-08
85680,3.32693,1.69e-08
85710,3.346824,1.8e-08
85740,3.367433,1.92e-08
85770,3.387337,2.05e-08
85800,3.407158,2.2e-08
85830,3.427104,2.36e-08
85860,3.447348,2.55e-08
85890,3.467587,2.77e-08
85920,3.48785,3.01e-08
85950,3.507757,3.29e-08
85980,3.527672,3.59e-08
86010,3.54757,3.93e-08
86040,3.568125,4.33e-08
86070,3.588047,4.76e-08
86100,3.608295,5.25e-08
86130,3.628209,5.81e-08
86160,3.648121,6.43e-08
86190,3.668712,7.16e-08
86220,3.688632,7.96e-08
86250,3.708849,8.88e-08
86280,3.728779,9.91e-08
86310,3.749402,1.11e-07
86340,3.769308,1.24e-07
86370,3.789224,1.39e-07
86400,3.809126,1.56e-07
86430,3.829366,1.75e-07
86460,3.849622,1.97e-07
86490,3.869882,2.22e-07
86520,3.889818,2.5e-07
86550,3.909684,2.82e-07
86580,3.929616,3.17e-07
86610,3.950212,3.6e-07
86640,3.970136,4.06e-07
86670,3.990407,4.59e-07
86700,4.010288,5.19e-07
86730,4.030231,5.87e-07
86760,4.050827,6.67e-07
86790,4.070745,7.55e-07
86820,4.090662,8.55e-07
86850,4.110932,9.7e-07
86880,4.130719,1.1e-06
86910,4.151303,1.25e-06
86940,4.171208,1.42e-06
86970,4.191144,1.61e-06
87000,4.2114,1.83e-06
87030,4.231329,2.08e-06
87060,4.251936,2.37e-06
87090,4.271829,2.69e-06
87120,4.291753,3.06e-06
87150,4.311662,3.48e-06
87180,4.331938,3.96e-06
87210,4.352188,4.52e-06
87240,4.372435,5.15e-06
87270,4.392374,5.86e-06
87300,4.412302,6.66e-06
87330,4.432234,7.58e-06
87360,4.452868,8.67e-06
87390,4.472819,9.87e-06
87420,4.492931,1.12e-05
87450,4.512825,1.28e-05
87480,4.532728,1.46e-05
87510,4.553319,1.67e-05
87540,4.573291,1.9e-05
87570,4.593522,2.17e-05
87600,4.613429,2.47e-05
87630,4.633349,2.82e-05
87660,4.653981,3.23e-05
87690,4.673879,3.67e-05
87720,4.693757,4.19e-05
87750,4.71407,4.78e-05
87780,4.733987,5.45e-05
87810,4.754582,6.24e-05
87840,4.774432,7.1e-05
87870,4.794384,8.09e-05
87900,4.814307,9.22e-05
87930,4.834363,0.000104992
87960,4.854652,0.000119893
87990,4.874867,0.000136818
88020,4.894744,0.000155748
88050,4.914733,0.000177292
88080,4.934653,0.000201753
88110,4.955221,0.000230511
88140,4.967822,0.000250024
88170,4.967817,0.000250022
88200,4.967865,0.000250023
88230,4.967908,0.000250024
88260,4.967933,0.000250023
88290,4.96795,0.000250022
88320,4.967974,0.000250025
88350,4.967991,0.000250024
88380,4.968016,0.000250023
88410,4.968033,0.000250025
88440,4.968043,0.000250024
88470,4.96808,0.000250025
88500,4.968058,0.000250024
88530,4.968104,0.000250024
88560,4.968085,0.000250023
88590,4.9681,0.000250024
88620,4.968085,0.000250023
88650,4.968143,0.000250024
88680,4.968145,0.000250024
88710,4.968166,0.000250023
88740,4.96819,0.000250024
88770,4.968172,0.000250024
88800,4.96813,0.000250022
88830,4.968179,0.000250025
88860,4.968215,0.000250024
88890,4.968204,0.000250024
88920,4.968202,0.000250024
88950,4.96821,0.000250024
88980,4.968188,0.000250023
89010,4.968232,0.000250024
89040,4.968216,0.000250023
89070,4.968232,0.000250023
89100,4.968217,0.000250022
89130,4.96827,0.000250025
89160,4.968275,0.000250024
89190,4.968279,0.000250024
89220,4.968298,0.000250024
89250,4.968324,0.000250024
89280,4.968277,0.000250023
89310,4.968274,0.000250023
89340,4.968315,0.000250025
89370,4.968339,0.000250023
89400,4.968306,0.000250021
89430,4.968339,0.000250024
89460,4.968342,0.000250023
89490,4.968369,0.000250024
89520,4.968331,0.000250022
89550,4.968369,0.000250024
89580,4.968376,0.000250024
89610,4.968369,0.000250023
89640,4.968347,0.000250022
89670,4.968385,0.000250023
89700,2.000318,4.84e-09
89730,2.02016,4.95e-09
89760,2.040075,4.96e-09
89790,2.060663,4.98e-09
89820,2.080584,5.01e-09
89850,2.100803,5.06e-09
89880,2.120733,5.13e-09
89910,2.140669,5.2e-09
89940,2.161234,5.19e-09
89970,2.181168,5.25e-09
90000,2.201056,5.29e-09
90030,2.221316,5.31e-09
90060,2.241295,5.37e-09
90090,2.261835,5.41e-09
90120,2.281736,5.42e-09
90150,2.301648,5.5e-09
90180,2.321562,5.54e-09
90210,2.341798,5.58e-09
90240,2.362416,5.62e-09
90270,2.382322,5.66e-09
90300,2.402282,5.72e-09
90330,2.422165,5.77e-09
90360,2.442442,5.88e-09
90390,2.46267,5.8e-09
90420,2.482912,5.93e-09
90450,2.502831,5.95e-09
90480,2.522757,6.02e-09
90510,2.542673,6.09e-09
90540,2.563226,6.14e-09
90570,2.583189,6.2e-09
90600,2.603413,6.28e-09
90630,2.623319,6.3e-09
90660,2.64322,6.37e-09
90690,2.663847,6.45e-09
90720,2.683723,6.52e-09
90750,2.703668,6.58e-09
90780,2.723908,6.63e-09
90810,2.743834,6.71e-09
90840,2.764388,6.83e-09
90870,2.784312,6.92e-09
90900,2.804221,7.02e-09
90930,2.824486,7.12e-09
90960,2.844389,7.2e-09
90990,2.864952,7.33e-09
91020,2.884877,7.45e-09
91050,2.904769,7.59e-09
91080,2.924703,7.75e-09
91110,2.944963,7.89e-09
91140,2.965183,8.06e-09
91170,2.985439,8.27e-09
91200,3.005349,8.45e-09
91230,3.025266,8.68e-09
91260,3.045173,8.94e-09
91290,3.065745,9.21e-09
91320,3.08565,9.51e-09
91350,3.105954,9.86e-09
91380,3.125847,1.02e-08
91410,3.145746,1.06e-08
91440,3.166338,1.11e-08
91470,3.186253,1.16e-08
91500,3.206151,1.21e-08
91530,3.226392,1.28e-08
91560,3.24632,1.35e-08
91590,3.266897,1.43e-08
91620,3.286787,1.51e-08
91650,3.306684,1.61e-08
91680,3.326958,1.72e-08
91710,3.346828,1.84e-08
91740,3.367401,1.99e-08
91770,3.387335,2.14e-08
91800,3.4072,2.31e-08
91830,3.427109,2.51e-08
91860,3.44736,2.73e-08
91890,3.467586,2.98e-08
91920,3.487831,3.26e-08
91950,3.507738,3.57e-08
91980,3.527683,3.92e-08
92010,3.547583,4.32e-08
92040,3.56819,4.78e-08
92070,3.588058,5.29e-08
92100,3.608328,5.87e-08
92130,3.628255,6.51e-08
92160,3.648164,7.24e-08
92190,3.668722,8.09e-08
92220,3.688639,9.02e-08
92250,3.7089,1.01e-07
92280,3.728766,1.13e-07
92310,3.749383,1.27e-07
92340,3.769324,1.42e-07
92370,3.789223,1.6e-07
92400,3.809162,1.79e-07
92430,3.829368,2.02e-07
92460,3.849644,2.28e-07
92490,3.869907,2.57e-07
92520,3.889805,2.89e-07
92550,3.909722,3.26e-07
92580,3.92965,3.68e-07
92610,3.950226,4.17e-07
92640,3.970211,4.72e-07
92670,3.990454,5.34e-07
92700,4.010321,6.04e-07
92730,4.030249,6.83e-07
92760,4.050895,7.77e-07
92790,4.070771,8.8e-07
92820,4.090715,9.97e-07
92850,4.110793,1.13e-06
92880,4.130732,1.28e-06
92910,4.151329,1.46e-06
92940,4.171213,1.66e-06
92970,4.19117,1.88e-06
93000,4.211413,2.14e-06
93030,4.23133,2.43e-06
93060,4.251923,2.77e-06
93090,4.271836,3.15e-06
93120,4.291743,3.58e-06
93150,4.311684,4.07e-06
93180,4.331952,4.64e-06
93210,4.352213,5.28e-06
93240,4.372467,6.02e-06
93270,4.392397,6.86e-06
93300,4.41234,7.8e-06
93330,4.432275,8.88e-06
93360,4.452879,1.02e-05
93390,4.47268,1.15e-05
93420,4.492942,1.32e-05
93450,4.512826,1.5e-05
93480,4.532756,1.71e-05
93510,4.553333,1.95e-05
93540,4.573284,2.23e-05
93570,4.593515,2.54e-05
93600,4.613458,2.9e-05
93630,4.633366,3.3e-05
93660,4.653995,3.78e-05
93690,4.673891,4.3e-05
93720,4.693795,4.9e-05
93750,4.714063,5.6e-05
93780,4.734003,6.38e-05
93810,4.754571,7.3e-05
93840,4.774474,8.31e-05
93870,4.794439,9.47e-05
93900,4.814043,0.000107606
93930,4.834324,0.000122885
93960,4.854598,0.000140244
93990,4.874861,0.000160006
94020,4.894775,0.000182124
94050,4.914716,0.000207296
94080,4.934594,0.000235835
94110,4.943738,0.000250024
94140,4.943743,0.000250024
94170,4.943793,0.000250024
94200,4.943772,0.000250024
94230,4.943808,0.000250023
94260,4.943836,0.000250024
94290,4.943833,0.000250022
94320,4.943831,0.000250022
94350,4.943885,0.000250024
94380,4.943886,0.000250024
94410,4.943936,0.000250024
94440,4.94393,0.000250024
94470,4.943929,0.000250024
94500,4.943959,0.000250025
94530,4.943989,0.000250024
94560,4.943967,0.000250024
94590,4.944002,0.000250025
94620,4.943976,0.000250023
94650,4.943997,0.000250024
94680,4.943995,0.000250024
94710,4.944,0.000250024
94740,4.944005,0.000250025
94770,4.944025,0.000250024
94800,4.944024,0.000250024
94830,4.944067,0.000250024
94860,4.944016,0.000250023
94890,4.944055,0.000250024
94920,4.944078,0.000250024
94950,4.944054,0.000250024
94980,4.944083,0.000250024
95010,4.944094,0.000250024
95040,4.944075,0.000250024
95070,4.944067,0.000250023
95100,4.944103,0.000250024
95130,4.944093,0.000250025
95160,4.944092,0.000250024
95190,4.94407,0.000250023
95220,4.944115,0.000250024
95250,4.944086,0.000250023
95280,4.944104,0.000250023
95310,4.944105,0.000250022
95340,4.944099,0.000250023
95370,4.94415,0.000250024
95400,4.944123,0.000250023
95430,4.944138,0.000250024
95460,4.94418,0.000250025
95490,4.944149,0.000250024
95520,4.944169,0.000250025
95550,4.944148,0.000250024
95580,4.944166,0.000250023
95610,4.944139,0.000250022
95640,4.944184,0.000250024
95670,4.944148,0.000250023
95700,2.000333,4.58e-09
95730,2.020171,4.65e-09
95760,2.040076,4.68e-09
95790,2.060689,4.73e-09
95820,2.080598,4.78e-09
95850,2.100823,4.82e-09
95880,2.120738,4.85e-09
95910,2.14067,4.91e-09
95940,2.161264,4.94e-09
95970,2.181163,4.97e-09
96000,2.201046,5.04e-09
96030,2.221307,5.09e-09
96060,2.241256,5.14e-09
96090,2.261828,5.18e-09
96120,2.281743,5.21e-09
96150,2.301657,5.27e-09
96180,2.321573,5.32e-09
96210,2.341831,5.34e-09
96240,2.36242,5.41e-09
96270,2.382338,5.43e-09
96300,2.402262,5.47e-09
96330,2.422168,5.53e-09
96360,2.442427,5.59e-09
96390,2.462687,5.64e-09
96420,2.482913,5.71e-09
96450,2.502813,5.73e-09
96480,2.522727,5.79e-09
96510,2.54265,5.86e-09
96540,2.563216,5.9e-09
96570,2.583185,5.97e-09
96600,2.60344,6.02e-09
96630,2.62332,6.07e-09
96660,2.643222,6.15e-09
96690,2.663847,6.23e-09
96720,2.683733,6.29e-09
96750,2.703666,6.37e-09
96780,2.723925,6.43e-09
96810,2.743817,6.49e-09
96840,2.76442,6.62e-09
96870,2.784338,6.69e-09
96900,2.804235,6.79e-09
96930,2.824486,6.92e-09
96960,2.8444,7e-09
96990,2.864948,7.13e-09
97020,2.884893,7.28e-09
97050,2.904765,7.41e-09
97080,2.924711,7.57e-09
97110,2.94496,7.73e-09
97140,2.965153,7.88e-09
97170,2.985424,8.11e-09
97200,3.00532,8.32e-09
97230,3.025278,8.56e-09
97260,3.045147,8.84e-09
97290,3.065761,9.11e-09
97320,3.085687,9.42e-09
97350,3.105945,9.82e-09
97380,3.125861,1.02e-08
97410,3.145765,1.06e-08
97440,3.166322,1.11e-08
97470,3.186255,1.16e-08
97500,3.206149,1.23e-08
97530,3.226382,1.29e-08
97560,3.24631,1.37e-08
97590,3.266896,1.45e-08
97620,3.286803,1.54e-08
97650,3.306666,1.65e-08
97680,3.326949,1.77e-08
97710,3.346841,1.9e-08
97740,3.367442,2.05e-08
97770,3.38733,2.22e-08
97800,3.407225,2.4e-08
97830,3.427116,2.61e-08
97860,3.447357,2.85e-08
97890,3.46759,3.11e-08
97920,3.487857,3.42e-08
97950,3.50774,3.75e-08
97980,3.527667,4.12e-08
98010,3.547595,4.55e-08
98040,3.568143,5.04e-08
98070,3.588064,5.59e-08
98100,3.60831,6.21e-08
98130,3.628261,6.9e-08
98160,3.64815,7.68e-08
98190,3.668717,8.59e-08
98220,3.6886,9.59e-08
98250,3.708897,1.07e-07
98280,3.728791,1.2e-07
98310,3.749411,1.35e-07
98340,3.769352,1.52e-07
98370,3.789222,1.7e-07
98400,3.80916,1.91e-07
98430,3.829396,2.15e-07
98460,3.849627,2.43e-07
98490,3.869932,2.74e-07
98520,3.889827,3.09e-07
98550,3.909719,3.48e-07
98580,3.929674,3.93e-07
98610,3.950221,4.46e-07
98640,3.970158,5.04e-07
98670,3.990405,5.71e-07
98700,4.010291,6.46e-07
98730,4.030264,7.3e-07
98760,4.050889,8.3e-07
98790,4.070797,9.4e-07
98820,4.090575,1.06e-06
98850,4.110808,1.21e-06
98880,4.130748,1.37e-06
98910,4.151317,1.56e-06
98940,4.171216,1.77e-06
98970,4.191157,2.01e-06
99000,4.211434,2.29e-06
99030,4.231352,2.6e-06
99060,4.251948,2.96e-06
99090,4.271858,3.36e-06
99120,4.291778,3.82e-06
99150,4.311714,4.34e-06
99180,4.331977,4.95e-06
99210,4.352222,5.64e-06
99240,4.372477,6.43e-06
99270,4.392436,7.31e-06
99300,4.41239,8.32e-06
99330,4.43231,9.47e-06
99360,4.452784,1.08e-05
99390,4.472675,1.23e-05
99420,4.492935,1.4e-05
99450,4.512844,1.6e-05
99480,4.53276,1.82e-05
99510,4.553385,2.08e-05
99540,4.573325,2.37e-05
99570,4.593533,2.7e-05
99600,4.613455,3.08e-05
99630,4.633377,3.51e-05
99660,4.653984,4.01e-05
99690,4.673899,4.57e-05
99720,4.693841,5.21e-05
99750,4.714073,5.94e-05
99780,4.734027,6.77e-05
99810,4.754612,7.74e-05
99840,4.774482,8.81e-05
99870,4.794425,0.000100391
99900,4.814126,0.000114026
99930,4.834381,0.000130152
99960,4.854636,0.000148468
99990,4.874875,0.000169311
100020,4.894793,0.000192624
100050,4.914715,0.000219142
100080,4.934626,0.00024932
100110,4.935194,0.000250023
100140,4.93526,0.000250023
100170,4.935259,0.000250024
100200,4.935306,0.000250025
100230,4.935352,0.000250024
100260,4.935328,0.000250023
100290,4.935372,0.000250024
100320,4.935391,0.000250023
100350,4.935393,0.000250023
100380,4.935403,0.000250024
100410,4.93542,0.000250022
100440,4.935432,0.000250024
100470,4.935413,0.000250021
100500,4.935445,0.000250024
100530,4.935474,0.000250024
100560,4.935475,0.000250023
100590,4.935489,0.000250024
100620,4.935496,0.000250024
100650,4.935489,0.000250023
100680,4.935517,0.000250022
100710,4.935488,0.000250023
100740,4.935533,0.000250025
100770,4.935518,0.000250023
100800,4.935542,0.000250024
100830,4.935553,0.000250023
100860,4.935542,0.000250023
100890,4.93556,0.000250025
100920,4.935558,0.000250024
100950,4.93556,0.000250024
100980,4.935589,0.000250024
101010,4.935586,0.000250023
101040,4.935582,0.000250023
101070,4.935564,0.000250022
101100,4.93561,0.000250023
101130,4.935583,0.000250023
101160,4.935591,0.000250024
101190,4.935575,0.000250022
101220,4.935574,0.000250022
101250,4.935657,0.000250024
101280,4.935606,0.000250022
101310,4.935642,0.000250025
101340,4.935648,0.000250024
101370,4.935644,0.000250023
101400,4.935645,0.000250022
101430,4.935629,0.000250022
101460,4.935651,0.000250024
101490,4.935694,0.000250025
101520,4.935679,0.000250023
101550,4.935716,0.000250024
101580,4.935685,0.000250022
101610,4.935691,0.000250023
101640,4.935667,0.000250023
101670,4.935701,0.000250025
101700,2.000312,5.64e-09
101730,2.020189,5.73e-09
101760,2.040086,5.74e-09
101790,2.060684,5.8e-09
101820,2.080593,5.85e-09
101850,2.100838,5.9e-09
101880,2.120725,5.96e-09
101910,2.140671,5.99e-09
101940,2.161266,6.03e-09
101970,2.18117,6.1e-09
102000,2.201053,6.15e-09
102030,2.221317,6.18e-09
102060,2.241245,6.26e-09
102090,2.261842,6.29e-09
102120,2.28176,6.32e-09
102150,2.301658,6.39e-09
102180,2.321578,6.44e-09
102210,2.341835,6.5e-09
102240,2.362403,6.56e-09
102270,2.382322,6.6e-09
102300,2.402277,6.65e-09
102330,2.422183,6.72e-09
102360,2.44242,6.76e-09
102390,2.462672,6.83e-09
102420,2.482912,6.87e-09
102450,2.502841,6.92e-09
102480,2.522759,6.99e-09
102510,2.542641,7.05e-09
102540,2.563254,7.11e-09
102570,2.583162,7.18e-09
102600,2.60344,7.22e-09
102630,2.623312,7.29e-09
102660,2.64321,7.39e-09
102690,2.663839,7.45e-09
102720,2.683708,7.52e-09
102750,2.703659,7.61e-09
102780,2.723917,7.67e-09
102810,2.743834,7.76e-09
102840,2.764417,7.86e-09
102870,2.78432,7.95e-09
102900,2.804191,8.06e-09
102930,2.824469,8.15e-09
102960,2.844393,8.25e-09
102990,2.864972,8.39e-09
103020,2.884847,8.51e-09
103050,2.9048,8.66e-09
103080,2.924711,8.82e-09
103110,2.944939,8.97e-09
103140,2.965157,9.14e-09
103170,2.985414,9.36e-09
103200,3.005365,9.56e-09
103230,3.025246,9.79e-09
103260,3.04516,1e-08
103290,3.065751,1.03e-08
103320,3.085666,1.06e-08
103350,3.105964,1.1e-08
103380,3.125857,1.13e-08
103410,3.145738,1.18e-08
103440,3.166322,1.22e-08
103470,3.18624,1.27e-08
103500,3.206163,1.33e-08
103530,3.22639,1.39e-08
103560,3.246283,1.46e-08
103590,3.266882,1.54e-08
103620,3.286812,1.63e-08
103650,3.306686,1.73e-08
103680,3.326946,1.84e-08
103710,3.346849,1.96e-08
103740,3.367435,2.1e-08
103770,3.387322,2.26e-08
103800,3.407209,2.43e-08
103830,3.427094,2.62e-08
103860,3.447378,2.84e-08
103890,3.467606,3.09e-08
103920,3.48785,3.37e-08
103950,3.507743,3.68e-08
103980,3.527639,4.03e-08
104010,3.547567,4.43e-08
104040,3.568165,4.89e-08
104070,3.588097,5.39e-08
104100,3.608306,5.97e-08
104130,3.628242,6.61e-08
104160,3.64815,7.34e-08
104190,3.668702,8.18e-08
104220,3.688631,9.11e-08
104250,3.708893,1.02e-07
104280,3.728785,1.14e-07
104310,3.749414,1.28e-07
104340,3.769317,1.43e-07
104370,3.78924,1.6e-07
104400,3.809106,1.8e-07
104430,3.829404,2.02e-07
104460,3.849633,2.28e-07
104490,3.869907,2.57e-07
104520,3.889791,2.89e-07
104550,3.90972,3.25e-07
104580,3.92961,3.67e-07
104610,3.950223,4.16e-07
104640,3.97015,4.7e-07
104670,3.990381,5.32e-07
104700,4.010297,6.01e-07
104730,4.030218,6.8e-07
104760,4.050851,7.72e-07
104790,4.070755,8.74e-07
104820,4.090674,9.9e-07
104850,4.110772,1.12e-06
104880,4.130723,1.27e-06
104910,4.151329,1.45e-06
104940,4.171202,1.64e-06
104970,4.191138,1.86e-06
105000,4.211397,2.12e-06
105030,4.231315,2.41e-06
105060,4.251936,2.75e-06
105090,4.27185,3.12e-06
105120,4.291728,3.54e-06
105150,4.311655,4.03e-06
105180,4.331935,4.59e-06
105210,4.352203,5.23e-06
105240,4.372445,5.96e-06
105270,4.392354,6.78e-06
105300,4.412331,7.71e-06
105330,4.432259,8.78e-06
105360,4.452863,1e-05
105390,4.472652,1.14e-05
105420,4.492925,1.3e-05
105450,4.512841,1.48e-05
105480,4.532746,1.69e-05
105510,4.553335,1.93e-05
105540,4.573283,2.2e-05
105570,4.593531,2.51e-05
105600,4.613428,2.85e-05
105630,4.633368,3.25e-05
105660,4.653983,3.72e-05
105690,4.673892,4.24e-05
105720,4.693803,4.83e-05
105750,4.714062,5.51e-05
105780,4.734012,6.28e-05
105810,4.754599,7.18e-05
105840,4.774461,8.18e-05
105870,4.794375,9.31e-05
105900,4.814046,0.000105783
105930,4.834372,0.000120768
105960,4.854609,0.000137782
105990,4.874869,0.000157136
106020,4.89477,0.000178816
106050,4.91472,0.000203459
106080,4.934627,0.000231407
106110,4.946658,0.000250023
106140,4.946721,0.000250023
106170,4.946736,0.000250021
106200,4.946808,0.000250024
106230,4.946802,0.000250022
106260,4.946858,0.000250023
106290,4.946867,0.000250023
106320,4.946923,0.000250023
106350,4.94695,0.000250023
106380,4.94697,0.000250023
106410,4.946981,0.000250024
106440,4.946977,0.000250023
106470,4.947021,0.000250023
106500,4.947027,0.000250024
106530,4.947053,0.000250024
106560,4.947052,0.000250024
106590,4.947088,0.000250024
106620,4.947086,0.000250022
106650,4.947083,0.000250022
106680,4.947112,0.000250022
106710,4.947146,0.000250024
106740,4.947106,0.000250021
106770,4.947141,0.000250022
106800,4.947173,0.000250023
106830,4.947168,0.000250023
106860,4.947215,0.000250023
106890,4.947202,0.000250024
106920,4.947192,0.000250022
106950,4.94722,0.000250023
106980,4.947237,0.000250024
107010,4.947255,0.000250023
107040,4.947248,0.000250022
107070,4.947278,0.000250023
107100,4.947285,0.000250023
107130,4.947284,0.000250023
107160,4.947302,0.000250023
107190,4.947308,0.000250023
107220,4.94732,0.000250024
107250,4.947323,0.000250023
107280,4.947311,0.000250022
107310,4.947342,0.000250024
107340,4.947353,0.000250023
107370,4.947355,0.000250023
107400,4.947369,0.000250023
107430,4.947374,0.000250023
107460,4.947376,0.000250023
107490,4.947384,0.000250023
107520,4.947419,0.000250023
107550,4.947397,0.000250023
107580,4.947412,0.000250024
107610,4.947393,0.000250023
107640,4.947398,0.000250021
107670,4.947436,0.000250023
107700,2.000289,5.91e-09
107730,2.020173,5.98e-09
107760,2.040079,6.05e-09
107790,2.060693,6.17e-09
107820,2.080593,6.19e-09
107850,2.100861,6.19e-09
107880,2.120744,6.23e-09
107910,2.140667,6.27e-09
107940,2.161288,6.32e-09
107970,2.181175,6.39e-09
108000,2.201103,6.44e-09
108030,2.221364,6.49e-09
108060,2.241262,6.55e-09
108090,2.261841,6.59e-09
108120,2.281749,6.65e-09
108150,2.301665,6.69e-09
108180,2.321593,6.72e-09
108210,2.341831,6.81e-09
108240,2.362447,6.85e-09
108270,2.38236,6.87e-09
108300,2.402282,6.98e-09
108330,2.422195,6.93e-09
108360,2.442417,7.05e-09
108390,2.462672,7.12e-09
108420,2.482928,7.15e-09
108450,2.50284,7.21e-09
108480,2.522742,7.29e-09
108510,2.54267,7.33e-09
108540,2.563267,7.42e-09
108570,2.583179,7.47e-09
108600,2.603441,7.51e-09
108630,2.623315,7.58e-09
108660,2.643253,7.69e-09
108690,2.66386,7.74e-09
108720,2.683738,7.78e-09
108750,2.703668,7.86e-09
108780,2.723929,7.97e-09
108810,2.743873,8.04e-09
108840,2.764438,8.12e-09
108870,2.784338,8.26e-09
108900,2.804217,8.34e-09
108930,2.824494,8.4e-09
108960,2.844413,8.52e-09
108990,2.864984,8.68e-09
109020,2.884876,8.78e-09
109050,2.904797,8.91e-09
109080,2.924702,9.09e-09
109110,2.944957,9.21e-09
109140,2.965202,9.39e-09
109170,2.985448,9.59e-09
109200,3.005366,9.77e-09
109230,3.025283,1e-08
109260,3.045183,1.02e-08
109290,3.065792,1.05e-08
109320,3.085688,1.08e-08
109350,3.105968,1.11e-08
109380,3.125849,1.15e-08
109410,3.145767,1.19e-08
109440,3.166354,1.23e-08
109470,3.186261,1.28e-08
109500,3.206161,1.33e-08
109530,3.226391,1.39e-08
109560,3.246324,1.46e-08
109590,3.266902,1.54e-08
109620,3.286811,1.62e-08
109650,3.306692,1.71e-08
109680,3.326957,1.82e-08
109710,3.346859,1.93e-08
109740,3.367456,2.07e-08
109770,3.387341,2.21e-08
109800,3.407187,2.37e-08
109830,3.42712,2.56e-08
109860,3.447373,2.77e-08
109890,3.467653,3.01e-08
109920,3.487888,3.27e-08
109950,3.507787,3.57e-08
109980,3.527673,3.9e-08
110010,3.547589,4.27e-08
110040,3.568164,4.71e-08
110070,3.588075,5.19e-08
110100,3.608349,5.74e-08
110130,3.628255,6.34e-08
110160,3.648162,7.03e-08
110190,3.668735,7.84e-08
110220,3.688625,8.72e-08
110250,3.708912,9.73e-08
110280,3.728782,1.09e-07
110310,3.749404,1.22e-07
110340,3.769354,1.36e-07
110370,3.789263,1.53e-07
110400,3.809162,1.71e-07
110430,3.829414,1.93e-07
110460,3.84966,2.17e-07
110490,3.869934,2.45e-07
110520,3.889815,2.75e-07
110550,3.90971,3.1e-07
110580,3.929669,3.5e-07
110610,3.950253,3.97e-07
110640,3.97018,4.48e-07
110670,3.990424,5.07e-07
110700,4.010358,5.73e-07
110730,4.030256,6.48e-07
110760,4.050859,7.37e-07
110790,4.070782,8.34e-07
110820,4.090699,9.45e-07
110850,4.110825,1.07e-06
110880,4.130773,1.22e-06
110910,4.151343,1.38e-06
110940,4.171245,1.57e-06
110970,4.191144,1.78e-06
111000,4.211451,2.03e-06
111030,4.231353,2.3e-06
111060,4.251925,2.63e-06
111090,4.271884,2.98e-06
111120,4.291809,3.39e-06
111150,4.31173,3.86e-06
111180,4.331972,4.39e-06
111210,4.352235,5.01e-06
111240,4.372491,5.71e-06
111270,4.392433,6.5e-06
111300,4.412355,7.39e-06
111330,4.432297,8.42e-06
111360,4.452886,9.62e-06
111390,4.472686,1.09e-05
111420,4.492944,1.25e-05
111450,4.512837,1.42e-05
111480,4.532765,1.62e-05
111510,4.553348,1.85e-05
111540,4.573283,2.11e-05
111570,4.59354,2.41e-05
111600,4.613446,2.75e-05
111630,4.63338,3.13e-05
111660,4.653979,3.58e-05
111690,4.673914,4.08e-05
111720,4.693812,4.65e-05
111750,4.714055,5.31e-05
111780,4.733978,6.05e-05
111810,4.754624,6.92e-05
111840,4.774506,7.88e-05
111870,4.794408,8.98e-05
111900,4.814355,0.000102269
111930,4.834402,0.000116444
111960,4.854654,0.000132918
111990,4.874888,0.000151643
112020,4.894786,0.000172589
112050,4.9147,0.000196398
112080,4.934673,0.000223423
112110,4.952124,0.000250024
112140,4.952169,0.000250023
112170,4.95216,0.000250023
112200,4.952227,0.000250023
112230,4.952259,0.000250024
112260,4.952276,0.000250024
112290,4.952269,0.000250022
112320,4.952316,0.000250024
112350,4.952309,0.000250022
112380,4.952368,0.000250024
112410,4.952384,0.000250024
112440,4.952382,0.000250024
112470,4.952379,0.000250023
112500,4.952452,0.000250024
112530,4.952415,0.000250022
112560,4.952474,0.000250023
112590,4.952486,0.000250025
112620,4.952492,0.000250024
112650,4.952507,0.000250024
112680,4.952526,0.000250024
112710,4.952531,0.000250023
112740,4.952552,0.000250024
112770,4.952551,0.000250023
112800,4.952572,0.000250024
112830,4.952589,0.000250024
112860,4.952595,0.000250023
112890,4.952625,0.000250023
112920,4.952592,0.000250021
112950,4.952615,0.000250022
112980,4.952685,0.000250024
113010,4.952675,0.000250024
113040,4.952652,0.000250022
113070,4.952703,0.000250023
113100,4.952719,0.000250025
113130,4.952692,0.000250023
113160,4.952729,0.000250023
113190,4.952729,0.000250024
113220,4.952728,0.000250022
113250,4.952775,0.000250023
113280,4.952786,0.000250023
113310,4.952752,0.000250022
113340,4.952791,0.000250024
113370,4.952785,0.000250024
113400,4.952823,0.000250024
113430,4.952828,0.000250023
113460,4.952834,0.000250024
113490,4.952844,0.000250024
113520,4.952849,0.000250022
113550,4.952857,0.000250022
113580,4.95287,0.000250023
113610,4.952888,0.000250023
113640,4.952896,0.000250023
113670,4.95288,0.000250023
