time_minutes,Gate_Voltage,Collector_Current_microampere
0,2.020181,0.005885970999999999
30,2.040083,0.005927931
60,2.060686,0.0059131620000000005
90,2.080598,0.0058963539999999995
120,2.100827,0.006043535
150,2.120736,0.006093506
180,2.140708,0.006155923
210,2.16128,0.006243973
240,2.181162,0.006336607
270,2.201077,0.006347744000000001
300,2.22133,0.00637071
330,2.241278,0.006374451000000001
360,2.261826,0.0064211879999999995
390,2.281733,0.006446693000000001
420,2.301644,0.006547081
450,2.321592,0.006615556999999999
480,2.341828,0.00668259
510,2.362436,0.006727487999999999
540,2.382347,0.006820720000000001
570,2.402278,0.00682271
600,2.422204,0.006848469
630,2.442444,0.006909388
660,2.462646,0.006942586
690,2.482916,0.006996744
720,2.502876,0.007109371999999999
750,2.522765,0.0071565579999999995
780,2.542662,0.007190762
810,2.563241,0.007301347999999999
840,2.583183,0.007343626999999999
870,2.60342,0.007390949
900,2.623317,0.007421384
930,2.643224,0.007463644999999999
960,2.663872,0.007567866999999999
990,2.683764,0.007626402000000001
1020,2.703671,0.007702425
1050,2.723915,0.007811567
1080,2.743845,0.007886849
1110,2.764418,0.007934679
1140,2.784321,0.008067293
1170,2.804224,0.008132816
1200,2.824494,0.008236526000000001
1230,2.844408,0.008321841
1260,2.864987,0.008406808
1290,2.884911,0.008539979000000001
1320,2.904808,0.008667569
1350,2.924711,0.008810221
1380,2.944949,0.008985344
1410,2.965188,0.009122741
1440,2.985443,0.009239134999999999
1470,3.005338,0.009461737
1500,3.025241,0.009636961
1530,3.045179,0.009868346
1560,3.065782,0.01011025
1590,3.085688,0.010355040000000001
1620,3.105939,0.01065105
1650,3.125844,0.011000399999999999
1680,3.145763,0.01134306
1710,3.166373,0.01175388
1740,3.186239,0.01216911
1770,3.206169,0.012587800000000001
1800,3.226378,0.01314971
1830,3.246276,0.01372879
1860,3.266917,0.01441803
1890,3.286784,0.01516142
1920,3.30672,0.01596355
1950,3.326917,0.01687039
1980,3.346847,0.01797592
2010,3.36748,0.01908025
2040,3.387353,0.02036123
2070,3.407206,0.02174692
2100,3.427127,0.02337556
2130,3.447392,0.02523178
2160,3.467632,0.02732391
2190,3.487849,0.02966355
2220,3.507804,0.03225354
2250,3.527704,0.03515483
2280,3.547589,0.03840051
2310,3.568141,0.04223531
2340,3.588107,0.04641059
2370,3.608337,0.05119299
2400,3.628252,0.05655226
2430,3.648158,0.0625061
2460,3.668743,0.06953003
2490,3.68866,0.07723263
2520,3.70891,0.08608259
2550,3.728804,0.09590725
2580,3.749405,0.1074481
2610,3.769345,0.1200821
2640,3.789271,0.13441
2670,3.809168,0.150599
2700,3.829384,0.16925839999999998
2730,3.849644,0.1904574
2760,3.869921,0.2145298
2790,3.889823,0.2413483
2820,3.909735,0.271792
2850,3.929634,0.30628099999999997
2880,3.95024,0.3468321
2910,3.97019,0.3915252
2940,3.990417,0.4429806
2970,4.010337,0.5006106
3000,4.030266,0.5660706000000001
3030,4.050858,0.6430846
3060,4.070786,0.7278886
3090,4.090693,0.8242269999999999
3120,4.110976,0.9357886000000001
3150,4.13073,1.059607
3180,4.151372,1.2065860000000002
3210,4.17125,1.368376
3240,4.191178,1.552554
3270,4.211425,1.766159
3300,4.231336,2.005032
3330,4.251933,2.287071
3360,4.271846,2.5980559999999997
3390,4.291782,2.952445
3420,4.311717,3.356128
3450,4.331992,3.8241219999999996
3480,4.352223,4.357703
3510,4.37242,4.967564
3540,4.392414,5.6516589999999995
3570,4.412311,6.43147
3600,4.432258,7.320898
3630,4.452907,8.370707999999999
3660,4.472833,9.532869999999999
3690,4.492962,10.85799
3720,4.512863,12.36599
3750,4.532762,14.0847
3780,4.553361,16.11418
3810,4.573306,18.358320000000003
3840,4.59353,20.959899999999998
3870,4.613455,23.88206
3900,4.63335,27.2086
3930,4.654008,31.14604
3960,4.673873,35.487210000000005
3990,4.693801,40.430150000000005
4020,4.714057,46.172160000000005
4050,4.734005,52.61518
4080,4.754614,60.22027
4110,4.774482,68.58341
4140,4.794396,78.13604000000001
4170,4.814296,89.01392000000001
4200,4.834622,101.6271
4230,4.854628,115.7151
4260,4.874881,132.0859
4290,4.894793,150.3502
4320,4.914711,171.14260000000002
4350,4.934645,194.74
4380,4.955229,222.4701
4410,4.973337,250.0224
4440,4.973408,250.02409999999998
4470,4.973413,250.0246
4500,4.973471,250.0243
4530,4.973481,250.02230000000003
4560,4.973468,250.02329999999998
4590,4.973508,250.0238
4620,4.973548,250.0236
4650,4.97353,250.02169999999998
4680,4.973585,250.02329999999998
4710,4.973554,250.0218
4740,4.973597,250.02279999999996
4770,4.973607,250.0238
4800,4.973621,250.02279999999996
4830,4.973601,250.0219
4860,4.973613,250.0218
4890,4.973647,250.02290000000002
4920,4.97368,250.02450000000002
4950,4.973681,250.0242
4980,4.973691,250.02290000000002
5010,4.973719,250.0238
5040,4.973693,250.02279999999996
5070,4.973739,250.02310000000003
5100,4.973757,250.02390000000003
5130,4.973729,250.02249999999998
5160,4.973772,250.025
5190,4.973725,250.0218
5220,4.973768,250.023
5250,4.973743,250.02169999999998
5280,4.973767,250.023
5310,4.973807,250.02370000000002
5340,4.973799,250.02290000000002
5370,4.973803,250.02139999999997
5400,4.97383,250.0236
5430,4.973805,250.02120000000002
5460,4.973841,250.023
5490,4.973825,250.0213
5520,4.973832,250.02230000000003
5550,4.973884,250.0236
5580,4.973903,250.02489999999997
5610,4.973851,250.02139999999997
5640,4.973894,250.02279999999996
5670,4.973917,250.0227
5700,4.973933,250.0246
5730,4.973966,250.02310000000003
5760,4.973927,250.0219
5790,4.973969,250.0227
5820,4.973979,250.02409999999998
5850,4.974007,250.02329999999998
5880,4.973997,250.0234
5910,4.97398,250.02139999999997
5940,4.973998,250.0234
5970,2.020185,0.005937019
6000,2.040109,0.0059828649999999995
6030,2.060709,0.006046867
6060,2.080625,0.006068394
6090,2.100849,0.006097084
6120,2.120785,0.0061978269999999995
6150,2.140717,0.006255648999999999
6180,2.161309,0.006323225
6210,2.181186,0.0063843879999999995
6240,2.201116,0.006387733
6270,2.221345,0.00645072
6300,2.24127,0.006430928
6330,2.26187,0.006534908
6360,2.281753,0.006601775000000001
6390,2.301692,0.006646041
6420,2.321605,0.00666872
6450,2.341841,0.006764535
6480,2.362457,0.006827032
6510,2.382367,0.006878748
6540,2.402282,0.006937266
6570,2.422213,0.006967157
6600,2.44243,0.0070032539999999996
6630,2.462684,0.007077736
6660,2.482938,0.007120348
6690,2.502881,0.007187975
6720,2.522763,0.007232274
6750,2.542677,0.007278423
6780,2.563251,0.007372099
6810,2.583211,0.007435702
6840,2.603438,0.0074751290000000005
6870,2.623329,0.00755132
6900,2.643255,0.007577369999999999
6930,2.663819,0.0076218
6960,2.683763,0.0077145650000000005
6990,2.703653,0.007769031
7020,2.723923,0.007854377
7050,2.743816,0.007940836
7080,2.764441,0.008007216
7110,2.784364,0.008076690999999999
7140,2.804224,0.00816634
7170,2.824497,0.00823287
7200,2.844419,0.008336099999999999
7230,2.864985,0.008419628
7260,2.8849,0.008501236
7290,2.904806,0.008620668
7320,2.924726,0.008731550999999999
7350,2.944955,0.008847162
7380,2.965205,0.008990162
7410,2.985433,0.009090797
7440,3.005328,0.009244800000000001
7470,3.025263,0.009409778
7500,3.04518,0.009586202
7530,3.065786,0.00976896
7560,3.085695,0.009987857000000001
7590,3.105977,0.01018478
7620,3.125852,0.01044324
7650,3.145758,0.01071946
7680,3.16635,0.010998609999999999
7710,3.186263,0.011336730000000001
7740,3.206146,0.01163761
7770,3.226403,0.0119912
7800,3.246316,0.01233643
7830,3.266887,0.012845230000000001
7860,3.286824,0.01337328
7890,3.30671,0.013986640000000002
7920,3.326956,0.01467085
7950,3.346868,0.01546033
7980,3.36744,0.01632441
8010,3.387345,0.01719275
8040,3.407194,0.018661729999999998
8070,3.427105,0.019891
8100,3.447376,0.02106801
8130,3.467619,0.02247159
8160,3.487844,0.02410499
8190,3.507747,0.025918709999999998
8220,3.527687,0.028022870000000002
8250,3.547559,0.03033222
8280,3.568156,0.0330464
8310,3.588054,0.03603518
8340,3.608339,0.03940201
8370,3.628231,0.043209449999999996
8400,3.648121,0.04748048
8430,3.668727,0.05247721
8460,3.688624,0.057911790000000005
8490,3.708904,0.0642394
8520,3.728798,0.07117086
8550,3.749431,0.07936299
8580,3.76932,0.08830843999999999
8610,3.789272,0.09842005999999999
8640,3.809168,0.1098845
8670,3.829392,0.122979
8700,3.849643,0.1380122
8730,3.869892,0.1549925
8760,3.889839,0.1738828
8790,3.909698,0.1952703
8820,3.929646,0.21961
8850,3.950241,0.24813230000000003
8880,3.970165,0.2795746
8910,3.990398,0.315803
8940,4.010274,0.3562843
8970,4.03023,0.402261
9000,4.05081,0.4563627
9030,4.07072,0.5158860000000001
9060,4.090615,0.583456
9090,4.11089,0.6617244000000001
9120,4.130885,0.7493292
9150,4.151466,0.8525172
9180,4.171378,0.9661455999999999
9210,4.191173,1.094357
9240,4.211406,1.2440419999999999
9270,4.231318,1.411534
9300,4.251912,1.609098
9330,4.271837,1.8271700000000002
9360,4.291775,2.075381
9390,4.311714,2.358115
9420,4.331966,2.685918
9450,4.352195,3.059954
9480,4.37247,3.4869999999999997
9510,4.392389,3.966135
9540,4.412268,4.512429
9570,4.432243,5.135228000000001
9600,4.452852,5.871483
9630,4.47277,6.684734000000001
9660,4.49303,7.628552
9690,4.512951,8.687192
9720,4.532932,9.894758000000001
9750,4.55336,11.30031
9780,4.573287,12.8773
9810,4.593503,14.7037
9840,4.61346,16.7563
9870,4.633363,19.09462
9900,4.653964,21.860400000000002
9930,4.673826,24.911929999999998
9960,4.69378,28.39235
9990,4.71403,32.439389999999996
10020,4.733975,36.97383
10050,4.754569,42.33795
10080,4.774413,48.240649999999995
10110,4.794353,54.9928
10140,4.814272,62.68082999999999
10170,4.834523,71.6028
10200,4.854828,81.78193
10230,4.875076,93.39567
10260,4.894764,106.1556
10290,4.914696,120.99040000000001
10320,4.934626,137.80530000000002
10350,4.955226,157.6099
10380,4.975142,179.4314
10410,4.995404,204.6854
10440,5.015338,232.89679999999998
10470,5.026341,250.02290000000002
10500,5.02636,250.02249999999998
10530,5.026377,250.02139999999997
10560,5.026386,250.02249999999998
10590,5.026391,250.02139999999997
10620,5.026462,250.02279999999996
10650,5.026486,250.0236
10680,5.026518,250.02329999999998
10710,5.026484,250.0213
10740,5.026502,250.0222
10770,5.026524,250.02200000000002
10800,5.026556,250.02290000000002
10830,5.026555,250.02290000000002
10860,5.026521,250.02120000000002
10890,5.026549,250.0211
10920,5.026565,250.0226
10950,5.02659,250.02279999999996
10980,5.026588,250.0232
11010,5.026583,250.0216
11040,5.026625,250.02329999999998
11070,5.026577,250.0218
11100,5.026642,250.0246
11130,5.026607,250.02249999999998
11160,5.026602,250.02370000000002
11190,5.026622,250.02329999999998
11220,5.026619,250.0219
11250,5.026649,250.0222
11280,5.026671,250.02290000000002
11310,5.026646,250.02279999999996
11340,5.026642,250.0224
11370,5.026695,250.0238
11400,5.026671,250.02230000000003
11430,5.026676,250.0238
11460,5.026677,250.02230000000003
11490,5.026693,250.02290000000002
11520,5.026697,250.0234
11550,5.026658,250.0221
11580,5.026699,250.0234
11610,5.026698,250.02290000000002
11640,5.026704,250.02279999999996
11670,5.026714,250.02249999999998
11700,5.026714,250.0227
11730,5.026754,250.0234
11760,5.026746,250.0227
11790,5.026745,250.0232
11820,5.026767,250.02310000000003
11850,5.026755,250.02470000000002
11880,5.02677,250.02329999999998
11910,5.026754,250.02279999999996
11940,2.020205,0.006093055
11970,2.040105,0.006148801
12000,2.060691,0.006189122
12030,2.080598,0.006236554
12060,2.100851,0.006293348
12090,2.12077,0.006313526
12120,2.140715,0.006376477
12150,2.161283,0.006424605999999999
12180,2.181167,0.006447779
12210,2.201076,0.00653062
12240,2.22135,0.006573287
12270,2.241273,0.006604808
12300,2.261842,0.006677446
12330,2.281755,0.0067305559999999995
12360,2.301654,0.0067526819999999994
12390,2.321578,0.006815085
12420,2.341845,0.006850014
12450,2.362453,0.006883754
12480,2.38237,0.006971034
12510,2.402262,0.007003489999999999
12540,2.422202,0.007063467
12570,2.442431,0.0071409789999999996
12600,2.462685,0.007162961999999999
12630,2.482913,0.007225895
12660,2.50286,0.007279856
12690,2.522732,0.007319084
12720,2.542704,0.007375781
12750,2.563264,0.00742118
12780,2.58315,0.007455323
12810,2.603449,0.007545733
12840,2.623302,0.007593352
12870,2.643246,0.007659592
12900,2.663854,0.007740698999999999
12930,2.683764,0.00776452
12960,2.703647,0.00781956
12990,2.723943,0.007917968
13020,2.743802,0.007955338
13050,2.7644,0.008047885
13080,2.78432,0.008119741
13110,2.804225,0.008169915000000002
13140,2.824493,0.008272999
13170,2.844417,0.008350316
13200,2.864977,0.008427683
13230,2.884893,0.00854677
13260,2.904813,0.008610415000000001
13290,2.924705,0.008684736
13320,2.944973,0.008827676999999999
13350,2.965217,0.008923073
13380,2.985457,0.009063297
13410,3.005382,0.009212414
13440,3.025268,0.009335289
13470,3.045171,0.009479434
13500,3.065762,0.009672267
13530,3.085688,0.009837699
13560,3.105926,0.010042539999999999
13590,3.125831,0.01025213
13620,3.145752,0.010464359999999999
13650,3.166339,0.01075724
13680,3.186249,0.0110258
13710,3.206146,0.0113387
13740,3.226408,0.01170946
13770,3.246306,0.01205758
13800,3.266904,0.01248986
13830,3.286824,0.01297721
13860,3.306745,0.01349549
13890,3.326962,0.014083710000000001
13920,3.346868,0.01475264
13950,3.367443,0.01547755
13980,3.387337,0.01629699
14010,3.407223,0.01719631
14040,3.427101,0.01819192
14070,3.447393,0.01936856
14100,3.467643,0.02063575
14130,3.487854,0.02206754
14160,3.507745,0.02369205
14190,3.527694,0.02549227
14220,3.547586,0.027508190000000002
14250,3.568178,0.02987056
14280,3.588099,0.0324237
14310,3.608368,0.03536891
14340,3.628261,0.03865194
14370,3.648157,0.04231658
14400,3.668736,0.04661932
14430,3.68863,0.05131661
14460,3.708895,0.05670271
14490,3.728811,0.06270694
14520,3.749422,0.06975529
14550,3.769358,0.07744129000000001
14580,3.789271,0.08615070999999999
14610,3.809155,0.09597149999999999
14640,3.829425,0.1072737
14670,3.849653,0.1201432
14700,3.869908,0.1347161
14730,3.889815,0.1509563
14760,3.909697,0.16934570000000002
14790,3.929613,0.1901957
14820,3.950226,0.2146792
14850,3.97014,0.24164980000000003
14880,3.990395,0.27271320000000004
14910,4.010305,0.307415
14940,4.030215,0.3468218
14970,4.050796,0.3931825
15000,4.070696,0.444172
15030,4.090622,0.5020777000000001
15060,4.110912,0.5691878
15090,4.13085,0.6443036
15120,4.151479,0.7326236
15150,4.171385,0.8298695
15180,4.191319,0.9407654999999999
15210,4.211432,1.067989
15240,4.231354,1.2116049999999998
15270,4.25192,1.380697
15300,4.271856,1.567367
15330,4.291736,1.779743
15360,4.31166,2.0218369999999997
15390,4.331937,2.302044
15420,4.35218,2.622267
15450,4.372438,2.987823
15480,4.392344,3.398212
15510,4.412277,3.8657290000000004
15540,4.432236,4.398818
15570,4.45285,5.0293030000000005
15600,4.472771,5.724989
15630,4.493041,6.533616
15660,4.512972,7.440794
15690,4.532885,8.474368
15720,4.553511,9.696988
15750,4.573308,11.030899999999999
15780,4.593537,12.59791
15810,4.613452,14.35745
15840,4.633333,16.36247
15870,4.653977,18.73703
15900,4.673865,21.35624
15930,4.693785,24.34149
15960,4.714026,27.81317
15990,4.733955,31.71038
16020,4.754577,36.31664
16050,4.774438,41.38837
16080,4.794311,47.18663
16110,4.814288,53.79589
16140,4.834542,61.47419
16170,4.854812,70.2411
16200,4.875074,80.23181
16230,4.894981,91.44277
16260,4.914944,104.2304
16290,4.934638,118.49510000000001
16320,4.955209,135.603
16350,4.975132,154.45680000000002
16380,4.99542,176.269
16410,5.015312,200.64440000000002
16440,5.035233,228.3407
16470,5.049236,250.02279999999996
16500,5.049306,250.02310000000003
16530,5.049335,250.023
16560,5.049379,250.0232
16590,5.049396,250.0248
16620,5.049417,250.0236
16650,5.049425,250.02279999999996
16680,5.049462,250.0232
16710,5.049483,250.02279999999996
16740,5.049456,250.0216
16770,5.049492,250.0213
16800,5.0495,250.02169999999998
16830,5.049489,250.0221
16860,5.049524,250.023
16890,5.049533,250.024
16920,5.049563,250.0234
16950,5.049531,250.0224
16980,5.049573,250.0238
17010,5.049564,250.023
17040,5.049589,250.02409999999998
17070,5.049551,250.0208
17100,5.049583,250.0219
17130,5.049606,250.02329999999998
17160,5.049638,250.02329999999998
17190,5.049632,250.0232
17220,5.049632,250.0226
17250,5.049647,250.02249999999998
17280,5.049616,250.02120000000002
17310,5.049636,250.0221
17340,5.049677,250.02409999999998
17370,5.049656,250.0218
17400,5.049674,250.02290000000002
17430,5.049685,250.02279999999996
17460,5.049705,250.0236
17490,5.04973,250.02439999999999
17520,5.049723,250.023
17550,5.049716,250.023
17580,5.049679,250.0213
17610,5.049712,250.0213
17640,5.049737,250.02279999999996
17670,5.049736,250.02249999999998
17700,5.049733,250.02370000000002
17730,5.04974,250.0232
17760,5.049746,250.0238
17790,5.049738,250.0226
17820,5.049742,250.02290000000002
17850,5.049729,250.02169999999998
17880,5.049754,250.0246
17910,2.020159,0.006105468
17940,2.040094,0.006178072
17970,2.060699,0.0062367429999999995
18000,2.080637,0.006261514
18030,2.100831,0.006306798
18060,2.120746,0.006380238
18090,2.140675,0.006404697
18120,2.161292,0.00645664
18150,2.181175,0.00652937
18180,2.201065,0.006548802
18210,2.221344,0.006623494000000001
18240,2.241262,0.006687338
18270,2.261858,0.006742682
18300,2.281728,0.006781067
18330,2.30166,0.006845406
18360,2.321609,0.0068876810000000005
18390,2.341855,0.0069528160000000006
18420,2.362435,0.0069908470000000006
18450,2.382366,0.00702253
18480,2.402285,0.007098752
18510,2.422209,0.007135656
18540,2.44241,0.007209583
18570,2.462675,0.007274681
18600,2.482931,0.007312172
18630,2.502823,0.007343733000000001
18660,2.52277,0.0074189930000000005
18690,2.54265,0.007466413
18720,2.563222,0.00752508
18750,2.583176,0.007591962000000001
18780,2.603454,0.007635572999999999
18810,2.62333,0.007714830000000001
18840,2.643234,0.007752177000000001
18870,2.663835,0.00782596
18900,2.683743,0.007897225
18930,2.703647,0.007954288
18960,2.723896,0.007979609
18990,2.743861,0.008079166
19020,2.76442,0.008146233000000001
19050,2.784355,0.008214106
19080,2.804262,0.008296297000000001
19110,2.824489,0.008359996
19140,2.844433,0.008438010000000001
19170,2.864982,0.008519355000000001
19200,2.884902,0.008615229
19230,2.904793,0.008714518000000001
19260,2.924734,0.00881419
19290,2.944962,0.008874789000000001
19320,2.96517,0.009004406999999999
19350,2.985458,0.00912013
19380,3.00536,0.009235634
19410,3.025258,0.009388432
19440,3.045166,0.009513272
19470,3.065769,0.009656593
19500,3.085703,0.009802089
19530,3.105948,0.009985215
19560,3.125872,0.010168
19590,3.145741,0.0104058
19620,3.166308,0.010611579999999999
19650,3.186275,0.01086723
19680,3.206161,0.01114124
19710,3.226402,0.01144103
19740,3.246301,0.01178304
19770,3.266912,0.0121475
19800,3.286783,0.01252593
19830,3.306696,0.01299121
19860,3.326961,0.01349362
19890,3.346846,0.01402638
19920,3.36746,0.01467768
19950,3.387387,0.01534107
19980,3.407211,0.016093470000000002
20010,3.427124,0.01695788
20040,3.447398,0.01791886
20070,3.467647,0.01900222
20100,3.487873,0.02021553
20130,3.507785,0.02153322
20160,3.527693,0.02303872
20190,3.547606,0.024728
20220,3.568171,0.02667383
20250,3.588091,0.02881284
20280,3.608354,0.031243499999999997
20310,3.628251,0.03391209
20340,3.648161,0.036970119999999995
20370,3.668725,0.04052112
20400,3.688646,0.04438086
20430,3.708911,0.04883312
20460,3.728807,0.053744150000000004
20490,3.749431,0.05950713
20520,3.769319,0.06584248
20550,3.789237,0.07294568
20580,3.809135,0.08100402
20610,3.829401,0.09027516000000001
20640,3.849649,0.10072959999999999
20670,3.869918,0.112646
20700,3.889809,0.125893
20730,3.909685,0.1408506
20760,3.929621,0.15784890000000001
20790,3.95022,0.177756
20820,3.970141,0.19962100000000002
20850,3.990375,0.224867
20880,4.010316,0.2530006
20910,4.030214,0.2849537
20940,4.050776,0.322506
20970,4.07069,0.36373910000000004
21000,4.090621,0.41056349999999997
21030,4.110876,0.4647963
21060,4.13083,0.5253883
21090,4.151438,0.5967314
21120,4.171345,0.6751400000000001
21150,4.191283,0.7643753
21180,4.211563,0.8677268
21210,4.231524,0.9833228
21240,4.251889,1.1182919999999998
21270,4.27184,1.268326
21300,4.29177,1.438922
21330,4.311698,1.6332820000000001
21360,4.331947,1.858042
21390,4.3522,2.114745
21420,4.372428,2.407313
21450,4.392328,2.735948
21480,4.412296,3.1100790000000003
21510,4.432197,3.5364850000000003
21540,4.452838,4.039845
21570,4.472763,4.595689
21600,4.493034,5.241133
21630,4.512929,5.964736
21660,4.532858,6.788553
21690,4.553482,7.763403000000001
21720,4.573436,8.841564
21750,4.593692,10.091990000000001
21780,4.613443,11.47556
21810,4.633348,13.07337
21840,4.653964,14.96124
21870,4.673876,17.047
21900,4.693788,19.42222
21930,4.714024,22.18197
21960,4.733964,25.28369
21990,4.754553,28.9396
22020,4.774406,32.97351
22050,4.794333,37.585539999999995
22080,4.814245,42.838589999999996
22110,4.834527,48.941340000000004
22140,4.854743,55.90104
22170,4.87503,63.853539999999995
22200,4.894976,72.76946
22230,4.914921,82.93997
22260,4.934835,94.50383000000001
22290,4.955215,107.8759
22320,4.975141,122.9343
22350,4.995436,140.3221
22380,5.015324,159.7552
22410,5.03522,181.8214
22440,5.055822,207.83370000000002
22470,5.075696,236.47910000000002
22500,5.084399,250.0222
22530,5.084464,250.0242
22560,5.084477,250.02290000000002
22590,5.084483,250.02150000000003
22620,5.084543,250.02290000000002
22650,5.084558,250.02370000000002
22680,5.084587,250.0227
22710,5.084593,250.0232
22740,5.08462,250.02390000000003
22770,5.084623,250.023
22800,5.084628,250.02290000000002
22830,5.084618,250.0221
22860,5.084668,250.0238
22890,5.084635,250.02100000000002
22920,5.084682,250.0236
22950,5.0847,250.02409999999998
22980,5.084691,250.0232
23010,5.08471,250.0242
23040,5.084737,250.02249999999998
23070,5.084723,250.0234
23100,5.084735,250.0234
23130,5.084747,250.02230000000003
23160,5.084745,250.0221
23190,5.084748,250.0218
23220,5.084735,250.02200000000002
23250,5.084766,250.02310000000003
23280,5.084786,250.02279999999996
23310,5.084742,250.0211
23340,5.084786,250.0232
23370,5.084756,250.02169999999998
23400,5.0848,250.0236
23430,5.084772,250.0222
23460,5.084805,250.02279999999996
23490,5.08477,250.0222
23520,5.084787,250.023
23550,5.084769,250.0219
23580,5.08481,250.02439999999999
23610,5.084781,250.02139999999997
23640,5.084798,250.02450000000002
23670,5.08482,250.0234
23700,5.084843,250.0227
23730,5.084822,250.02279999999996
23760,5.084798,250.02150000000003
23790,5.084847,250.02290000000002
23820,5.084807,250.0218
23850,5.084841,250.02279999999996
23880,2.020186,0.006623395999999999
23910,2.040115,0.00666844
23940,2.0607,0.006691665
23970,2.080607,0.006743723
24000,2.100878,0.006826225
24030,2.120754,0.006869827
24060,2.140698,0.0069383399999999994
24090,2.161277,0.007007823
24120,2.181177,0.0070362160000000005
24150,2.201123,0.007091097
24180,2.221352,0.00714341
24210,2.241285,0.007190644
24240,2.261859,0.007260409
24270,2.281734,0.007295253
24300,2.301634,0.007331804
24330,2.321573,0.007417975
24360,2.34181,0.007460253
24390,2.362392,0.0075161709999999994
24420,2.382356,0.007582571
24450,2.402267,0.007612654999999999
24480,2.422147,0.007665703
24510,2.442442,0.007766892
24540,2.462668,0.007803635
24570,2.48292,0.007877725
24600,2.502847,0.00792298
24630,2.522756,0.007948872
24660,2.542671,0.008029697
24690,2.563224,0.008077029
24720,2.583155,0.008136224
24750,2.603418,0.008223903
24780,2.623313,0.008272078
24810,2.643214,0.008302696
24840,2.663844,0.008394352
24870,2.683729,0.008444278
24900,2.703673,0.008521996
24930,2.723924,0.008590964000000001
24960,2.743867,0.008650681
24990,2.764453,0.008719868
25020,2.784337,0.008807464
25050,2.804215,0.00887119
25080,2.824485,0.008971148
25110,2.844411,0.009030437
25140,2.864992,0.009087905
25170,2.884911,0.009198456
25200,2.904813,0.009296338
25230,2.924721,0.009371575
25260,2.944975,0.009501545
25290,2.965223,0.009586588
25320,2.985419,0.009698681
25350,3.005366,0.009831412
25380,3.025287,0.009944887
25410,3.045192,0.01008779
25440,3.06578,0.01026421
25470,3.085712,0.01040055
25500,3.10598,0.01058742
25530,3.125897,0.010775769999999999
25560,3.145789,0.01096857
25590,3.16637,0.01121548
25620,3.186238,0.011443739999999999
25650,3.206149,0.01168838
25680,3.226402,0.01201053
25710,3.246336,0.012328269999999999
25740,3.266912,0.012694710000000001
25770,3.286813,0.01308816
25800,3.306713,0.0135008
25830,3.326977,0.0139925
25860,3.346874,0.0145433
25890,3.36745,0.01512858
25920,3.387366,0.01579234
25950,3.407212,0.016530490000000002
25980,3.427112,0.01732728
26010,3.447379,0.0182632
26040,3.467652,0.01930871
26070,3.487896,0.02046175
26100,3.507773,0.02174644
26130,3.527685,0.02315965
26160,3.54764,0.024756990000000003
26190,3.568173,0.026650339999999998
26220,3.588096,0.028667779999999997
26250,3.608321,0.031012369999999997
26280,3.628229,0.033589390000000004
26310,3.648131,0.03645368
26340,3.668749,0.03982237
26370,3.68865,0.043525940000000006
26400,3.70889,0.04774201
26430,3.728798,0.05243421
26460,3.749428,0.05791846
26490,3.769315,0.06387405
26520,3.789253,0.07064295
26550,3.809163,0.07826605
26580,3.8294,0.08702707
26610,3.849638,0.0969622
26640,3.869887,0.10819290000000001
26670,3.889817,0.1206995
26700,3.909725,0.13488039999999998
26730,3.929644,0.1508901
26760,3.950199,0.169688
26790,3.970158,0.19035300000000002
26820,3.990419,0.21412029999999999
26850,4.010287,0.2406036
26880,4.030185,0.27066680000000004
26910,4.050773,0.3059871
26940,4.070743,0.3448192
26970,4.090605,0.3888362
27000,4.110864,0.4396803
27030,4.130852,0.4966607
27060,4.151404,0.5635156
27090,4.171344,0.6370949
27120,4.191272,0.7207242
27150,4.211548,0.8175792
27180,4.231496,0.9258075
27210,4.251928,1.0519589999999999
27240,4.27186,1.19244
27270,4.29176,1.3519379999999999
27300,4.311694,1.533504
27330,4.331955,1.74355
27360,4.352196,1.9831539999999999
27390,4.37245,2.256279
27420,4.392365,2.562633
27450,4.412279,2.911141
27480,4.432198,3.308453
27510,4.452818,3.776855
27540,4.47277,4.294835
27570,4.493027,4.894778
27600,4.512947,5.567429
27630,4.532861,6.334131
27660,4.55347,7.239329
27690,4.573394,8.240803000000001
27720,4.593665,9.402213
27750,4.613446,10.685519999999999
27780,4.633372,12.1682
27810,4.653994,13.921140000000001
27840,4.673872,15.854090000000001
27870,4.693789,18.05817
27900,4.714041,20.61735
27930,4.733971,23.488
27960,4.754558,26.87734
27990,4.774399,30.61052
28020,4.79435,34.87926
28050,4.814244,39.734519999999996
28080,4.834527,45.384350000000005
28110,4.854784,51.82192
28140,4.875045,59.16835
28170,4.894964,67.41752000000001
28200,4.914872,76.81004
28230,4.934859,87.4996
28260,4.955418,100.09379999999999
28290,4.975126,113.71509999999999
28320,4.995391,129.8197
28350,5.015306,147.7788
28380,5.035208,168.1862
28410,5.055807,192.22400000000002
28440,5.075762,218.6712
28470,5.095985,249.31740000000002
28500,5.096558,250.023
28530,5.096608,250.02439999999999
28560,5.096615,250.0219
28590,5.096641,250.023
28620,5.096666,250.0234
28650,5.09671,250.0234
28680,5.096734,250.02409999999998
28710,5.096725,250.0236
28740,5.096733,250.02249999999998
28770,5.096735,250.023
28800,5.096789,250.02390000000003
28830,5.096794,250.02290000000002
28860,5.09681,250.0232
28890,5.096833,250.023
28920,5.096821,250.02200000000002
28950,5.096869,250.02279999999996
28980,5.096842,250.02139999999997
29010,5.096884,250.02310000000003
29040,5.096881,250.02310000000003
29070,5.096865,250.0226
29100,5.096911,250.02329999999998
29130,5.096894,250.0219
29160,5.096932,250.02329999999998
29190,5.096963,250.0234
29220,5.096937,250.02390000000003
29250,5.096966,250.02349999999998
29280,5.096972,250.02279999999996
29310,5.096964,250.02230000000003
29340,5.096997,250.02370000000002
29370,5.096996,250.0243
29400,5.097017,250.02439999999999
29430,5.097002,250.02230000000003
29460,5.097039,250.0238
29490,5.097032,250.02290000000002
29520,5.097053,250.024
29550,5.097055,250.02409999999998
29580,5.097064,250.024
29610,5.09707,250.0234
29640,5.097048,250.02249999999998
29670,5.09706,250.02329999999998
29700,5.097091,250.0246
29730,5.097084,250.02230000000003
29760,5.097081,250.02349999999998
29790,5.09712,250.02530000000002
29820,5.097116,250.02290000000002
29850,2.020182,0.007062614
29880,2.040097,0.007228279
29910,2.060707,0.00721709
29940,2.080626,0.007288752
29970,2.100876,0.0072635
30000,2.120766,0.007471232999999999
30030,2.140698,0.007546412999999999
30060,2.161262,0.007546369000000001
30090,2.181163,0.007581874999999999
30120,2.2011,0.0073712809999999995
30150,2.221362,0.008047582
30180,2.241249,0.007829533
30210,2.261864,0.007655013999999999
30240,2.28178,0.008120084999999999
30270,2.301668,0.008076372
30300,2.321606,0.008012025
30330,2.341807,0.007986855999999999
30360,2.362403,0.00790322
30390,2.382371,0.008683699
30420,2.402289,0.008355867999999999
30450,2.422205,0.00830679
30480,2.442397,0.0077481270000000005
30510,2.462686,0.008850515
30540,2.48295,0.008553614
30570,2.502868,0.008532731
30600,2.522758,0.007858925000000001
30630,2.542663,0.009161233
30660,2.563268,0.008854197999999999
30690,2.58319,0.008847148
30720,2.603452,0.008651824
30750,2.623337,0.009835578999999999
30780,2.643257,0.008949361000000001
30810,2.663844,0.008906858
30840,2.683748,0.009406175
30870,2.703661,0.009277183
30900,2.723923,0.009232886000000001
30930,2.743848,0.009353071000000001
30960,2.764419,0.009652972
30990,2.78435,0.009599852
31020,2.804204,0.009574936999999999
31050,2.824466,0.009368236
31080,2.844411,0.01003791
31110,2.864959,0.009148106999999999
31140,2.884894,0.010290760000000001
31170,2.904813,0.009531886
31200,2.924736,0.01060547
31230,2.945001,0.010164010000000001
31260,2.965204,0.010275149999999999
31290,2.985456,0.01047491
31320,3.005369,0.01048825
31350,3.025281,0.01011579
31380,3.04519,0.01167439
31410,3.065781,0.01095875
31440,3.085724,0.01105518
31470,3.105938,0.01084801
31500,3.125843,0.01186079
31530,3.145765,0.011730210000000001
31560,3.166356,0.01181363
31590,3.186221,0.01163741
31620,3.206143,0.01290741
31650,3.226399,0.01266665
31680,3.24631,0.012796980000000001
31710,3.266914,0.01317953
31740,3.286815,0.013905180000000001
31770,3.306703,0.01411516
31800,3.326972,0.014408659999999998
31830,3.34687,0.01439686
31860,3.36746,0.01598865
31890,3.387387,0.01608899
31920,3.407204,0.01651495
31950,3.427145,0.01726574
31980,3.447403,0.01843466
32010,3.467638,0.01914729
32040,3.487867,0.020066579999999997
32070,3.507774,0.02056074
32100,3.527713,0.022904729999999998
32130,3.547591,0.02397673
32160,3.568146,0.02547095
32190,3.588111,0.02632953
32220,3.608362,0.02974925
32250,3.628285,0.03154506
32280,3.648164,0.03403233
32310,3.668751,0.03658127
32340,3.688621,0.04042913
32370,3.70891,0.04377387
32400,3.728831,0.04774984
32430,3.749422,0.052299939999999996
32460,3.769331,0.05700279
32490,3.789237,0.06393812
32520,3.809176,0.06978831
32550,3.829388,0.07715621
32580,3.849602,0.08514607
32610,3.869883,0.09539636
32640,3.88983,0.1058606
32670,3.90971,0.1177442
32700,3.929617,0.1300931
32730,3.950185,0.1475645
32760,3.970136,0.16454580000000002
32790,3.99039,0.18454299999999998
32820,4.010285,0.20614760000000001
32850,4.030199,0.2326053
32880,4.050798,0.26168980000000003
32910,4.070709,0.2941314
32940,4.09061,0.3302977
32970,4.110887,0.3740221
33000,4.130849,0.42088699999999996
33030,4.151414,0.4765173
33060,4.171314,0.5369921000000001
33090,4.191285,0.6078058
33120,4.211536,0.6875304999999999
33150,4.231447,0.7771659
33180,4.252049,0.882012
33210,4.272003,0.9992991999999999
33240,4.291748,1.129466
33270,4.311666,1.2791730000000001
33300,4.331941,1.452095
33330,4.352178,1.648877
33360,4.372458,1.8739
33390,4.39235,2.125127
33420,4.412267,2.410662
33450,4.432215,2.7359
33480,4.452819,3.119585
33510,4.472741,3.542019
33540,4.493008,4.031722
33570,4.512917,4.5798060000000005
33600,4.532827,5.2031030000000005
33630,4.553383,5.938946
33660,4.573411,6.752479999999999
33690,4.593649,7.693213999999999
33720,4.613562,8.749028000000001
33750,4.633497,9.952026
33780,4.653962,11.3507
33810,4.673824,12.912849999999999
33840,4.693751,14.69214
33870,4.714008,16.75474
33900,4.733938,19.06551
33930,4.754479,21.7927
33960,4.774402,24.794700000000002
33990,4.794327,28.22359
34020,4.814225,32.12032
34050,4.834505,36.64353
34080,4.854771,41.796679999999995
34110,4.875039,47.67521
34140,4.894942,54.262409999999996
34170,4.914892,61.76338
34200,4.934793,70.29078999999999
34230,4.955402,80.32658
34260,4.975329,91.39017
34290,4.995609,104.2138
34320,5.015293,118.2467
34350,5.035222,134.4994
34380,5.055818,153.60260000000002
34410,5.075734,174.5942
34440,5.095956,198.8552
34470,5.115856,225.9051
34500,5.131761,250.0221
34530,5.131822,250.0222
34560,5.131911,250.02290000000002
34590,5.131911,250.0218
34620,5.131964,250.0232
34650,5.131971,250.02200000000002
34680,5.13203,250.0236
34710,5.132082,250.02279999999996
34740,5.132075,250.0226
34770,5.132112,250.02329999999998
34800,5.132159,250.02370000000002
34830,5.132189,250.0254
34860,5.132157,250.02279999999996
34890,5.132184,250.0226
34920,5.132202,250.0216
34950,5.132232,250.0236
34980,5.132272,250.02370000000002
35010,5.132294,250.02519999999998
35040,5.132333,250.0232
35070,5.13232,250.02290000000002
35100,5.132357,250.0234
35130,5.132388,250.024
35160,5.13238,250.02230000000003
35190,5.13241,250.0242
35220,5.132418,250.02390000000003
35250,5.132423,250.0238
35280,5.132459,250.02200000000002
35310,5.132495,250.02349999999998
35340,5.132511,250.02370000000002
35370,5.132516,250.0236
35400,5.132562,250.02390000000003
35430,5.132538,250.02230000000003
35460,5.132565,250.02279999999996
35490,5.132575,250.0219
35520,5.132587,250.0218
35550,5.132671,250.02409999999998
35580,5.132691,250.02489999999997
35610,5.132692,250.0246
35640,5.132702,250.0246
35670,5.132687,250.02249999999998
35700,5.132754,250.024
35730,5.132745,250.0236
35760,5.132765,250.02439999999999
35790,5.132773,250.0248
35820,2.020198,0.006591616000000001
35850,2.040108,0.0066531690000000004
35880,2.060729,0.00671688
35910,2.080614,0.006738249
35940,2.100865,0.006837197000000001
35970,2.120795,0.006868543
36000,2.140707,0.006919104
36030,2.161295,0.007004821
36060,2.181185,0.007048385
36090,2.201075,0.007104760999999999
36120,2.221386,0.007187309
36150,2.241288,0.007215415
36180,2.261847,0.007289978
36210,2.281798,0.007354675
36240,2.301682,0.007401365
36270,2.321619,0.0074799820000000005
36300,2.34183,0.0075200630000000004
36330,2.362447,0.007567645
36360,2.382365,0.007647056
36390,2.402292,0.0076967220000000005
36420,2.422202,0.0077441559999999994
36450,2.44242,0.007824497000000001
36480,2.462698,0.007853351
36510,2.482964,0.007918796
36540,2.502858,0.008007163999999999
36570,2.522738,0.00805025
36600,2.542696,0.00813141
36630,2.563257,0.008201458
36660,2.583191,0.008235029
36690,2.603448,0.008314688
36720,2.623339,0.008383457
36750,2.643252,0.008439742
36780,2.663838,0.008523574
36810,2.683788,0.008577877
36840,2.703673,0.008631369
36870,2.723925,0.008716653
36900,2.743855,0.008795985
36930,2.764448,0.008874919
36960,2.784347,0.008967609000000001
36990,2.804268,0.009023752000000001
37020,2.824483,0.00910768
37050,2.844426,0.009224975
37080,2.865004,0.009307226
37110,2.884906,0.009411498
37140,2.90481,0.009502906
37170,2.924721,0.009590208000000001
37200,2.944948,0.009715346000000001
37230,2.965219,0.009836133
37260,2.985466,0.009965508
37290,3.005387,0.010106529999999999
37320,3.025275,0.01023019
37350,3.045213,0.0103641
37380,3.065781,0.01055355
37410,3.085683,0.0107151
37440,3.10598,0.01092817
37470,3.125864,0.011147629999999999
37500,3.145799,0.01135981
37530,3.166358,0.01160685
37560,3.186282,0.011890959999999999
37590,3.20618,0.01217262
37620,3.226429,0.01252698
37650,3.246327,0.01287191
37680,3.266922,0.0132731
37710,3.286852,0.01371612
37740,3.30671,0.01419066
37770,3.326966,0.01473142
37800,3.346891,0.01535035
37830,3.367485,0.016012810000000002
37860,3.387374,0.01674269
37890,3.407228,0.01758427
37920,3.427122,0.01850049
37950,3.447352,0.01953909
37980,3.467654,0.02073767
38010,3.487888,0.02203829
38040,3.507771,0.02348596
38070,3.527711,0.025110959999999998
38100,3.547594,0.02692785
38130,3.568198,0.02906141
38160,3.588109,0.031348039999999994
38190,3.608355,0.03398153
38220,3.628277,0.03692473
38250,3.648144,0.0402097
38280,3.668751,0.044037530000000005
38310,3.688643,0.0482407
38340,3.708884,0.05303894
38370,3.728824,0.058364519999999996
38400,3.749416,0.06464366
38430,3.769355,0.07146059
38460,3.789243,0.07917209
38490,3.809166,0.08790311
38520,3.8294,0.09789549
38550,3.849684,0.10926999999999999
38580,3.869936,0.1221524
38610,3.889809,0.136481
38640,3.909714,0.1527186
38670,3.929633,0.171071
38700,3.950234,0.1926062
38730,3.970164,0.2163163
38760,3.990392,0.243635
38790,4.010287,0.27409100000000003
38820,4.03022,0.3086778
38850,4.050811,0.3493065
38880,4.070725,0.3939706
38910,4.09063,0.4446329
38940,4.110909,0.5032888000000001
38970,4.130825,0.5688764000000001
39000,4.151442,0.6460688
39030,4.171356,0.7309766
39060,4.191295,0.8276201
39090,4.211565,0.9394936
39120,4.231353,1.063258
39150,4.251917,1.210574
39180,4.271846,1.3727889999999998
39210,4.291763,1.5575210000000002
39240,4.311666,1.767739
39270,4.331947,2.01129
39300,4.352205,2.2889880000000002
39330,4.372448,2.605995
39360,4.392381,2.9615590000000003
39390,4.412249,3.366161
39420,4.432246,3.8274519999999996
39450,4.452842,4.37181
39480,4.47278,4.973509
39510,4.493051,5.671204
39540,4.512941,6.4535670000000005
39570,4.532897,7.345247
39600,4.553484,8.398773
39630,4.573411,9.564276999999999
39660,4.593557,10.89519
39690,4.613443,12.40994
39720,4.633364,14.13515
39750,4.653954,16.176460000000002
39780,4.67389,18.427059999999997
39810,4.693789,20.99358
39840,4.71403,23.97201
39870,4.733979,27.31695
39900,4.75459,31.265230000000003
39930,4.774433,35.61314
39960,4.794347,40.582879999999996
39990,4.814281,46.24228
40020,4.834548,52.8137
40050,4.854775,60.30592
40080,4.875068,68.86604
40110,4.894984,78.45809999999999
40140,4.914953,89.38820000000001
40170,4.934881,101.8158
40200,4.955237,116.16720000000001
40230,4.975151,132.32559999999998
40260,4.995403,150.965
40290,5.015308,171.79749999999999
40320,5.035215,195.4523
40350,5.055812,223.3124
40380,5.073394,250.0236
40410,5.073385,250.0219
40440,5.073399,250.0221
40470,5.07349,250.02370000000002
40500,5.073487,250.023
40530,5.073487,250.02150000000003
40560,5.073569,250.024
40590,5.073561,250.02290000000002
40620,5.0736,250.0238
40650,5.073613,250.02310000000003
40680,5.073624,250.02310000000003
40710,5.073646,250.02279999999996
40740,5.073625,250.02139999999997
40770,5.07366,250.0222
40800,5.073691,250.0226
40830,5.073721,250.0232
40860,5.07373,250.025
40890,5.073739,250.0227
40920,5.07375,250.02349999999998
40950,5.073768,250.023
40980,5.073781,250.0236
41010,5.073795,250.02390000000003
41040,5.073794,250.02150000000003
41070,5.073817,250.023
41100,5.073807,250.02249999999998
41130,5.073827,250.02390000000003
41160,5.073824,250.023
41190,5.07382,250.02200000000002
41220,5.073875,250.0234
41250,5.073831,250.02249999999998
41280,5.073866,250.02329999999998
41310,5.073862,250.0216
41340,5.073906,250.0236
41370,5.073886,250.02169999999998
41400,5.073944,250.02290000000002
41430,5.073953,250.0238
41460,5.073909,250.0216
41490,5.073957,250.02169999999998
41520,5.073979,250.02370000000002
41550,5.073982,250.0234
41580,5.073989,250.02349999999998
41610,5.073957,250.0224
41640,5.074008,250.02329999999998
41670,5.074,250.02279999999996
41700,5.074069,250.023
41730,5.074024,250.0216
41760,5.074033,250.02139999999997
41790,2.020194,0.0066457619999999995
41820,2.040098,0.006695688
41850,2.060709,0.006724878
41880,2.080606,0.007000784
41910,2.100846,0.007250207999999999
41940,2.120767,0.0073204640000000005
41970,2.140688,0.007057128
42000,2.161261,0.006587623
42030,2.181137,0.007246161
42060,2.201093,0.00722305
42090,2.22134,0.007310666
42120,2.24127,0.007359849
42150,2.261839,0.007462917
42180,2.281741,0.007484701
42210,2.301658,0.007547398000000001
42240,2.321585,0.007609902
42270,2.341844,0.007639289
42300,2.362443,0.0077430680000000005
42330,2.38236,0.0077954619999999995
42360,2.402287,0.007811635
42390,2.422193,0.007943948
42420,2.442418,0.007971688
42450,2.462668,0.008009276
42480,2.482937,0.008040064
42510,2.502866,0.008185949
42540,2.522792,0.008233337
42570,2.542662,0.008287279
42600,2.563275,0.008292155
42630,2.583185,0.008412148
42660,2.603453,0.008475339
42690,2.623342,0.008520891999999999
42720,2.643235,0.008606602999999999
42750,2.663858,0.008700001
42780,2.683758,0.008702352
42810,2.703653,0.008818587
42840,2.723922,0.008874918
42870,2.743848,0.00890122
42900,2.764424,0.009054124
42930,2.784309,0.009078283
42960,2.804256,0.009137964
42990,2.824491,0.009257346
43020,2.844411,0.009327054
43050,2.864964,0.009415359
43080,2.884896,0.00951377
43110,2.904811,0.009583031
43140,2.924729,0.009702971
43170,2.944967,0.009797192
43200,2.965176,0.009864566
43230,2.985477,0.0100397
43260,3.005383,0.010125770000000001
43290,3.025276,0.01022086
43320,3.045171,0.01037069
43350,3.065784,0.010528329999999999
43380,3.085716,0.01069158
43410,3.105965,0.01085814
43440,3.125849,0.010998059999999999
43470,3.145749,0.011160219999999998
43500,3.166353,0.011449649999999999
43530,3.186263,0.01165168
43560,3.206166,0.01188446
43590,3.226392,0.0121808
43620,3.246305,0.01242351
43650,3.26693,0.01279214
43680,3.286828,0.01312108
43710,3.306706,0.01349032
43740,3.326945,0.01398905
43770,3.346895,0.01444023
43800,3.367457,0.014946200000000001
43830,3.387347,0.01559948
43860,3.407224,0.01620123
43890,3.427113,0.01694147
43920,3.447367,0.01777825
43950,3.467607,0.01867284
43980,3.487882,0.019702690000000002
44010,3.507781,0.0208815
44040,3.527683,0.022136740000000002
44070,3.547599,0.023553889999999997
44100,3.568192,0.025183840000000002
44130,3.588087,0.02699045
44160,3.608345,0.02905101
44190,3.628266,0.03129967
44220,3.648151,0.0338326
44250,3.66872,0.03684663
44280,3.688627,0.04005181
44310,3.708897,0.04374109
44340,3.728825,0.04790041
44370,3.749424,0.05268523
44400,3.769339,0.05791491
44430,3.78926,0.06390190000000001
44460,3.809152,0.0705537
44490,3.829391,0.07824868
44520,3.84965,0.08694864999999999
44550,3.869927,0.09682267
44580,3.8898,0.1077819
44610,3.909703,0.12013670000000001
44640,3.929649,0.1341817
44670,3.950212,0.1506565
44700,3.970151,0.1686327
44730,3.990361,0.1894409
44760,4.010299,0.2126308
44790,4.030207,0.23882579999999998
44820,4.050791,0.2697688
44850,4.070695,0.3036246
44880,4.090594,0.3420857
44910,4.110874,0.38656
44940,4.130824,0.436276
44970,4.151419,0.4946563
45000,4.171306,0.5588311
45030,4.191281,0.6319167
45060,4.211538,0.7162559000000001
45090,4.231481,0.810853
45120,4.252072,0.9220163
45150,4.272012,1.044432
45180,4.291758,1.182478
45210,4.311701,1.340973
45240,4.33195,1.524209
45270,4.352161,1.7330619999999999
45300,4.372436,1.9712139999999998
45330,4.392358,2.238435
45360,4.412271,2.542483
45390,4.432197,2.8887270000000003
45420,4.452817,3.297607
45450,4.472751,3.748504
45480,4.493006,4.271553
45510,4.512947,4.8581
45540,4.532856,5.526959
45570,4.553452,6.316223999999999
45600,4.573354,7.189229
45630,4.593645,8.200882
45660,4.613598,9.337201
45690,4.633358,10.61389
45720,4.653981,12.14353
45750,4.67388,13.83
45780,4.693768,15.751539999999999
45810,4.714045,17.984579999999998
45840,4.733922,20.48976
45870,4.754529,23.44453
45900,4.774395,26.703380000000003
45930,4.794315,30.430870000000002
45960,4.814239,34.675560000000004
45990,4.834513,39.60823
46020,4.854761,45.23032
46050,4.875008,51.64738
46080,4.894932,58.85526
46110,4.914915,67.06526
46140,4.934837,76.40491
46170,4.955357,87.41912
46200,4.975307,99.58272000000001
46230,4.995373,113.405
46260,5.015293,129.1814
46290,5.035207,147.0434
46320,5.055779,168.10920000000002
46350,5.075747,191.3015
46380,5.095992,218.1313
46410,5.11588,248.07349999999997
46440,5.11717,250.02329999999998
46470,5.117189,250.02200000000002
46500,5.117207,250.02150000000003
46530,5.117259,250.02310000000003
46560,5.117301,250.02409999999998
46590,5.117311,250.02409999999998
46620,5.117318,250.0218
46650,5.11733,250.02139999999997
46680,5.117382,250.0226
46710,5.117383,250.02139999999997
46740,5.117407,250.0232
46770,5.117414,250.0232
46800,5.117404,250.0222
46830,5.11741,250.02230000000003
46860,5.117437,250.0226
46890,5.117414,250.02249999999998
46920,5.117428,250.02089999999998
46950,5.117476,250.0232
46980,5.117483,250.02279999999996
47010,5.117482,250.02169999999998
47040,5.117476,250.02169999999998
47070,5.117511,250.0232
47100,5.117497,250.02040000000002
47130,5.117563,250.02249999999998
47160,5.117499,250.02150000000003
47190,5.117559,250.023
47220,5.117581,250.02370000000002
47250,5.117564,250.023
47280,5.117571,250.0218
47310,5.117552,250.02120000000002
47340,5.117558,250.0216
47370,5.117577,250.02290000000002
47400,5.117582,250.0213
47430,5.117586,250.0218
47460,5.1176,250.02249999999998
47490,5.117579,250.0216
47520,5.117606,250.02370000000002
47550,5.11759,250.02169999999998
47580,5.117603,250.0213
47610,5.117651,250.0236
47640,5.117651,250.02310000000003
47670,5.117644,250.02290000000002
47700,5.117647,250.0221
47730,5.117679,250.02370000000002
47760,2.020174,0.006572255999999999
47790,2.040119,0.006714274
47820,2.060722,0.006728953
47850,2.080614,0.00610402
47880,2.100862,0.006604636
47910,2.120747,0.007160579
47940,2.140683,0.007015754
47970,2.161286,0.006509518000000001
48000,2.181199,0.0068373
48030,2.201113,0.006913967
48060,2.221373,0.0069765159999999994
48090,2.241292,0.007044853
48120,2.261853,0.007104199
48150,2.281766,0.0071121069999999995
48180,2.301688,0.0071883929999999995
48210,2.321609,0.007249648
48240,2.341835,0.007305788
48270,2.362475,0.007354916
48300,2.382365,0.007433867
48330,2.402293,0.007469182999999999
48360,2.422175,0.0075236800000000005
48390,2.442456,0.00760647
48420,2.462691,0.007662061999999999
48450,2.482926,0.007736826
48480,2.502842,0.007801237999999999
48510,2.522745,0.007850395
48540,2.542682,0.007926536
48570,2.563266,0.007997644
48600,2.583192,0.008062982
48630,2.603435,0.008161627999999999
48660,2.623326,0.008224385
48690,2.643238,0.008287627
48720,2.663823,0.008400539
48750,2.683757,0.008488163
48780,2.703671,0.008579951
48810,2.723929,0.008677165
48840,2.743847,0.008763737
48870,2.764445,0.008874087000000001
48900,2.784337,0.009007534999999999
48930,2.804239,0.009120745
48960,2.824507,0.009258734
48990,2.844424,0.009402639
49020,2.864995,0.009538341
49050,2.884902,0.009718674
49080,2.904809,0.0098937
49110,2.92472,0.010083449999999999
49140,2.945005,0.010308250000000001
49170,2.965215,0.01052694
49200,2.985455,0.01075328
49230,3.005375,0.01105034
49260,3.025291,0.01135009
49290,3.045209,0.01169364
49320,3.06576,0.012076400000000001
49350,3.085725,0.01246354
49380,3.105985,0.01290915
49410,3.125858,0.013434360000000001
49440,3.145725,0.01396393
49470,3.166327,0.01461436
49500,3.186265,0.01529298
49530,3.206165,0.01603275
49560,3.226421,0.01690572
49590,3.246349,0.017852859999999998
49620,3.266903,0.0189407
49650,3.286819,0.02014088
49680,3.3067,0.02145228
49710,3.326978,0.022954950000000002
49740,3.346871,0.024635960000000002
49770,3.36748,0.02656856
49800,3.387382,0.02868111
49830,3.407213,0.03105952
49860,3.427146,0.03369888
49890,3.4474,0.03673473
49920,3.467642,0.04016932
49950,3.487855,0.0440122
49980,3.507761,0.048315079999999996
50010,3.527717,0.05312694
50040,3.54762,0.05854737
50070,3.568207,0.06491544
50100,3.58811,0.07185417
50130,3.608368,0.07983036
50160,3.628287,0.08869298
50190,3.648178,0.09859956
50220,3.668754,0.1103574
50250,3.688684,0.1231957
50280,3.708916,0.137935
50310,3.728844,0.154344
50340,3.749437,0.1736229
50370,3.769375,0.1946959
50400,3.78928,0.2185955
50430,3.809193,0.24564350000000001
50460,3.82945,0.2767949
50490,3.849692,0.3121675
50520,3.869951,0.3524089
50550,3.889873,0.3972
50580,3.909772,0.448029
50610,3.929691,0.5057053
50640,3.950279,0.5734444
50670,3.970258,0.6480778
50700,3.990484,0.7341728
50730,4.010428,0.830413
50760,4.030346,0.9397651
50790,4.050745,1.0670609999999998
50820,4.070685,1.208549
50850,4.090585,1.3691929999999999
50880,4.11084,1.555085
50910,4.130778,1.76327
50940,4.15134,2.008325
50970,4.171272,2.278286
51000,4.191213,2.58573
51030,4.211458,2.941583
51060,4.231359,3.340037
51090,4.251948,3.810015
51120,4.271913,4.328574
51150,4.291816,4.918392
51180,4.311757,5.5912440000000005
51210,4.332004,6.369122
51240,4.352263,7.257811
51270,4.372548,8.272139999999998
51300,4.392468,9.409844
51330,4.412248,10.6832
51360,4.43218,12.15686
51390,4.452783,13.89411
51420,4.472733,15.812160000000002
51450,4.493001,18.03615
51480,4.512879,20.527829999999998
51510,4.532797,23.36422
51540,4.553385,26.71145
51570,4.573324,30.41239
51600,4.593548,34.69627
51630,4.61351,39.49851
51660,4.633393,44.96787
51690,4.65403,51.424510000000005
51720,4.673943,58.54107
51750,4.693863,66.63493
51780,4.714157,76.0172
51810,4.73407,86.53178
51840,4.754655,98.90892000000001
51870,4.774291,112.22000000000001
51900,4.794242,127.7436
51930,4.814094,145.298
51960,4.834361,165.6063
51990,4.854634,188.6907
52020,4.874894,214.9443
52050,4.89481,244.23259999999996
52080,4.898515,250.0218
52110,4.898566,250.0243
52140,4.898647,250.02290000000002
52170,4.898675,250.0246
52200,4.898718,250.023
52230,4.898752,250.0232
52260,4.898752,250.0234
52290,4.898761,250.0222
52320,4.898812,250.0242
52350,4.898833,250.025
52380,4.898833,250.0216
52410,4.898872,250.02439999999999
52440,4.898865,250.0216
52470,4.898896,250.02279999999996
52500,4.898921,250.0219
52530,4.898981,250.0238
52560,4.898988,250.0222
52590,4.899013,250.0232
52620,4.89903,250.02349999999998
52650,4.899035,250.0238
52680,4.899028,250.0218
52710,4.899051,250.02200000000002
52740,4.899096,250.0232
52770,4.899131,250.0243
52800,4.89913,250.02230000000003
52830,4.899154,250.0234
52860,4.899175,250.02450000000002
52890,4.899154,250.02139999999997
52920,4.899199,250.0227
52950,4.89921,250.02310000000003
52980,4.899182,250.02150000000003
53010,4.899225,250.02249999999998
53040,4.899246,250.023
53070,4.89924,250.0213
53100,4.899295,250.0238
53130,4.899299,250.0234
53160,4.899279,250.02100000000002
53190,4.899332,250.02279999999996
53220,4.89935,250.0236
53250,4.899352,250.0238
53280,4.899325,250.02150000000003
53310,4.899384,250.024
53340,4.899374,250.0234
53370,4.899376,250.0216
53400,4.899392,250.0219
53430,4.899386,250.0216
53460,4.899426,250.0232
53490,4.899407,250.023
53520,4.899411,250.0226
53550,4.899466,250.02409999999998
53580,4.899477,250.0232
53610,4.899504,250.024
53640,4.89951,250.0232
53670,4.899506,250.0234
53700,4.899527,250.02409999999998
53730,2.020198,0.006271783
53760,2.040119,0.006365163
53790,2.060716,0.006372074
53820,2.080646,0.006302166
53850,2.100861,0.006486737
53880,2.120776,0.0065027060000000005
53910,2.140705,0.00655342
53940,2.161291,0.006625767
53970,2.181185,0.0066502290000000006
54000,2.201122,0.00670249
54030,2.221355,0.006796903
54060,2.241287,0.006826304
54090,2.261831,0.0068857580000000005
54120,2.28179,0.006973083
54150,2.301684,0.006967015
54180,2.321608,0.007032254
54210,2.341823,0.007053934
54240,2.362423,0.007133924999999999
54270,2.382356,0.007251929
54300,2.402278,0.0072456840000000005
54330,2.422197,0.007206933
54360,2.442437,0.007355563000000001
54390,2.462681,0.007428802
54420,2.482937,0.007475233
54450,2.502851,0.007537744000000001
54480,2.522773,0.007555761
54510,2.542694,0.007586871999999999
54540,2.563232,0.007637234
54570,2.583183,0.0076805449999999996
54600,2.603443,0.007770771
54630,2.623329,0.0078024850000000005
54660,2.643253,0.007843792
54690,2.663842,0.007939309
54720,2.683751,0.00798207
54750,2.703666,0.00804209
54780,2.723923,0.008110062999999999
54810,2.743861,0.008154066
54840,2.764427,0.008216468999999999
54870,2.784329,0.008305415
54900,2.804247,0.008364283
54930,2.824485,0.008439384000000001
54960,2.844407,0.008524063
54990,2.864958,0.008582486
55020,2.884897,0.008682922999999999
55050,2.904804,0.0087602
55080,2.924709,0.008854819
55110,2.944992,0.008969726999999999
55140,2.965196,0.009050675
55170,2.98546,0.009143916
55200,3.005376,0.009289055000000001
55230,3.025273,0.00941267
55260,3.045212,0.009557659999999999
55290,3.065767,0.009720795999999999
55320,3.085712,0.009868988
55350,3.105971,0.01004352
55380,3.125875,0.01026777
55410,3.145785,0.01047955
55440,3.166323,0.010735989999999999
55470,3.186251,0.01099482
55500,3.206172,0.01127959
55530,3.226418,0.01164096
55560,3.246306,0.012001649999999999
55590,3.266903,0.01242825
55620,3.286821,0.01291172
55650,3.306691,0.01341307
55680,3.326964,0.01399542
55710,3.346857,0.014676650000000001
55740,3.367469,0.015455110000000001
55770,3.387346,0.0162021
55800,3.407238,0.01726742
55830,3.427164,0.01833413
55860,3.447402,0.01947324
55890,3.467619,0.02099758
55920,3.48782,0.022450920000000003
55950,3.507792,0.02437493
55980,3.527688,0.0263164
56010,3.547631,0.0286107
56040,3.568189,0.031133889999999997
56070,3.588114,0.03420007
56100,3.608338,0.03698395
56130,3.628289,0.04073454
56160,3.64816,0.044401170000000004
56190,3.668727,0.048706599999999996
56220,3.688643,0.05428246
56250,3.708906,0.06033239
56280,3.728794,0.0663788
56310,3.749432,0.0739899
56340,3.769342,0.08184657
56370,3.789248,0.09121335
56400,3.809175,0.1013675
56430,3.829408,0.1126138
56460,3.849654,0.1253952
56490,3.869922,0.13974640000000002
56520,3.88983,0.15541780000000002
56550,3.909732,0.1732351
56580,3.929633,0.19284379999999998
56610,3.950215,0.2151535
56640,3.97017,0.2389629
56670,3.99038,0.2661538
56700,4.010287,0.29543559999999996
56730,4.030209,0.3281733
56760,4.050805,0.36571509999999996
56790,4.070728,0.40568459999999995
56820,4.090635,0.4498473
56850,4.110902,0.49980620000000003
56880,4.13083,0.5541794000000001
56910,4.151449,0.6160491
56940,4.171361,0.6827311
56970,4.191271,0.7566185
57000,4.211543,0.8401453999999999
57030,4.231494,0.9310799
57060,4.252119,1.035796
57090,4.271844,1.147197
57120,4.291767,1.272437
57150,4.311699,1.4117899999999999
57180,4.331906,1.569508
57210,4.352186,1.745727
57240,4.372431,1.9426989999999997
57270,4.39235,2.159672
57300,4.412283,2.402244
57330,4.432201,2.674112
57360,4.452837,2.989314
57390,4.472772,3.331814
57420,4.492984,3.722706
57450,4.512912,4.154421999999999
57480,4.532829,4.639817
57510,4.553436,5.205764
57540,4.573377,5.824353
57570,4.593636,6.53252
57600,4.61353,7.316455
57630,4.633466,8.203031000000001
57660,4.654111,9.238757
57690,4.674007,10.36932
57720,4.693736,11.62444
57750,4.714042,13.09271
57780,4.733962,14.72303
57810,4.754546,16.63422
57840,4.774397,18.71756
57870,4.79433,21.08269
57900,4.81423,23.7456
57930,4.834504,26.81951
57960,4.854743,30.30173
57990,4.874985,34.24033
58020,4.894923,38.62815
58050,4.914851,43.58647
58080,4.934783,49.18249
58110,4.95537,55.7342
58140,4.975268,62.90086
58170,4.995566,71.15366999999999
58200,5.015507,80.3052
58230,5.035407,90.62683
58260,5.056031,102.6938
58290,5.075716,115.58720000000001
58320,5.095993,130.7026
58350,5.115871,147.38060000000002
58380,5.13582,166.1783
58410,5.156436,188.0363
58440,5.176319,211.8295
58470,5.196236,238.5009
58500,5.204255,250.02249999999998
58530,5.204343,250.0234
58560,5.204375,250.02450000000002
58590,5.204414,250.024
58620,5.204452,250.0238
58650,5.204488,250.0234
58680,5.204519,250.0248
58710,5.204544,250.02310000000003
58740,5.204541,250.0219
58770,5.204607,250.02370000000002
58800,5.204592,250.0221
58830,5.204666,250.02329999999998
58860,5.204663,250.02290000000002
58890,5.204651,250.0218
58920,5.204765,250.02370000000002
58950,5.204741,250.023
58980,5.20473,250.0224
59010,5.204762,250.0224
59040,5.204782,250.02310000000003
59070,5.204836,250.0238
59100,5.204823,250.0232
59130,5.204813,250.0211
59160,5.204847,250.02230000000003
59190,5.204866,250.0226
59220,5.204885,250.0222
59250,5.2049,250.02279999999996
59280,5.204908,250.0222
59310,5.204935,250.02349999999998
59340,5.204963,250.02349999999998
59370,5.204976,250.02390000000003
59400,5.20496,250.02370000000002
59430,5.204949,250.0216
59460,5.204999,250.02310000000003
59490,5.204982,250.02249999999998
59520,5.205034,250.0234
59550,5.205013,250.02310000000003
59580,5.205044,250.024
59610,5.205053,250.0234
59640,5.205057,250.0221
59670,5.205097,250.02409999999998
59700,2.000314,0.00602
59730,2.020142,0.00609
59760,2.040041,0.0062
59790,2.060655,0.0062499999999999995
59820,2.080559,0.00626
59850,2.100824,0.0063300000000000006
59880,2.120714,0.00635
59910,2.140643,0.00694
59940,2.16124,0.00668
59970,2.181121,0.00639
60000,2.201073,0.00603
60030,2.221281,0.0069299999999999995
60060,2.241253,0.0072900000000000005
60090,2.261847,0.0069
60120,2.281695,0.00637
60150,2.301652,0.00639
60180,2.321572,0.00686
60210,2.34178,0.00782
60240,2.3624,0.00747
60270,2.382311,0.00696
60300,2.402271,0.00711
60330,2.422186,0.00724
60360,2.442399,0.00737
60390,2.46263,0.0072699999999999996
60420,2.482907,0.00718
60450,2.502831,0.00663
60480,2.522742,0.007769999999999999
60510,2.542678,0.0076500000000000005
60540,2.563222,0.007520000000000001
60570,2.583133,0.0072
60600,2.603417,0.00443
60630,2.623293,0.0076500000000000005
60660,2.643226,0.00833
60690,2.663819,0.00799
60720,2.683751,0.00766
60750,2.703639,0.00653
60780,2.723909,0.00796
60810,2.743825,0.00871
60840,2.764405,0.00833
60870,2.784327,0.008239999999999999
60900,2.804216,0.00808
60930,2.824478,0.00703
60960,2.844412,0.0083
60990,2.864953,0.0098
61020,2.884861,0.00884
61050,2.904804,0.008579999999999999
61080,2.924686,0.00788
61110,2.944924,0.0085
61140,2.965167,0.009720000000000001
61170,2.985421,0.0094
61200,3.005306,0.00912
61230,3.025241,0.00834
61260,3.045149,0.00933
61290,3.065716,0.009500000000000001
61320,3.085625,0.00968
61350,3.105892,0.009850000000000001
61380,3.125819,0.0101
61410,3.145763,0.0103
61440,3.166317,0.010499999999999999
61470,3.186223,0.0108
61500,3.206127,0.0111
61530,3.226353,0.0115
61560,3.246275,0.0118
61590,3.266842,0.0122
61620,3.286779,0.0127
61650,3.306667,0.0132
61680,3.32691,0.0137
61710,3.346821,0.0143
61740,3.367412,0.015
61770,3.387304,0.015799999999999998
61800,3.407138,0.0166
61830,3.42704,0.017599999999999998
61860,3.447315,0.018699999999999998
61890,3.467565,0.0199
61920,3.487807,0.0212
61950,3.507709,0.0227
61980,3.527655,0.0245
62010,3.547551,0.0264
62040,3.568105,0.0286
62070,3.588028,0.031
62100,3.608269,0.0337
62130,3.628198,0.0368
62160,3.648081,0.040299999999999996
62190,3.668668,0.0443
62220,3.68856,0.0487
62250,3.708828,0.0538
62280,3.728729,0.0594
62310,3.749372,0.0661
62340,3.769256,0.0733
62370,3.789173,0.08149999999999999
62400,3.80908,0.0907
62430,3.82932,0.101
62460,3.849599,0.11499999999999999
62490,3.869837,0.127
62520,3.889727,0.142
62550,3.909635,0.159
62580,3.929554,0.179
62610,3.950118,0.202
62640,3.970093,0.229
62670,3.990302,0.257
62700,4.010217,0.28900000000000003
62730,4.030109,0.32599999999999996
62760,4.050718,0.368
62790,4.070653,0.419
62820,4.090558,0.472
62850,4.110783,0.5349999999999999
62880,4.130754,0.606
62910,4.151357,0.689
62940,4.171272,0.78
62970,4.191218,0.884
63000,4.211474,1.0
63030,4.23127,1.1400000000000001
63060,4.251851,1.3
63090,4.271746,1.47
63120,4.291684,1.6700000000000002
63150,4.31161,1.9
63180,4.331866,2.16
63210,4.352103,2.46
63240,4.372351,2.81
63270,4.392334,3.19
63300,4.412211,3.63
63330,4.432158,4.13
63360,4.452751,4.72
63390,4.472697,5.38
63420,4.492956,6.14
63450,4.512857,6.99
63480,4.532781,7.96
63510,4.553427,9.11
63540,4.57338,10.4
63570,4.593426,11.8
63600,4.61337,13.5
63630,4.633303,15.400000000000002
63660,4.653932,17.6
63690,4.673798,20.1
63720,4.69373,22.900000000000002
63750,4.713958,26.1
63780,4.733892,29.8
63810,4.754479,34.1
63840,4.774323,38.9
63870,4.794296,44.3
63900,4.8142,50.5
63930,4.834492,57.7
63960,4.854772,66.0
63990,4.874996,75.4
64020,4.894923,85.9
64050,4.914927,97.89999999999999
64080,4.934603,111.319
64110,4.955174,127.40700000000001
64140,4.975077,145.113
64170,4.995345,165.63600000000002
64200,5.01529,188.589
64230,5.035182,214.628
64260,5.055738,245.279
64290,5.05881,250.024
64320,5.05882,250.023
64350,5.058857,250.023
64380,5.058882,250.023
64410,5.058901,250.025
64440,5.058925,250.023
64470,5.058934,250.023
64500,5.058951,250.023
64530,5.058979,250.023
64560,5.058977,250.023
64590,5.058984,250.023
64620,5.058979,250.02200000000002
64650,5.059037,250.023
64680,5.059015,250.023
64710,5.059034,250.023
64740,5.059032,250.02200000000002
64770,5.059043,250.02200000000002
64800,5.059089,250.023
64830,5.059063,250.023
64860,5.059114,250.023
64890,5.059108,250.024
64920,5.059091,250.02200000000002
64950,5.059129,250.023
64980,5.059139,250.024
65010,5.05914,250.024
65040,5.059133,250.023
65070,5.059152,250.023
65100,5.059119,250.02200000000002
65130,5.059161,250.024
65160,5.059158,250.023
65190,5.059148,250.023
65220,5.059147,250.02200000000002
65250,5.059195,250.024
65280,5.059183,250.023
65310,5.059191,250.024
65340,5.059164,250.02200000000002
65370,5.0592,250.023
65400,5.059207,250.023
65430,5.059197,250.023
65460,5.059249,250.024
65490,5.059178,250.023
65520,5.059219,250.024
65550,5.059222,250.023
65580,5.059232,250.024
65610,5.059236,250.023
65640,5.059252,250.024
65670,5.059238,250.024
65700,2.000283,0.005189999999999999
65730,2.020194,0.00506
65760,2.040055,0.00539
65790,2.060647,0.00618
65820,2.080593,0.0069299999999999995
65850,2.100829,0.00674
65880,2.120714,0.00611
65910,2.140652,0.00624
65940,2.161273,0.0068
65970,2.181124,0.00614
66000,2.201068,0.00619
66030,2.221345,0.00635
66060,2.241201,0.00648
66090,2.261837,0.00658
66120,2.281729,0.00665
66150,2.301622,0.00673
66180,2.321565,0.00677
66210,2.341808,0.00685
66240,2.362419,0.00697
66270,2.382342,0.00726
66300,2.402257,0.00754
66330,2.422133,0.0074199999999999995
66360,2.442363,0.0069500000000000004
66390,2.462656,0.00691
66420,2.482887,0.007209999999999999
66450,2.502807,0.00709
66480,2.522758,0.00707
66510,2.54266,0.00726
66540,2.563239,0.00737
66570,2.583185,0.0075699999999999995
66600,2.603417,0.007580000000000001
66630,2.623317,0.00762
66660,2.64324,0.00766
66690,2.663846,0.007709999999999999
66720,2.683735,0.00775
66750,2.703662,0.00766
66780,2.723913,0.00789
66810,2.743829,0.00795
66840,2.764413,0.00801
66870,2.784298,0.00805
66900,2.804205,0.00816
66930,2.824436,0.008249999999999999
66960,2.844376,0.00831
66990,2.864954,0.00843
67020,2.884861,0.00851
67050,2.904812,0.008579999999999999
67080,2.924675,0.00869
67110,2.944951,0.008799999999999999
67140,2.965183,0.008929999999999999
67170,2.985417,0.00906
67200,3.00535,0.00918
67230,3.025212,0.00932
67260,3.045155,0.009489999999999998
67290,3.065769,0.00967
67320,3.085663,0.00986
67350,3.105916,0.0101
67380,3.125809,0.0102
67410,3.14571,0.010499999999999999
67440,3.166294,0.0107
67470,3.186204,0.011
67500,3.206132,0.011300000000000001
67530,3.226398,0.0117
67560,3.246281,0.012100000000000001
67590,3.266894,0.012499999999999999
67620,3.286766,0.0131
67650,3.306683,0.0138
67680,3.326904,0.014
67710,3.346832,0.0148
67740,3.367423,0.015600000000000001
67770,3.387327,0.0164
67800,3.407173,0.0173
67830,3.427107,0.0182
67860,3.447364,0.0195
67890,3.467592,0.020800000000000003
67920,3.487834,0.0223
67950,3.507732,0.024
67980,3.527656,0.025699999999999997
68010,3.547575,0.027800000000000002
68040,3.56813,0.030199999999999998
68070,3.588062,0.0328
68100,3.60828,0.035899999999999994
68130,3.628219,0.0392
68160,3.648085,0.0429
68190,3.668691,0.0473
68220,3.68856,0.0521
68250,3.708853,0.0576
68280,3.728734,0.06369999999999999
68310,3.749352,0.0709
68340,3.769311,0.07869999999999999
68370,3.789185,0.0875
68400,3.809068,0.0975
68430,3.829358,0.109
68460,3.84959,0.12200000000000001
68490,3.869848,0.13699999999999998
68520,3.889755,0.153
68550,3.909674,0.17200000000000001
68580,3.929598,0.193
68610,3.950148,0.218
68640,3.970096,0.245
68670,3.99035,0.277
68700,4.010216,0.312
68730,4.030135,0.352
68760,4.050756,0.399
68790,4.070664,0.44999999999999996
68820,4.090561,0.509
68850,4.110855,0.5770000000000001
68880,4.130791,0.653
68910,4.151413,0.742
68940,4.171313,0.84
68970,4.191211,0.952
69000,4.211402,1.08
69030,4.231289,1.23
69060,4.251809,1.4
69090,4.271798,1.5799999999999998
69120,4.29172,1.7999999999999998
69150,4.311615,2.04
69180,4.331886,2.33
69210,4.352134,2.65
69240,4.372395,3.02
69270,4.392352,3.43
69300,4.412234,3.9
69330,4.43217,4.4399999999999995
69360,4.452771,5.069999999999999
69390,4.472743,5.77
69420,4.493009,6.58
69450,4.512914,7.49
69480,4.532824,8.53
69510,4.553454,9.76
69540,4.573241,11.1
69570,4.59346,12.700000000000001
69600,4.613396,14.399999999999999
69630,4.633295,16.4
69660,4.653955,18.8
69690,4.673804,21.4
69720,4.693748,24.4
69750,4.71401,27.900000000000002
69780,4.733937,31.8
69810,4.75453,36.4
69840,4.774402,41.5
69870,4.794284,47.3
69900,4.814257,53.900000000000006
69930,4.834507,61.50000000000001
69960,4.854771,70.3
69990,4.875047,80.3
70020,4.894989,91.4
70050,4.914915,104.177
70080,4.934637,118.367
70110,4.955194,135.41
70140,4.975097,154.173
70170,4.995341,175.881
70200,5.015278,200.14600000000002
70230,5.035181,227.674
70260,5.049725,250.024
70290,5.049765,250.023
70320,5.049807,250.023
70350,5.04986,250.023
70380,5.049884,250.023
70410,5.0499,250.023
70440,5.049921,250.025
70470,5.049944,250.02200000000002
70500,5.049963,250.023
70530,5.049992,250.023
70560,5.050017,250.023
70590,5.050033,250.023
70620,5.050031,250.02200000000002
70650,5.050071,250.023
70680,5.050064,250.024
70710,5.050057,250.023
70740,5.050073,250.02200000000002
70770,5.050106,250.023
70800,5.050126,250.023
70830,5.050148,250.023
70860,5.050154,250.024
70890,5.050127,250.02100000000002
70920,5.050176,250.02200000000002
70950,5.050187,250.023
70980,5.050212,250.024
71010,5.050251,250.024
71040,5.050218,250.025
71070,5.050276,250.024
71100,5.050232,250.02200000000002
71130,5.050274,250.023
71160,5.050294,250.023
71190,5.050294,250.023
71220,5.050299,250.023
71250,5.050289,250.023
71280,5.050318,250.023
71310,5.050347,250.023
71340,5.050349,250.023
71370,5.050322,250.02200000000002
71400,5.050366,250.023
71430,5.050381,250.023
71460,5.050389,250.023
71490,5.050378,250.02100000000002
71520,5.050436,250.023
71550,5.050431,250.024
71580,5.050456,250.024
71610,5.05043,250.023
71640,5.050457,250.023
71670,5.05046,250.023
71700,2.000331,0.0057399999999999994
71730,2.020157,0.00586
71760,2.04007,0.0059
71790,2.060687,0.0059099999999999995
71820,2.080591,0.00593
71850,2.100828,0.00594
71880,2.120723,0.005880000000000001
71910,2.140659,0.00596
71940,2.161246,0.006050000000000001
71970,2.181166,0.00617
72000,2.201071,0.0062499999999999995
72030,2.221315,0.00628
72060,2.241264,0.00632
72090,2.261851,0.00634
72120,2.28173,0.0062900000000000005
72150,2.301651,0.00635
72180,2.321585,0.006500000000000001
72210,2.341844,0.00647
72240,2.362425,0.00654
72270,2.382352,0.00664
72300,2.402253,0.006699999999999999
72330,2.422172,0.00677
72360,2.442403,0.00679
72390,2.46268,0.00683
72420,2.482908,0.00688
72450,2.502841,0.00686
72480,2.522758,0.00698
72510,2.542687,0.007
72540,2.56325,0.00706
72570,2.583185,0.0071200000000000005
72600,2.60342,0.00723
72630,2.623319,0.00728
72660,2.643203,0.00731
72690,2.66381,0.00734
72720,2.683744,0.007379999999999999
72750,2.703699,0.007510000000000001
72780,2.723883,0.007520000000000001
72810,2.743833,0.00762
72840,2.76443,0.007709999999999999
72870,2.784342,0.00778
72900,2.804234,0.00787
72930,2.824445,0.00796
72960,2.844393,0.00802
72990,2.86498,0.008150000000000001
73020,2.884892,0.008239999999999999
73050,2.904788,0.00832
73080,2.924713,0.008490000000000001
73110,2.944934,0.008610000000000001
73140,2.965155,0.00873
73170,2.985426,0.008929999999999999
73200,3.005367,0.00905
73230,3.025278,0.0092
73260,3.04518,0.00939
73290,3.065768,0.00959
73320,3.085698,0.009819999999999999
73350,3.105968,0.0101
73380,3.125857,0.0103
73410,3.145755,0.0106
73440,3.166327,0.011
73470,3.186262,0.011300000000000001
73500,3.206131,0.0117
73530,3.226391,0.012100000000000001
73560,3.24632,0.0126
73590,3.266895,0.0132
73620,3.286827,0.0138
73650,3.306676,0.0145
73680,3.326969,0.015300000000000001
73710,3.346836,0.0161
73740,3.367444,0.0171
73770,3.387347,0.0182
73800,3.407193,0.0193
73830,3.427132,0.0207
73860,3.447384,0.0222
73890,3.467612,0.023899999999999998
73920,3.487818,0.0258
73950,3.507744,0.028
73980,3.5277,0.0304
74010,3.547583,0.0331
74040,3.568186,0.0362
74070,3.588091,0.0397
74100,3.608333,0.0436
74130,3.628222,0.048
74160,3.648151,0.053
74190,3.668715,0.0587
74220,3.688652,0.06509999999999999
74250,3.708884,0.0724
74280,3.728796,0.0805
74310,3.749383,0.09
74340,3.769306,0.09999999999999999
74370,3.789244,0.112
74400,3.809149,0.125
74430,3.82938,0.14100000000000001
74460,3.849607,0.158
74490,3.869859,0.17800000000000002
74520,3.889784,0.19999999999999998
74550,3.909696,0.22499999999999998
74580,3.929626,0.254
74610,3.95019,0.28700000000000003
74640,3.970112,0.324
74670,3.990365,0.36600000000000005
74700,4.010271,0.413
74730,4.030164,0.46699999999999997
74760,4.050794,0.531
74790,4.070703,0.6
74820,4.090622,0.6799999999999999
74850,4.110885,0.771
74880,4.13085,0.874
74910,4.151458,0.995
74940,4.171193,1.13
74970,4.191119,1.28
75000,4.211372,1.46
75030,4.231294,1.6500000000000001
75060,4.251896,1.88
75090,4.271811,2.1399999999999997
75120,4.291727,2.43
75150,4.311638,2.77
75180,4.331889,3.15
75210,4.352176,3.59
75240,4.372415,4.09
75270,4.392358,4.66
75300,4.412265,5.3
75330,4.432237,6.04
75360,4.452837,6.9
75390,4.472788,7.859999999999999
75420,4.493056,8.97
75450,4.512966,10.200000000000001
75480,4.532732,11.600000000000001
75510,4.55333,13.299999999999999
75540,4.573263,15.2
75570,4.593524,17.3
75600,4.613395,19.700000000000003
75630,4.633349,22.5
75660,4.653929,25.8
75690,4.673851,29.4
75720,4.693803,33.5
75750,4.714046,38.2
75780,4.733978,43.6
75810,4.754543,49.9
75840,4.774417,56.8
75870,4.794349,64.8
75900,4.814265,73.80000000000001
75930,4.834586,84.3
75960,4.854824,96.3
75990,4.87486,109.71199999999999
76020,4.894765,125.00599999999999
76050,4.914685,142.38400000000001
76080,4.934613,162.11200000000002
76110,4.955211,185.32299999999998
76140,4.975137,210.90099999999998
76170,4.995393,240.49
76200,5.001474,250.025
76230,5.001504,250.024
76260,5.001503,250.023
76290,5.001549,250.024
76320,5.001575,250.024
76350,5.001578,250.023
76380,5.001625,250.024
76410,5.001632,250.024
76440,5.001623,250.02200000000002
76470,5.00166,250.024
76500,5.001667,250.024
76530,5.001685,250.024
76560,5.001649,250.02200000000002
76590,5.001688,250.024
76620,5.00166,250.023
76650,5.001694,250.023
76680,5.001706,250.023
76710,5.001674,250.023
76740,5.001729,250.023
76770,5.001736,250.024
76800,5.001734,250.024
76830,5.001745,250.025
76860,5.001708,250.02200000000002
76890,5.001759,250.023
76920,5.001755,250.02200000000002
76950,5.001753,250.023
76980,5.001766,250.025
77010,5.001763,250.023
77040,5.001777,250.024
77070,5.001761,250.023
77100,5.001778,250.023
77130,5.001793,250.023
77160,5.00177,250.02200000000002
77190,5.001784,250.024
77220,5.001793,250.02200000000002
77250,5.001815,250.024
77280,5.001809,250.023
77310,5.00179,250.02200000000002
77340,5.001821,250.023
77370,5.00183,250.023
77400,5.001841,250.023
77430,5.00184,250.024
77460,5.001832,250.023
77490,5.001831,250.02200000000002
77520,5.001848,250.023
77550,5.001856,250.02200000000002
77580,5.001863,250.024
77610,5.001861,250.023
77640,5.001878,250.025
77670,5.001894,250.024
77700,2.000308,0.00595
77730,2.020158,0.0059099999999999995
77760,2.040077,0.00583
77790,2.060678,0.00576
77820,2.080602,0.00577
77850,2.100831,0.00585
77880,2.120711,0.0059900000000000005
77910,2.140648,0.006050000000000001
77940,2.161234,0.00614
77970,2.181138,0.00622
78000,2.201088,0.00623
78030,2.221318,0.0063
78060,2.241248,0.00635
78090,2.261832,0.00636
78120,2.281739,0.00639
78150,2.30164,0.00639
78180,2.321598,0.00641
78210,2.341805,0.00654
78240,2.362431,0.00662
78270,2.382358,0.006699999999999999
78300,2.402272,0.00681
78330,2.42215,0.00681
78360,2.442414,0.0068
78390,2.462672,0.00685
78420,2.482896,0.006869999999999999
78450,2.502837,0.0069500000000000004
78480,2.52273,0.007039999999999999
78510,2.542663,0.0070999999999999995
78540,2.563231,0.0072
78570,2.583125,0.00726
78600,2.603428,0.00731
78630,2.623311,0.007379999999999999
78660,2.643211,0.0074
78690,2.663832,0.00743
78720,2.683728,0.007520000000000001
78750,2.703651,0.00761
78780,2.723884,0.00769
78810,2.743842,0.0078000000000000005
78840,2.764415,0.007899999999999999
78870,2.784312,0.00797
78900,2.804226,0.00808
78930,2.824504,0.008150000000000001
78960,2.844377,0.008249999999999999
78990,2.864949,0.00833
79020,2.884877,0.00844
79050,2.904779,0.008589999999999999
79080,2.924693,0.00874
79110,2.944948,0.00889
79140,2.965186,0.00907
79170,2.985428,0.009219999999999999
79200,3.00536,0.00939
79230,3.025249,0.0096
79260,3.045167,0.00981
79290,3.065754,0.0101
79320,3.085664,0.010400000000000001
79350,3.105938,0.0106
79380,3.125827,0.011
79410,3.145706,0.011300000000000001
79440,3.166273,0.0117
79470,3.186263,0.0122
79500,3.206125,0.0127
79530,3.226375,0.0132
79560,3.246275,0.0138
79590,3.266888,0.0145
79620,3.286789,0.015300000000000001
79650,3.306672,0.0161
79680,3.326921,0.0171
79710,3.346827,0.0181
79740,3.367433,0.019399999999999997
79770,3.387312,0.0207
79800,3.407198,0.0222
79830,3.427095,0.0238
79860,3.447361,0.025699999999999997
79890,3.467613,0.027899999999999998
79920,3.487843,0.0303
79950,3.507727,0.032999999999999995
79980,3.527664,0.036
80010,3.547582,0.039400000000000004
80040,3.568155,0.0434
80070,3.588073,0.0477
80100,3.608313,0.052700000000000004
80130,3.628241,0.0582
80160,3.648134,0.0645
80190,3.668703,0.0717
80220,3.688612,0.07970000000000001
80250,3.708854,0.08889999999999999
80280,3.728781,0.0991
80310,3.749379,0.111
80340,3.769285,0.124
80370,3.789212,0.13899999999999998
80400,3.809134,0.156
80430,3.829386,0.175
80460,3.8496,0.197
80490,3.869885,0.222
80520,3.889745,0.25
80550,3.909698,0.28200000000000003
80580,3.929621,0.317
80610,3.950166,0.36
80640,3.970143,0.406
80670,3.99035,0.459
80700,4.010265,0.519
80730,4.030159,0.587
80760,4.050835,0.667
80790,4.070717,0.755
80820,4.090642,0.855
80850,4.110905,0.9710000000000001
80880,4.130713,1.1
80910,4.151293,1.25
80940,4.171202,1.42
80970,4.191119,1.61
81000,4.211394,1.83
81030,4.231299,2.08
81060,4.251891,2.37
81090,4.271805,2.69
81120,4.291716,3.06
81150,4.311646,3.48
81180,4.331896,3.97
81210,4.352153,4.52
81240,4.372438,5.1499999999999995
81270,4.392367,5.859999999999999
81300,4.412312,6.67
81330,4.432212,7.59
81360,4.452847,8.68
81390,4.472793,9.88
81420,4.49291,11.3
81450,4.512838,12.799999999999999
81480,4.532707,14.600000000000001
81510,4.553308,16.7
81540,4.573247,19.0
81570,4.593499,21.7
81600,4.613431,24.8
81630,4.633327,28.2
81660,4.653936,32.3
81690,4.67386,36.8
81720,4.693806,41.9
81750,4.71402,47.800000000000004
81780,4.733957,54.5
81810,4.754567,62.4
81840,4.774435,71.0
81870,4.794369,80.9
81900,4.814281,92.2
81930,4.83434,104.961
81960,4.854601,119.837
81990,4.87485,136.713
82020,4.894772,155.61700000000002
82050,4.914712,177.1
82080,4.934588,201.496
82110,4.9552,230.14600000000002
82140,4.968073,250.024
82170,4.968137,250.024
82200,4.96816,250.023
82230,4.968173,250.02100000000002
82260,4.968171,250.023
82290,4.968228,250.023
82320,4.968234,250.02200000000002
82350,4.968255,250.02200000000002
82380,4.968307,250.023
82410,4.968307,250.023
82440,4.968335,250.024
82470,4.968343,250.023
82500,4.968351,250.023
82530,4.96839,250.02200000000002
82560,4.968374,250.02100000000002
82590,4.968359,250.02200000000002
82620,4.968411,250.023
82650,4.968419,250.023
82680,4.968427,250.023
82710,4.968429,250.024
82740,4.968464,250.024
82770,4.968457,250.024
82800,4.968453,250.02200000000002
82830,4.968486,250.025
82860,4.968481,250.023
82890,4.968521,250.023
82920,4.968515,250.023
82950,4.968561,250.023
82980,4.968548,250.024
83010,4.968538,250.024
83040,4.96852,250.02200000000002
83070,4.968543,250.02100000000002
83100,4.968555,250.02200000000002
83130,4.968602,250.024
83160,4.968623,250.023
83190,4.968616,250.023
83220,4.968653,250.023
83250,4.968645,250.023
83280,4.968668,250.023
83310,4.968659,250.023
83340,4.968677,250.023
83370,4.968665,250.023
83400,4.96869,250.023
83430,4.968699,250.024
83460,4.968738,250.023
83490,4.968742,250.024
83520,4.968723,250.023
83550,4.968738,250.023
83580,4.96875,250.023
83610,4.968784,250.02200000000002
83640,4.968804,250.023
83670,4.968779,250.02100000000002
83700,2.00031,0.00547
83730,2.020188,0.00558
83760,2.040083,0.00583
83790,2.060676,0.00604
83820,2.080587,0.0060799999999999995
83850,2.100828,0.00594
83880,2.12075,0.00581
83910,2.140663,0.00592
83940,2.161252,0.00668
83970,2.181175,0.0061200000000000004
84000,2.201067,0.00613
84030,2.221319,0.0061600000000000005
84060,2.241252,0.00618
84090,2.261818,0.00617
84120,2.281769,0.00623
84150,2.301649,0.00631
84180,2.32157,0.00635
84210,2.34183,0.00639
84240,2.362426,0.0064199999999999995
84270,2.382338,0.00652
84300,2.402289,0.00656
84330,2.422165,0.00661
84360,2.442411,0.00668
84390,2.462668,0.006699999999999999
84420,2.482936,0.0067800000000000004
84450,2.502846,0.00685
84480,2.522737,0.00697
84510,2.54266,0.00726
84540,2.563212,0.00672
84570,2.583141,0.00697
84600,2.60339,0.0070999999999999995
84630,2.623321,0.00714
84660,2.64323,0.00717
84690,2.663811,0.00725
84720,2.683735,0.00731
84750,2.703629,0.007390000000000001
84780,2.723862,0.0075
84810,2.743807,0.007580000000000001
84840,2.764414,0.00769
84870,2.784315,0.007769999999999999
84900,2.804203,0.00784
84930,2.824448,0.00797
84960,2.844384,0.008060000000000001
84990,2.864963,0.008150000000000001
85020,2.884857,0.00829
85050,2.904767,0.008400000000000001
85080,2.924703,0.00855
85110,2.944942,0.00877
85140,2.965124,0.008950000000000001
85170,2.985417,0.009139999999999999
85200,3.005338,0.00939
85230,3.025248,0.00933
85260,3.045154,0.008119999999999999
85290,3.065771,0.00939
85320,3.085631,0.0101
85350,3.105904,0.010400000000000001
85380,3.125834,0.00999
85410,3.145717,0.011399999999999999
85440,3.1663,0.0112
85470,3.186228,0.011399999999999999
85500,3.20612,0.012299999999999998
85530,3.22637,0.013000000000000001
85560,3.246288,0.013399999999999999
85590,3.266883,0.014199999999999999
85620,3.286819,0.015
85650,3.306693,0.0159
85680,3.32693,0.0169
85710,3.346824,0.018
85740,3.367433,0.0192
85770,3.387337,0.0205
85800,3.407158,0.022
85830,3.427104,0.0236
85860,3.447348,0.0255
85890,3.467587,0.0277
85920,3.48785,0.0301
85950,3.507757,0.0329
85980,3.527672,0.035899999999999994
86010,3.54757,0.0393
86040,3.568125,0.0433
86070,3.588047,0.0476
86100,3.608295,0.0525
86130,3.628209,0.0581
86160,3.648121,0.0643
86190,3.668712,0.07160000000000001
86220,3.688632,0.0796
86250,3.708849,0.0888
86280,3.728779,0.0991
86310,3.749402,0.111
86340,3.769308,0.124
86370,3.789224,0.13899999999999998
86400,3.809126,0.156
86430,3.829366,0.175
86460,3.849622,0.197
86490,3.869882,0.222
86520,3.889818,0.25
86550,3.909684,0.28200000000000003
86580,3.929616,0.317
86610,3.950212,0.36
86640,3.970136,0.406
86670,3.990407,0.459
86700,4.010288,0.519
86730,4.030231,0.587
86760,4.050827,0.667
86790,4.070745,0.755
86820,4.090662,0.855
86850,4.110932,0.9700000000000001
86880,4.130719,1.1
86910,4.151303,1.25
86940,4.171208,1.42
86970,4.191144,1.61
87000,4.2114,1.83
87030,4.231329,2.08
87060,4.251936,2.37
87090,4.271829,2.69
87120,4.291753,3.06
87150,4.311662,3.48
87180,4.331938,3.9600000000000004
87210,4.352188,4.52
87240,4.372435,5.1499999999999995
87270,4.392374,5.859999999999999
87300,4.412302,6.66
87330,4.432234,7.58
87360,4.452868,8.67
87390,4.472819,9.870000000000001
87420,4.492931,11.2
87450,4.512825,12.799999999999999
87480,4.532728,14.600000000000001
87510,4.553319,16.7
87540,4.573291,19.0
87570,4.593522,21.7
87600,4.613429,24.7
87630,4.633349,28.2
87660,4.653981,32.3
87690,4.673879,36.699999999999996
87720,4.693757,41.9
87750,4.71407,47.800000000000004
87780,4.733987,54.5
87810,4.754582,62.4
87840,4.774432,71.0
87870,4.794384,80.9
87900,4.814307,92.2
87930,4.834363,104.992
87960,4.854652,119.893
87990,4.874867,136.818
88020,4.894744,155.748
88050,4.914733,177.292
88080,4.934653,201.753
88110,4.955221,230.511
88140,4.967822,250.024
88170,4.967817,250.02200000000002
88200,4.967865,250.023
88230,4.967908,250.024
88260,4.967933,250.023
88290,4.96795,250.02200000000002
88320,4.967974,250.025
88350,4.967991,250.024
88380,4.968016,250.023
88410,4.968033,250.025
88440,4.968043,250.024
88470,4.96808,250.025
88500,4.968058,250.024
88530,4.968104,250.024
88560,4.968085,250.023
88590,4.9681,250.024
88620,4.968085,250.023
88650,4.968143,250.024
88680,4.968145,250.024
88710,4.968166,250.023
88740,4.96819,250.024
88770,4.968172,250.024
88800,4.96813,250.02200000000002
88830,4.968179,250.025
88860,4.968215,250.024
88890,4.968204,250.024
88920,4.968202,250.024
88950,4.96821,250.024
88980,4.968188,250.023
89010,4.968232,250.024
89040,4.968216,250.023
89070,4.968232,250.023
89100,4.968217,250.02200000000002
89130,4.96827,250.025
89160,4.968275,250.024
89190,4.968279,250.024
89220,4.968298,250.024
89250,4.968324,250.024
89280,4.968277,250.023
89310,4.968274,250.023
89340,4.968315,250.025
89370,4.968339,250.023
89400,4.968306,250.02100000000002
89430,4.968339,250.024
89460,4.968342,250.023
89490,4.968369,250.024
89520,4.968331,250.02200000000002
89550,4.968369,250.024
89580,4.968376,250.024
89610,4.968369,250.023
89640,4.968347,250.02200000000002
89670,4.968385,250.023
89700,2.000318,0.00484
89730,2.02016,0.0049499999999999995
89760,2.040075,0.00496
89790,2.060663,0.00498
89820,2.080584,0.00501
89850,2.100803,0.00506
89880,2.120733,0.00513
89910,2.140669,0.005200000000000001
89940,2.161234,0.005189999999999999
89970,2.181168,0.0052499999999999995
90000,2.201056,0.0052899999999999996
90030,2.221316,0.0053100000000000005
90060,2.241295,0.005370000000000001
90090,2.261835,0.00541
90120,2.281736,0.0054199999999999995
90150,2.301648,0.0055
90180,2.321562,0.005540000000000001
90210,2.341798,0.00558
90240,2.362416,0.00562
90270,2.382322,0.00566
90300,2.402282,0.00572
90330,2.422165,0.00577
90360,2.442442,0.005880000000000001
90390,2.46267,0.0058
90420,2.482912,0.00593
90450,2.502831,0.00595
90480,2.522757,0.00602
90510,2.542673,0.00609
90540,2.563226,0.00614
90570,2.583189,0.0062
90600,2.603413,0.00628
90630,2.623319,0.0063
90660,2.64322,0.00637
90690,2.663847,0.00645
90720,2.683723,0.00652
90750,2.703668,0.00658
90780,2.723908,0.00663
90810,2.743834,0.00671
90840,2.764388,0.00683
90870,2.784312,0.00692
90900,2.804221,0.00702
90930,2.824486,0.0071200000000000005
90960,2.844389,0.0072
90990,2.864952,0.00733
91020,2.884877,0.00745
91050,2.904769,0.00759
91080,2.924703,0.00775
91110,2.944963,0.00789
91140,2.965183,0.008060000000000001
91170,2.985439,0.008270000000000001
91200,3.005349,0.00845
91230,3.025266,0.00868
91260,3.045173,0.00894
91290,3.065745,0.00921
91320,3.08565,0.009510000000000001
91350,3.105954,0.00986
91380,3.125847,0.0102
91410,3.145746,0.0106
91440,3.166338,0.0111
91470,3.186253,0.0116
91500,3.206151,0.012100000000000001
91530,3.226392,0.0128
91560,3.24632,0.0135
91590,3.266897,0.0143
91620,3.286787,0.015099999999999999
91650,3.306684,0.0161
91680,3.326958,0.0172
91710,3.346828,0.0184
91740,3.367401,0.0199
91770,3.387335,0.0214
91800,3.4072,0.0231
91830,3.427109,0.0251
91860,3.44736,0.027299999999999998
91890,3.467586,0.0298
91920,3.487831,0.032600000000000004
91950,3.507738,0.0357
91980,3.527683,0.0392
92010,3.547583,0.0432
92040,3.56819,0.047799999999999995
92070,3.588058,0.052899999999999996
92100,3.608328,0.0587
92130,3.628255,0.06509999999999999
92160,3.648164,0.0724
92190,3.668722,0.0809
92220,3.688639,0.0902
92250,3.7089,0.101
92280,3.728766,0.113
92310,3.749383,0.127
92340,3.769324,0.142
92370,3.789223,0.16
92400,3.809162,0.179
92430,3.829368,0.202
92460,3.849644,0.228
92490,3.869907,0.257
92520,3.889805,0.28900000000000003
92550,3.909722,0.32599999999999996
92580,3.92965,0.368
92610,3.950226,0.417
92640,3.970211,0.472
92670,3.990454,0.534
92700,4.010321,0.604
92730,4.030249,0.6829999999999999
92760,4.050895,0.777
92790,4.070771,0.88
92820,4.090715,0.9969999999999999
92850,4.110793,1.13
92880,4.130732,1.28
92910,4.151329,1.46
92940,4.171213,1.66
92970,4.19117,1.88
93000,4.211413,2.1399999999999997
93030,4.23133,2.43
93060,4.251923,2.77
93090,4.271836,3.15
93120,4.291743,3.58
93150,4.311684,4.07
93180,4.331952,4.64
93210,4.352213,5.28
93240,4.372467,6.02
93270,4.392397,6.86
93300,4.41234,7.8
93330,4.432275,8.879999999999999
93360,4.452879,10.200000000000001
93390,4.47268,11.5
93420,4.492942,13.200000000000001
93450,4.512826,15.0
93480,4.532756,17.099999999999998
93510,4.553333,19.5
93540,4.573284,22.3
93570,4.593515,25.400000000000002
93600,4.613458,29.0
93630,4.633366,33.0
93660,4.653995,37.8
93690,4.673891,43.0
93720,4.693795,49.0
93750,4.714063,56.0
93780,4.734003,63.800000000000004
93810,4.754571,73.0
93840,4.774474,83.1
93870,4.794439,94.7
93900,4.814043,107.606
93930,4.834324,122.88500000000002
93960,4.854598,140.244
93990,4.874861,160.006
94020,4.894775,182.124
94050,4.914716,207.296
94080,4.934594,235.835
94110,4.943738,250.024
94140,4.943743,250.024
94170,4.943793,250.024
94200,4.943772,250.024
94230,4.943808,250.023
94260,4.943836,250.024
94290,4.943833,250.02200000000002
94320,4.943831,250.02200000000002
94350,4.943885,250.024
94380,4.943886,250.024
94410,4.943936,250.024
94440,4.94393,250.024
94470,4.943929,250.024
94500,4.943959,250.025
94530,4.943989,250.024
94560,4.943967,250.024
94590,4.944002,250.025
94620,4.943976,250.023
94650,4.943997,250.024
94680,4.943995,250.024
94710,4.944,250.024
94740,4.944005,250.025
94770,4.944025,250.024
94800,4.944024,250.024
94830,4.944067,250.024
94860,4.944016,250.023
94890,4.944055,250.024
94920,4.944078,250.024
94950,4.944054,250.024
94980,4.944083,250.024
95010,4.944094,250.024
95040,4.944075,250.024
95070,4.944067,250.023
95100,4.944103,250.024
95130,4.944093,250.025
95160,4.944092,250.024
95190,4.94407,250.023
95220,4.944115,250.024
95250,4.944086,250.023
95280,4.944104,250.023
95310,4.944105,250.02200000000002
95340,4.944099,250.023
95370,4.94415,250.024
95400,4.944123,250.023
95430,4.944138,250.024
95460,4.94418,250.025
95490,4.944149,250.024
95520,4.944169,250.025
95550,4.944148,250.024
95580,4.944166,250.023
95610,4.944139,250.02200000000002
95640,4.944184,250.024
95670,4.944148,250.023
95700,2.000333,0.004580000000000001
95730,2.020171,0.0046500000000000005
95760,2.040076,0.00468
95790,2.060689,0.00473
95820,2.080598,0.0047799999999999995
95850,2.100823,0.0048200000000000005
95880,2.120738,0.004849999999999999
95910,2.14067,0.0049099999999999994
95940,2.161264,0.00494
95970,2.181163,0.00497
96000,2.201046,0.00504
96030,2.221307,0.00509
96060,2.241256,0.00514
96090,2.261828,0.00518
96120,2.281743,0.00521
96150,2.301657,0.00527
96180,2.321573,0.00532
96210,2.341831,0.00534
96240,2.36242,0.00541
96270,2.382338,0.00543
96300,2.402262,0.00547
96330,2.422168,0.005529999999999999
96360,2.442427,0.00559
96390,2.462687,0.00564
96420,2.482913,0.005710000000000001
96450,2.502813,0.00573
96480,2.522727,0.00579
96510,2.54265,0.00586
96540,2.563216,0.0059
96570,2.583185,0.00597
96600,2.60344,0.00602
96630,2.62332,0.00607
96660,2.643222,0.006149999999999999
96690,2.663847,0.00623
96720,2.683733,0.0062900000000000005
96750,2.703666,0.00637
96780,2.723925,0.00643
96810,2.743817,0.00649
96840,2.76442,0.00662
96870,2.784338,0.00669
96900,2.804235,0.00679
96930,2.824486,0.00692
96960,2.8444,0.007
96990,2.864948,0.00713
97020,2.884893,0.00728
97050,2.904765,0.00741
97080,2.924711,0.0075699999999999995
97110,2.94496,0.007730000000000001
97140,2.965153,0.00788
97170,2.985424,0.00811
97200,3.00532,0.00832
97230,3.025278,0.00856
97260,3.045147,0.00884
97290,3.065761,0.00911
97320,3.085687,0.00942
97350,3.105945,0.009819999999999999
97380,3.125861,0.0102
97410,3.145765,0.0106
97440,3.166322,0.0111
97470,3.186255,0.0116
97500,3.206149,0.012299999999999998
97530,3.226382,0.0129
97560,3.24631,0.0137
97590,3.266896,0.0145
97620,3.286803,0.015399999999999999
97650,3.306666,0.016499999999999997
97680,3.326949,0.0177
97710,3.346841,0.019000000000000003
97740,3.367442,0.0205
97770,3.38733,0.0222
97800,3.407225,0.024
97830,3.427116,0.026099999999999998
97860,3.447357,0.0285
97890,3.46759,0.0311
97920,3.487857,0.0342
97950,3.50774,0.0375
97980,3.527667,0.0412
98010,3.547595,0.0455
98040,3.568143,0.0504
98070,3.588064,0.0559
98100,3.60831,0.062099999999999995
98130,3.628261,0.06899999999999999
98160,3.64815,0.0768
98190,3.668717,0.08589999999999999
98220,3.6886,0.0959
98250,3.708897,0.10700000000000001
98280,3.728791,0.12
98310,3.749411,0.135
98340,3.769352,0.15200000000000002
98370,3.789222,0.16999999999999998
98400,3.80916,0.191
98430,3.829396,0.215
98460,3.849627,0.243
98490,3.869932,0.27399999999999997
98520,3.889827,0.309
98550,3.909719,0.348
98580,3.929674,0.39299999999999996
98610,3.950221,0.446
98640,3.970158,0.504
98670,3.990405,0.5710000000000001
98700,4.010291,0.646
98730,4.030264,0.73
98760,4.050889,0.83
98790,4.070797,0.94
98820,4.090575,1.06
98850,4.110808,1.21
98880,4.130748,1.37
98910,4.151317,1.56
98940,4.171216,1.77
98970,4.191157,2.01
99000,4.211434,2.29
99030,4.231352,2.6
99060,4.251948,2.96
99090,4.271858,3.36
99120,4.291778,3.82
99150,4.311714,4.34
99180,4.331977,4.95
99210,4.352222,5.640000000000001
99240,4.372477,6.430000000000001
99270,4.392436,7.3100000000000005
99300,4.41239,8.32
99330,4.43231,9.47
99360,4.452784,10.8
99390,4.472675,12.3
99420,4.492935,14.0
99450,4.512844,16.0
99480,4.53276,18.2
99510,4.553385,20.8
99540,4.573325,23.7
99570,4.593533,27.0
99600,4.613455,30.800000000000004
99630,4.633377,35.1
99660,4.653984,40.1
99690,4.673899,45.7
99720,4.693841,52.1
99750,4.714073,59.4
99780,4.734027,67.7
99810,4.754612,77.39999999999999
99840,4.774482,88.1
99870,4.794425,100.39099999999999
99900,4.814126,114.026
99930,4.834381,130.152
99960,4.854636,148.468
99990,4.874875,169.311
100020,4.894793,192.624
100050,4.914715,219.142
100080,4.934626,249.31999999999996
100110,4.935194,250.023
100140,4.93526,250.023
100170,4.935259,250.024
100200,4.935306,250.025
100230,4.935352,250.024
100260,4.935328,250.023
100290,4.935372,250.024
100320,4.935391,250.023
100350,4.935393,250.023
100380,4.935403,250.024
100410,4.93542,250.02200000000002
100440,4.935432,250.024
100470,4.935413,250.02100000000002
100500,4.935445,250.024
100530,4.935474,250.024
100560,4.935475,250.023
100590,4.935489,250.024
100620,4.935496,250.024
100650,4.935489,250.023
100680,4.935517,250.02200000000002
100710,4.935488,250.023
100740,4.935533,250.025
100770,4.935518,250.023
100800,4.935542,250.024
100830,4.935553,250.023
100860,4.935542,250.023
100890,4.93556,250.025
100920,4.935558,250.024
100950,4.93556,250.024
100980,4.935589,250.024
101010,4.935586,250.023
101040,4.935582,250.023
101070,4.935564,250.02200000000002
101100,4.93561,250.023
101130,4.935583,250.023
101160,4.935591,250.024
101190,4.935575,250.02200000000002
101220,4.935574,250.02200000000002
101250,4.935657,250.024
101280,4.935606,250.02200000000002
101310,4.935642,250.025
101340,4.935648,250.024
101370,4.935644,250.023
101400,4.935645,250.02200000000002
101430,4.935629,250.02200000000002
101460,4.935651,250.024
101490,4.935694,250.025
101520,4.935679,250.023
101550,4.935716,250.024
101580,4.935685,250.02200000000002
101610,4.935691,250.023
101640,4.935667,250.023
101670,4.935701,250.025
101700,2.000312,0.00564
101730,2.020189,0.00573
101760,2.040086,0.0057399999999999994
101790,2.060684,0.0058
101820,2.080593,0.00585
101850,2.100838,0.0059
101880,2.120725,0.00596
101910,2.140671,0.0059900000000000005
101940,2.161266,0.00603
101970,2.18117,0.0061
102000,2.201053,0.006149999999999999
102030,2.221317,0.00618
102060,2.241245,0.00626
102090,2.261842,0.0062900000000000005
102120,2.28176,0.00632
102150,2.301658,0.00639
102180,2.321578,0.00644
102210,2.341835,0.006500000000000001
102240,2.362403,0.00656
102270,2.382322,0.0066
102300,2.402277,0.00665
102330,2.422183,0.00672
102360,2.44242,0.0067599999999999995
102390,2.462672,0.00683
102420,2.482912,0.006869999999999999
102450,2.502841,0.00692
102480,2.522759,0.00699
102510,2.542641,0.00705
102540,2.563254,0.00711
102570,2.583162,0.00718
102600,2.60344,0.007220000000000001
102630,2.623312,0.0072900000000000005
102660,2.64321,0.007390000000000001
102690,2.663839,0.00745
102720,2.683708,0.007520000000000001
102750,2.703659,0.00761
102780,2.723917,0.007670000000000001
102810,2.743834,0.0077599999999999995
102840,2.764417,0.00786
102870,2.78432,0.00795
102900,2.804191,0.008060000000000001
102930,2.824469,0.008150000000000001
102960,2.844393,0.008249999999999999
102990,2.864972,0.00839
103020,2.884847,0.00851
103050,2.9048,0.00866
103080,2.924711,0.00882
103110,2.944939,0.00897
103140,2.965157,0.009139999999999999
103170,2.985414,0.00936
103200,3.005365,0.009559999999999999
103230,3.025246,0.00979
103260,3.04516,0.01
103290,3.065751,0.0103
103320,3.085666,0.0106
103350,3.105964,0.011
103380,3.125857,0.011300000000000001
103410,3.145738,0.0118
103440,3.166322,0.0122
103470,3.18624,0.0127
103500,3.206163,0.0133
103530,3.22639,0.013900000000000001
103560,3.246283,0.0146
103590,3.266882,0.015399999999999999
103620,3.286812,0.016300000000000002
103650,3.306686,0.0173
103680,3.326946,0.0184
103710,3.346849,0.0196
103740,3.367435,0.020999999999999998
103770,3.387322,0.022600000000000002
103800,3.407209,0.0243
103830,3.427094,0.0262
103860,3.447378,0.028399999999999998
103890,3.467606,0.0309
103920,3.48785,0.0337
103950,3.507743,0.0368
103980,3.527639,0.040299999999999996
104010,3.547567,0.0443
104040,3.568165,0.0489
104070,3.588097,0.053899999999999997
104100,3.608306,0.059699999999999996
104130,3.628242,0.0661
104160,3.64815,0.07339999999999999
104190,3.668702,0.0818
104220,3.688631,0.0911
104250,3.708893,0.102
104280,3.728785,0.114
104310,3.749414,0.128
104340,3.769317,0.143
104370,3.78924,0.16
104400,3.809106,0.18
104430,3.829404,0.202
104460,3.849633,0.228
104490,3.869907,0.257
104520,3.889791,0.28900000000000003
104550,3.90972,0.325
104580,3.92961,0.367
104610,3.950223,0.41600000000000004
104640,3.97015,0.47
104670,3.990381,0.532
104700,4.010297,0.6010000000000001
104730,4.030218,0.6799999999999999
104760,4.050851,0.772
104790,4.070755,0.874
104820,4.090674,0.9900000000000001
104850,4.110772,1.12
104880,4.130723,1.27
104910,4.151329,1.4500000000000002
104940,4.171202,1.64
104970,4.191138,1.8599999999999999
105000,4.211397,2.12
105030,4.231315,2.4099999999999997
105060,4.251936,2.75
105090,4.27185,3.12
105120,4.291728,3.54
105150,4.311655,4.03
105180,4.331935,4.59
105210,4.352203,5.2299999999999995
105240,4.372445,5.96
105270,4.392354,6.78
105300,4.412331,7.710000000000001
105330,4.432259,8.780000000000001
105360,4.452863,10.0
105390,4.472652,11.399999999999999
105420,4.492925,13.0
105450,4.512841,14.8
105480,4.532746,16.900000000000002
105510,4.553335,19.3
105540,4.573283,22.0
105570,4.593531,25.1
105600,4.613428,28.5
105630,4.633368,32.5
105660,4.653983,37.2
105690,4.673892,42.4
105720,4.693803,48.300000000000004
105750,4.714062,55.099999999999994
105780,4.734012,62.8
105810,4.754599,71.8
105840,4.774461,81.8
105870,4.794375,93.1
105900,4.814046,105.783
105930,4.834372,120.768
105960,4.854609,137.782
105990,4.874869,157.136
106020,4.89477,178.816
106050,4.91472,203.459
106080,4.934627,231.40699999999998
106110,4.946658,250.023
106140,4.946721,250.023
106170,4.946736,250.02100000000002
106200,4.946808,250.024
106230,4.946802,250.02200000000002
106260,4.946858,250.023
106290,4.946867,250.023
106320,4.946923,250.023
106350,4.94695,250.023
106380,4.94697,250.023
106410,4.946981,250.024
106440,4.946977,250.023
106470,4.947021,250.023
106500,4.947027,250.024
106530,4.947053,250.024
106560,4.947052,250.024
106590,4.947088,250.024
106620,4.947086,250.02200000000002
106650,4.947083,250.02200000000002
106680,4.947112,250.02200000000002
106710,4.947146,250.024
106740,4.947106,250.02100000000002
106770,4.947141,250.02200000000002
106800,4.947173,250.023
106830,4.947168,250.023
106860,4.947215,250.023
106890,4.947202,250.024
106920,4.947192,250.02200000000002
106950,4.94722,250.023
106980,4.947237,250.024
107010,4.947255,250.023
107040,4.947248,250.02200000000002
107070,4.947278,250.023
107100,4.947285,250.023
107130,4.947284,250.023
107160,4.947302,250.023
107190,4.947308,250.023
107220,4.94732,250.024
107250,4.947323,250.023
107280,4.947311,250.02200000000002
107310,4.947342,250.024
107340,4.947353,250.023
107370,4.947355,250.023
107400,4.947369,250.023
107430,4.947374,250.023
107460,4.947376,250.023
107490,4.947384,250.023
107520,4.947419,250.023
107550,4.947397,250.023
107580,4.947412,250.024
107610,4.947393,250.023
107640,4.947398,250.02100000000002
107670,4.947436,250.023
107700,2.000289,0.0059099999999999995
107730,2.020173,0.005979999999999999
107760,2.040079,0.006050000000000001
107790,2.060693,0.00617
107820,2.080593,0.00619
107850,2.100861,0.00619
107880,2.120744,0.00623
107910,2.140667,0.00627
107940,2.161288,0.00632
107970,2.181175,0.00639
108000,2.201103,0.00644
108030,2.221364,0.00649
108060,2.241262,0.00655
108090,2.261841,0.0065899999999999995
108120,2.281749,0.00665
108150,2.301665,0.00669
108180,2.321593,0.00672
108210,2.341831,0.00681
108240,2.362447,0.00685
108270,2.38236,0.006869999999999999
108300,2.402282,0.00698
108330,2.422195,0.0069299999999999995
108360,2.442417,0.00705
108390,2.462672,0.0071200000000000005
108420,2.482928,0.00715
108450,2.50284,0.007209999999999999
108480,2.522742,0.0072900000000000005
108510,2.54267,0.00733
108540,2.563267,0.0074199999999999995
108570,2.583179,0.00747
108600,2.603441,0.007510000000000001
108630,2.623315,0.007580000000000001
108660,2.643253,0.00769
108690,2.66386,0.00774
108720,2.683738,0.00778
108750,2.703668,0.00786
108780,2.723929,0.00797
108810,2.743873,0.00804
108840,2.764438,0.008119999999999999
108870,2.784338,0.00826
108900,2.804217,0.00834
108930,2.824494,0.008400000000000001
108960,2.844413,0.00852
108990,2.864984,0.00868
109020,2.884876,0.00878
109050,2.904797,0.00891
109080,2.924702,0.00909
109110,2.944957,0.00921
109140,2.965202,0.00939
109170,2.985448,0.00959
109200,3.005366,0.009770000000000001
109230,3.025283,0.01
109260,3.045183,0.0102
109290,3.065792,0.010499999999999999
109320,3.085688,0.0108
109350,3.105968,0.0111
109380,3.125849,0.0115
109410,3.145767,0.0119
109440,3.166354,0.012299999999999998
109470,3.186261,0.0128
109500,3.206161,0.0133
109530,3.226391,0.013900000000000001
109560,3.246324,0.0146
109590,3.266902,0.015399999999999999
109620,3.286811,0.0162
109650,3.306692,0.0171
109680,3.326957,0.0182
109710,3.346859,0.0193
109740,3.367456,0.0207
109770,3.387341,0.022099999999999998
109800,3.407187,0.0237
109830,3.42712,0.0256
109860,3.447373,0.0277
109890,3.467653,0.0301
109920,3.487888,0.0327
109950,3.507787,0.0357
109980,3.527673,0.039
110010,3.547589,0.0427
110040,3.568164,0.047099999999999996
110070,3.588075,0.0519
110100,3.608349,0.0574
110130,3.628255,0.0634
110160,3.648162,0.0703
110190,3.668735,0.0784
110220,3.688625,0.0872
110250,3.708912,0.0973
110280,3.728782,0.109
110310,3.749404,0.12200000000000001
110340,3.769354,0.136
110370,3.789263,0.153
110400,3.809162,0.171
110430,3.829414,0.193
110460,3.84966,0.217
110490,3.869934,0.245
110520,3.889815,0.275
110550,3.90971,0.31
110580,3.929669,0.35
110610,3.950253,0.397
110640,3.97018,0.448
110670,3.990424,0.507
110700,4.010358,0.573
110730,4.030256,0.648
110760,4.050859,0.737
110790,4.070782,0.834
110820,4.090699,0.945
110850,4.110825,1.0699999999999998
110880,4.130773,1.22
110910,4.151343,1.38
110940,4.171245,1.57
110970,4.191144,1.7799999999999998
111000,4.211451,2.0300000000000002
111030,4.231353,2.3
111060,4.251925,2.63
111090,4.271884,2.98
111120,4.291809,3.39
111150,4.31173,3.8600000000000003
111180,4.331972,4.390000000000001
111210,4.352235,5.010000000000001
111240,4.372491,5.71
111270,4.392433,6.5
111300,4.412355,7.390000000000001
111330,4.432297,8.42
111360,4.452886,9.62
111390,4.472686,10.9
111420,4.492944,12.5
111450,4.512837,14.2
111480,4.532765,16.2
111510,4.553348,18.5
111540,4.573283,21.1
111570,4.59354,24.1
111600,4.613446,27.5
111630,4.63338,31.3
111660,4.653979,35.800000000000004
111690,4.673914,40.800000000000004
111720,4.693812,46.5
111750,4.714055,53.1
111780,4.733978,60.5
111810,4.754624,69.2
111840,4.774506,78.80000000000001
111870,4.794408,89.8
111900,4.814355,102.269
111930,4.834402,116.444
111960,4.854654,132.91799999999998
111990,4.874888,151.643
112020,4.894786,172.589
112050,4.9147,196.398
112080,4.934673,223.423
112110,4.952124,250.024
112140,4.952169,250.023
112170,4.95216,250.023
112200,4.952227,250.023
112230,4.952259,250.024
112260,4.952276,250.024
112290,4.952269,250.02200000000002
112320,4.952316,250.024
112350,4.952309,250.02200000000002
112380,4.952368,250.024
112410,4.952384,250.024
112440,4.952382,250.024
112470,4.952379,250.023
112500,4.952452,250.024
112530,4.952415,250.02200000000002
112560,4.952474,250.023
112590,4.952486,250.025
112620,4.952492,250.024
112650,4.952507,250.024
112680,4.952526,250.024
112710,4.952531,250.023
112740,4.952552,250.024
112770,4.952551,250.023
112800,4.952572,250.024
112830,4.952589,250.024
112860,4.952595,250.023
112890,4.952625,250.023
112920,4.952592,250.02100000000002
112950,4.952615,250.02200000000002
112980,4.952685,250.024
113010,4.952675,250.024
113040,4.952652,250.02200000000002
113070,4.952703,250.023
113100,4.952719,250.025
113130,4.952692,250.023
113160,4.952729,250.023
113190,4.952729,250.024
113220,4.952728,250.02200000000002
113250,4.952775,250.023
113280,4.952786,250.023
113310,4.952752,250.02200000000002
113340,4.952791,250.024
113370,4.952785,250.024
113400,4.952823,250.024
113430,4.952828,250.023
113460,4.952834,250.024
113490,4.952844,250.024
113520,4.952849,250.02200000000002
113550,4.952857,250.02200000000002
113580,4.95287,250.023
113610,4.952888,250.023
113640,4.952896,250.023
113670,4.95288,250.023
